INFO [11-14|19:37:39.029] Maximum peer count                       ETH=50 total=50
INFO [11-14|19:37:39.031] Smartcard socket not found, disabling    err="stat /run/pcscd/pcscd.comm: no such file or directory"
INFO [11-14|19:37:39.033] Skipping Go's GC trigger sanitization    total=128,660
INFO [11-14|19:37:39.034] Set global gas cap                       cap=50,000,000
INFO [11-14|19:37:39.034] Initializing the KZG library             backend=gokzg
INFO [11-14|19:37:41.372] Using pebble as the backing database
INFO [11-14|19:37:41.372] Allocated cache and file handles         database=/home/alessio/Projects/bsc/bsc-data-minimal/geth/chaindata cache=204.00MiB handles=524,288
INFO [11-14|19:37:41.372] Allocated memory table size              database=/home/alessio/Projects/bsc/bsc-data-minimal/geth/chaindata "memory table"=17.00MiB
INFO [11-14|19:37:41.380] Opened ancient database                  database=/home/alessio/Projects/bsc/bsc-data-minimal/geth/chaindata/ancient/chain readonly=false tail=0 frozen=0 isIncr=false
INFO [11-14|19:37:41.380] Opened Era store                         datadir=/home/alessio/Projects/bsc/bsc-data-minimal/geth/chaindata/ancient/chain/era
INFO [11-14|19:37:41.381] State scheme set to already existing disk db scheme=path
INFO [11-14|19:37:41.381] Allocated memory caches                  state_scheme=path trie_clean_cache=76.00MiB trie_dirty_cache=128.00MiB snapshot_cache=102.00MiB
INFO [11-14|19:37:41.381] Parlia                                   chainConfig="{ChainID: 56, Engine: parlia, Homestead: 0 DAO: <nil> DAOSupport: false EIP150: 0 EIP155: 0 EIP158: 0 Byzantium: 0 Constantinople: 0 Petersburg: 0 Istanbul: 0, Muir Glacier: 0, Ramanujan: 0, Niels: 0, MirrorSync: 5184000, Bruno: 13082000, Berlin: 31302048, YOLO v3: <nil>, CatalystBlock: <nil>, London: 31302048, ArrowGlacier: <nil>, MergeFork:<nil>, Euler: 18907621, Gibbs: 23846001, Nano: 21962149, Moran: 22107423, Planck: 27281024,Luban: 29020050, Plato: 30720096, Hertz: 31302048, Hertzfix: 34140700, ShanghaiTime: 1705996800, KeplerTime: 1705996800, FeynmanTime: 1713419340, FeynmanFixTime: 1713419340, CancunTime: 1718863500, HaberTime: 1718863500, HaberFixTime: 1727316120, BohrTime: 1727317200, PascalTime: 1742436600, PragueTime: 1742436600, LorentzTime: 1745903100, MaxwellTime: 1751250600, FermiTime: <nil>}"
INFO [11-14|19:37:41.397] Initialising Ethereum protocol           network=56 dbversion=<nil>
INFO [11-14|19:37:41.398] New journal reader for journal kv
INFO [11-14|19:37:41.398] Failed to load journal, discard it       err="journal not found"
INFO [11-14|19:37:41.398] New journal reader for journal kv
WARN [11-14|19:37:41.398] Failed to load disk journal with node buffer, discard it err="journal not found"
INFO [11-14|19:37:41.400] Opened ancient database                  database=/home/alessio/Projects/bsc/bsc-data-minimal/geth/chaindata/ancient/state readonly=false tail=0 frozen=1 isIncr=false
INFO [11-14|19:37:41.401] Initialized path database                triecache=76.00MiB statecache=102.00MiB buffer=128.00MiB history="last 600000 blocks"
INFO [11-14|19:37:41.401] Initialised chain configuration          config="{ChainID: 56, Engine: parlia, Homestead: 0 DAO: <nil> DAOSupport: false EIP150: 0 EIP155: 0 EIP158: 0 Byzantium: 0 Constantinople: 0 Petersburg: 0 Istanbul: 0, Muir Glacier: 0, Ramanujan: 0, Niels: 0, MirrorSync: 5184000, Bruno: 13082000, Berlin: 31302048, YOLO v3: <nil>, CatalystBlock: <nil>, London: 31302048, ArrowGlacier: <nil>, MergeFork:<nil>, Euler: 18907621, Gibbs: 23846001, Nano: 21962149, Moran: 22107423, Planck: 27281024,Luban: 29020050, Plato: 30720096, Hertz: 31302048, Hertzfix: 34140700, ShanghaiTime: 1705996800, KeplerTime: 1705996800, FeynmanTime: 1713419340, FeynmanFixTime: 1713419340, CancunTime: 1718863500, HaberTime: 1718863500, HaberFixTime: 1727316120, BohrTime: 1727317200, PascalTime: 1742436600, PragueTime: 1742436600, LorentzTime: 1745903100, MaxwellTime: 1751250600, FermiTime: <nil>}"
INFO [11-14|19:37:41.401] Stored checkpoint snapshot to disk       number=0 hash=0d2184..d57b5b
INFO [11-14|19:37:41.402] Loaded most recent local block           number=0 hash=0d2184..d57b5b root=919fcc..03b422 td=1 age=5y7mo3w
INFO [11-14|19:37:41.402] Loaded most recent local finalized block number=0 hash=0d2184..d57b5b root=919fcc..03b422 td=1 age=5y7mo3w
INFO [11-14|19:37:41.402] Initialized transaction indexer          range="last 2350000 blocks"
INFO [11-14|19:37:41.416] Enabled snap sync                        head=0 hash=0d2184..d57b5b
INFO [11-14|19:37:41.416] Create votePool successfully
INFO [11-14|19:37:41.416] Gasprice oracle is ignoring threshold set threshold=4
WARN [11-14|19:37:41.416] Sanitizing invalid gasprice oracle max header history provided=0 updated=1
WARN [11-14|19:37:41.416] Sanitizing invalid gasprice oracle max block history provided=0 updated=1
INFO [11-14|19:37:41.416] Initializing BSC Imbalance Prediction Engine
INFO [11-14|19:37:41.416] Starting BSC Imbalance Predictor         cacheSize=1000 predictionWindow=3s updateInterval=1s
INFO [11-14|19:37:41.416] Imbalance Prediction Engine started successfully
INFO [11-14|19:37:41.418] Starting peer-to-peer node               instance=Geth/v1.6.3-42743f09-20251114/linux-amd64/go1.24.0
INFO [11-14|19:37:41.427] New local node record                    seq=1,763,145,461,426 id=3339b333518634b8 ip=127.0.0.1 udp=30303 tcp=30303
INFO [11-14|19:37:41.428] Started P2P networking                   self=enode://aa666ddb44cdfb5b9808fd5c6fc939baa8b2108cdfc6b05817dcd4491942874ed2c326819294e5d72ef39d3f0ff9f650d63956e1c32b4607f8451ef1c1e99c30@127.0.0.1:30303
INFO [11-14|19:37:41.429] IPC endpoint opened                      url=/home/alessio/Projects/bsc/bsc-data-minimal/geth.ipc
INFO [11-14|19:37:41.430] HTTP server started                      endpoint=127.0.0.1:8545 auth=false prefix= cors=* vhosts=*
INFO [11-14|19:37:41.430] WebSocket enabled                        url=ws://127.0.0.1:8546
INFO [11-14|19:37:41.431] Started log indexer
INFO [11-14|19:37:42.148] New local node record                    seq=1,763,145,461,427 id=3339b333518634b8 ip=37.27.65.57 udp=30303 tcp=30303
INFO [11-14|19:37:51.602] Looking for peers                        peercount=0 tried=12 static=0
INFO [11-14|19:38:02.539] Looking for peers                        peercount=0 tried=7  static=0
ERROR[11-14|19:38:12.471] Failed to get pool imbalance             pool=0x58F876857a02D6762E0101bb5C46A8c1ED44Dc16 error="pool state not in cache"
WARN [11-14|19:38:12.471] Served imbalance_getPoolImbalance        conn=127.0.0.1:33926 reqid=2 duration="77.134µs" err="pool state not found in cache: pool state not in cache" X-Forwarded-For=<nil>
ERROR[11-14|19:38:12.471] Failed to get pool imbalance             pool=0x16b9a82891338f9bA80E2D6970FddA79D1eb0daE error="pool state not in cache"
WARN [11-14|19:38:12.471] Served imbalance_getPoolImbalance        conn=127.0.0.1:33926 reqid=3 duration="25.071µs" err="pool state not found in cache: pool state not in cache" X-Forwarded-For=<nil>
ERROR[11-14|19:38:12.472] Failed to get pool imbalance             pool=0x7EFaEf62fDdCCa950418312c6C91Aef321375A00 error="pool state not in cache"
WARN [11-14|19:38:12.472] Served imbalance_getPoolImbalance        conn=127.0.0.1:33926 reqid=4 duration="64.88µs" err="pool state not found in cache: pool state not in cache" X-Forwarded-For=<nil>
ERROR[11-14|19:38:12.472] Failed to get pool imbalance             pool=0x0eD7e52944161450477ee417DE9Cd3a859b14fD0 error="pool state not in cache"
WARN [11-14|19:38:12.472] Served imbalance_getPoolImbalance        conn=127.0.0.1:33926 reqid=5 duration="20.16µs" err="pool state not found in cache: pool state not in cache" X-Forwarded-For=<nil>
ERROR[11-14|19:38:12.473] Failed to get pool imbalance             pool=0x1B96B92314C44b159149f7E0303511fB2Fc4774f error="pool state not in cache"
WARN [11-14|19:38:12.473] Served imbalance_getPoolImbalance        conn=127.0.0.1:33926 reqid=6 duration="65.851µs" err="pool state not found in cache: pool state not in cache" X-Forwarded-For=<nil>
INFO [11-14|19:38:13.589] Looking for peers                        peercount=0 tried=11 static=0
INFO [11-14|19:38:24.396] Looking for peers                        peercount=0 tried=10 static=0
INFO [11-14|19:38:24.875] Block synchronisation started
INFO [11-14|19:38:24.875] Disabled trie database due to state sync
WARN [11-14|19:38:24.875] Synchronisation failed, retrying         peer=a5a8434f237f5345ea1562590ba328d1bbcbee52a243f5e24a2a0ede056a6317 err="peer is unknown or unhealthy"
ERROR[11-14|19:38:34.876] Reject duplicated disable operation
WARN [11-14|19:38:34.953] Multiple headers for single request      peer=26a80013 headers=0
WARN [11-14|19:38:34.953] Synchronisation failed, dropping peer    peer=26a80013e9c2c55799fd062d80700722eebee27fc7de12a8460e150c475906f8 name=Geth/v1.6.3-90d4e8e8... td=135,802,415 err="action from bad peer ignored: multiple headers (0) for single request"
INFO [11-14|19:38:34.953] Looking for peers                        peercount=0 tried=16 static=0
ERROR[11-14|19:38:44.953] Reject duplicated disable operation
INFO [11-14|19:38:45.456] Looking for peers                        peercount=1 tried=5  static=0
WARN [11-14|19:38:46.033] Multiple headers for single request      peer=488c05cb headers=0
WARN [11-14|19:38:46.033] Synchronisation failed, dropping peer    peer=488c05cbb9ae567915d108631331d81e7f5e2499a119e59cf28a37c866ca1d7f name=Geth/v1.5.19/linux-a... td=135,802,443 err="action from bad peer ignored: multiple headers (0) for single request"
ERROR[11-14|19:38:56.033] Reject duplicated disable operation
INFO [11-14|19:38:56.425] Looking for peers                        peercount=1 tried=10 static=0
INFO [11-14|19:38:57.331] Wrote genesis to ancients
INFO [11-14|19:38:57.534] Syncing: chain download in progress      synced=0.00% chain=1.72KiB headers=1@996.00B bodies=1@601.00B receipts=1@167.00B eta=3925h16m1.452s
INFO [11-14|19:39:05.627] Syncing: chain download in progress      synced=0.06% chain=15.08MiB headers=43175@14.18MiB bodies=43175@535.72KiB receipts=43175@391.83KiB eta=3h38m22.528s
INFO [11-14|19:39:07.055] Looking for peers                        peercount=2 tried=9  static=0
INFO [11-14|19:39:14.033] Syncing: chain download in progress      synced=0.12% chain=28.85MiB headers=82209@27.00MiB bodies=82209@1.10MiB   receipts=82209@772.23KiB eta=3h50m41.717s
INFO [11-14|19:39:17.535] Looking for peers                        peercount=2 tried=11 static=0
INFO [11-14|19:39:24.445] Syncing: chain download in progress      synced=0.18% chain=43.66MiB headers=123,896@40.70MiB bodies=123,896@1.80MiB receipts=123,896@1.16MiB eta=4h8m18.995s
WARN [11-14|19:39:28.891] Pivot seemingly stale, moving            old=68,192,516 new=68,192,580
INFO [11-14|19:39:29.092] Syncing: state download in progress      synced=0.01% state=33.64MiB accounts=44192@9.30MiB slots=98226@20.84MiB codes=885@3.51MiB eta=110h48m4.214s
WARN [11-14|19:39:29.125] Unexpected account range packet          peer=5328b2a2 reqid=1,467,572,534,951,682,449
WARN [11-14|19:39:29.147] Unexpected bytecode packet               peer=5328b2a2 reqid=3,105,175,620,323,518,813
WARN [11-14|19:39:29.173] Unexpected storage ranges packet         peer=5328b2a2 reqid=3,361,805,160,558,812,523
INFO [11-14|19:39:32.479] Syncing: chain download in progress      synced=0.27% chain=68.47MiB headers=182,841@60.38MiB bodies=182,841@4.90MiB receipts=182,841@3.18MiB eta=3h37m55.348s
INFO [11-14|19:39:37.212] Syncing: state download in progress      synced=0.04% state=185.70MiB accounts=333,058@43.19MiB slots=571,383@119.91MiB codes=4211@22.60MiB eta=29h50m43.437s
INFO [11-14|19:39:40.603] Syncing: chain download in progress      synced=0.36% chain=93.10MiB headers=244,281@80.70MiB bodies=244,281@8.24MiB receipts=244,281@4.16MiB eta=3h20m37.720s
ERROR[11-14|19:39:42.101] Bsc extension Handshake failed           peer=f378f088 err=EOF
INFO [11-14|19:39:45.390] Syncing: state download in progress      synced=0.05% state=325.40MiB accounts=397,499@56.73MiB slots=1,088,635@238.62MiB codes=5411@30.05MiB eta=27h17m0.753s
INFO [11-14|19:39:48.873] Syncing: chain download in progress      synced=0.44% chain=117.56MiB headers=297,307@98.57MiB bodies=297,307@12.79MiB receipts=297,307@6.19MiB eta=3h16m11.478s
INFO [11-14|19:39:53.557] Syncing: state download in progress      synced=0.06% state=465.92MiB accounts=472,517@72.52MiB slots=1,656,475@358.12MiB codes=6216@35.29MiB eta=24h59m11.833s
INFO [11-14|19:39:56.892] Syncing: chain download in progress      synced=0.53% chain=152.25MiB headers=359,891@120.00MiB bodies=359,891@21.61MiB receipts=359,891@10.64MiB eta=3h7m6.920s
INFO [11-14|19:40:01.563] Syncing: state download in progress      synced=0.08% state=607.43MiB accounts=590,289@97.31MiB slots=2,177,519@466.65MiB codes=7473@43.48MiB eta=21h7m21.859s
INFO [11-14|19:40:06.349] Syncing: chain download in progress      synced=0.57% chain=168.08MiB headers=386,459@129.17MiB bodies=386,459@26.15MiB receipts=386,459@12.76MiB eta=3h21m50.376s
INFO [11-14|19:40:09.575] Syncing: state download in progress      synced=0.12% state=755.40MiB accounts=793,989@140.15MiB slots=2,604,800@559.05MiB codes=9352@56.19MiB eta=16h25m1.321s
INFO [11-14|19:40:17.612] Syncing: state download in progress      synced=0.16% state=1015.42MiB accounts=997,675@182.99MiB slots=3,586,123@763.57MiB codes=11263@68.85MiB eta=13h55m30.524s
INFO [11-14|19:40:22.211] Syncing: chain download in progress      synced=0.59% chain=189.66MiB headers=403,344@136.07MiB bodies=403,344@33.17MiB receipts=403,344@20.42MiB eta=3h57m46.380s
INFO [11-14|19:40:35.367] Syncing: chain download in progress      synced=0.60% chain=208.68MiB headers=412,122@140.24MiB bodies=412,122@39.83MiB receipts=412,122@28.61MiB eta=4h28m44.496s
WARN [11-14|19:40:38.671] Pivot seemingly stale, moving            old=68,192,580 new=68,192,644
INFO [11-14|19:40:39.246] Syncing: state download in progress      synced=0.17% state=1.11GiB    accounts=1,072,818@198.78MiB slots=4,078,630@869.27MiB codes=11962@73.46MiB eta=16h19m32.043s
INFO [11-14|19:40:39.549] Keeping suspended storage retrieval      account=200654..5bac68
INFO [11-14|19:40:47.279] Syncing: state download in progress      synced=0.18% state=1.33GiB    accounts=1,256,276@203.87MiB slots=5,104,055@1.06GiB   codes=12313@75.72MiB eta=17h13m58.516s
INFO [11-14|19:40:48.020] Syncing: chain download in progress      synced=0.63% chain=237.22MiB headers=430,220@148.01MiB bodies=430,220@50.64MiB receipts=430,220@38.57MiB eta=4h50m34.932s
INFO [11-14|19:40:55.309] Syncing: state download in progress      synced=0.18% state=1.58GiB    accounts=1,256,276@203.87MiB slots=6,332,239@1.31GiB   codes=12313@75.72MiB eta=18h18m3.023s
ERROR[11-14|19:40:55.865] Pending request exists for joining peer  peer=c4f3d0ff
INFO [11-14|19:40:56.463] Syncing: chain download in progress      synced=0.68% chain=325.92MiB headers=464,887@164.88MiB bodies=464,887@85.05MiB receipts=464,887@75.99MiB eta=4h49m16.592s
INFO [11-14|19:41:03.329] Syncing: state download in progress      synced=0.18% state=1.81GiB    accounts=1,256,276@203.87MiB slots=7,468,809@1.53GiB   codes=12313@75.72MiB eta=19h43m40.357s
INFO [11-14|19:41:04.532] Syncing: chain download in progress      synced=0.70% chain=408.33MiB headers=480,523@173.13MiB bodies=480,523@122.86MiB receipts=480,523@112.34MiB eta=4h58m44.955s
WARN [11-14|19:41:10.749] Pivot seemingly stale, moving            old=68,192,644 new=68,192,708
INFO [11-14|19:41:11.011] Syncing: state download in progress      synced=0.18% state=2.00GiB    accounts=1,256,276@203.87MiB slots=8,448,199@1.73GiB   codes=12313@75.72MiB eta=20h51m42.210s
INFO [11-14|19:41:12.846] Syncing: chain download in progress      synced=0.75% chain=491.20MiB headers=512,924@189.02MiB bodies=512,924@152.66MiB receipts=512,924@149.52MiB eta=4h58m1.608s
INFO [11-14|19:41:19.059] Syncing: state download in progress      synced=0.18% state=2.26GiB    accounts=1,427,749@203.95MiB slots=9,722,365@1.98GiB   codes=12316@75.73MiB eta=21h59m45.522s
INFO [11-14|19:41:20.959] Syncing: chain download in progress      synced=0.81% chain=549.14MiB headers=552,904@206.45MiB bodies=552,904@169.76MiB receipts=552,904@172.93MiB eta=4h52m51.333s
INFO [11-14|19:41:27.071] Syncing: state download in progress      synced=0.18% state=2.53GiB    accounts=1,427,749@203.95MiB slots=11,091,416@2.26GiB  codes=12316@75.73MiB eta=23h23m35.261s
INFO [11-14|19:41:29.371] Syncing: chain download in progress      synced=0.87% chain=616.20MiB headers=593,521@223.53MiB bodies=593,521@197.28MiB receipts=593,521@195.38MiB eta=4h48m37.086s
INFO [11-14|19:41:35.167] Syncing: state download in progress      synced=0.18% state=2.77GiB    accounts=1,427,749@203.95MiB slots=12,273,673@2.50GiB  codes=12316@75.73MiB eta=24h39m8.088s
INFO [11-14|19:41:37.517] Syncing: chain download in progress      synced=0.94% chain=666.09MiB headers=642,160@242.98MiB bodies=642,160@210.58MiB receipts=642,160@212.53MiB eta=4h40m50.889s
INFO [11-14|19:41:43.198] Syncing: state download in progress      synced=0.18% state=3.04GiB    accounts=1,427,749@203.95MiB slots=13,637,860@2.77GiB  codes=12316@75.73MiB eta=25h33m6.330s
INFO [11-14|19:41:45.786] Syncing: chain download in progress      synced=1.00% chain=715.87MiB headers=680,892@258.94MiB bodies=680,892@226.58MiB receipts=680,892@230.35MiB eta=4h38m23.030s
INFO [11-14|19:41:51.222] Syncing: state download in progress      synced=0.18% state=3.34GiB    accounts=1,427,749@203.95MiB slots=15,101,967@3.06GiB  codes=12316@75.73MiB eta=26h53m42.528s
INFO [11-14|19:41:54.915] Syncing: chain download in progress      synced=1.05% chain=769.34MiB headers=713,720@273.17MiB bodies=713,720@244.12MiB receipts=713,720@252.06MiB eta=4h39m50.121s
WARN [11-14|19:41:55.988] Pivot seemingly stale, moving            old=68,192,708 new=68,192,772
INFO [11-14|19:41:56.140] Syncing: state download in progress      synced=0.18% state=3.50GiB    accounts=1,459,913@210.71MiB slots=15,862,762@3.22GiB  codes=12573@77.41MiB eta=26h45m4.236s
WARN [11-14|19:41:56.192] Unexpected storage ranges packet         peer=5328b2a2 reqid=1,965,569,666,770,337,337
WARN [11-14|19:41:56.213] Unexpected storage ranges packet         peer=506bde5b reqid=7,770,028,045,875,368,135
WARN [11-14|19:41:56.286] Unexpected storage ranges packet         peer=335284f3 reqid=649,415,913,460,658,693
WARN [11-14|19:41:56.286] Unexpected bytecode packet               peer=335284f3 reqid=2,867,262,703,399,470,334
INFO [11-14|19:42:03.026] Syncing: chain download in progress      synced=1.11% chain=835.26MiB headers=754,311@291.36MiB bodies=754,311@264.26MiB receipts=754,311@279.64MiB eta=4h36m42.202s
INFO [11-14|19:42:04.197] Syncing: state download in progress      synced=0.22% state=3.71GiB    accounts=1,847,332@256.54MiB slots=16,602,496@3.37GiB  codes=14546@90.90MiB eta=23h18m22.319s
INFO [11-14|19:42:11.235] Syncing: chain download in progress      synced=1.15% chain=902.11MiB headers=784,246@305.68MiB bodies=784,246@286.14MiB receipts=784,246@310.29MiB eta=4h37m47.095s
INFO [11-14|19:42:12.210] Syncing: state download in progress      synced=0.25% state=3.99GiB    accounts=2,008,276@290.40MiB slots=17,681,470@3.61GiB  codes=16101@101.79MiB eta=21h11m19.092s
INFO [11-14|19:42:19.324] Syncing: chain download in progress      synced=1.20% chain=962.06MiB headers=819,498@321.71MiB bodies=819,498@304.16MiB receipts=819,498@336.19MiB eta=4h36m46.770s
INFO [11-14|19:42:20.245] Syncing: state download in progress      synced=0.28% state=4.25GiB    accounts=2,137,003@317.47MiB slots=18,728,421@3.84GiB  codes=17126@108.77MiB eta=20h9m56.101s
INFO [11-14|19:42:27.676] Syncing: chain download in progress      synced=1.26% chain=1.01GiB   headers=862,008@341.14MiB bodies=862,008@326.56MiB receipts=862,008@368.08MiB eta=4h33m50.255s
INFO [11-14|19:42:28.311] Syncing: state download in progress      synced=0.33% state=4.50GiB    accounts=2,415,630@376.09MiB slots=19,574,781@4.01GiB  codes=19520@125.44MiB eta=17h35m31.284s
INFO [11-14|19:42:35.725] Syncing: chain download in progress      synced=1.29% chain=1.06GiB   headers=881,620@350.95MiB bodies=881,620@345.79MiB receipts=881,620@392.93MiB eta=4h37m54.587s
INFO [11-14|19:42:36.384] Syncing: state download in progress      synced=0.39% state=4.76GiB    accounts=2,779,964@452.74MiB slots=20,374,834@4.18GiB  codes=22662@147.46MiB eta=15h6m1.974s
INFO [11-14|19:42:43.802] Syncing: chain download in progress      synced=1.33% chain=1.14GiB   headers=908,538@364.60MiB bodies=908,538@373.26MiB receipts=908,538@429.05MiB eta=4h39m32.210s
INFO [11-14|19:42:44.437] Syncing: state download in progress      synced=0.43% state=5.02GiB    accounts=2,983,682@495.59MiB slots=21,361,837@4.38GiB  codes=24754@161.99MiB eta=14h31m49.314s
WARN [11-14|19:42:45.212] Pivot seemingly stale, moving            old=68,192,772 new=68,192,836
INFO [11-14|19:42:45.270] Syncing: state download in progress      synced=0.43% state=5.04GiB    accounts=2,983,682@495.59MiB slots=21,476,388@4.40GiB  codes=24843@162.62MiB eta=14h35m51.513s
WARN [11-14|19:42:45.308] Unexpected storage ranges packet         peer=5328b2a2 reqid=8,516,117,764,839,238,005
WARN [11-14|19:42:45.539] Unexpected storage ranges packet         peer=335284f3 reqid=4,706,139,903,132,552,250
INFO [11-14|19:42:52.014] Syncing: chain download in progress      synced=1.38% chain=1.22GiB   headers=937,653@379.17MiB bodies=937,653@402.46MiB receipts=937,653@465.02MiB eta=4h40m33.434s
INFO [11-14|19:42:53.321] Syncing: state download in progress      synced=0.47% state=5.29GiB    accounts=3,358,390@538.63MiB slots=22,408,967@4.59GiB  codes=26491@175.01MiB eta=13h44m30.710s
INFO [11-14|19:43:01.019] Syncing: chain download in progress      synced=1.43% chain=1.31GiB   headers=974,734@397.35MiB bodies=974,734@434.25MiB receipts=974,734@506.47MiB eta=4h40m5.130s
INFO [11-14|19:43:01.420] Syncing: state download in progress      synced=0.51% state=5.55GiB    accounts=3,593,830@588.19MiB slots=23,418,250@4.80GiB  codes=28510@188.52MiB eta=13h13m5.855s
INFO [11-14|19:43:09.429] Syncing: state download in progress      synced=0.55% state=5.79GiB    accounts=3,819,187@635.58MiB slots=24,269,113@4.98GiB  codes=30392@202.27MiB eta=12h26m23.746s
INFO [11-14|19:43:11.435] Syncing: chain download in progress      synced=1.49% chain=1.40GiB   headers=1,017,563@417.84MiB bodies=1,017,563@465.08MiB receipts=1,017,563@546.61MiB eta=4h39m35.143s
INFO [11-14|19:43:17.472] Syncing: state download in progress      synced=0.58% state=6.06GiB    accounts=3,958,589@664.90MiB slots=25,329,926@5.21GiB  codes=31698@211.51MiB eta=12h26m38.072s
INFO [11-14|19:43:19.571] Syncing: chain download in progress      synced=1.55% chain=1.49GiB   headers=1,056,844@437.22MiB bodies=1,056,844@500.19MiB receipts=1,056,844@590.06MiB eta=4h37m39.057s
INFO [11-14|19:43:25.527] Syncing: state download in progress      synced=0.61% state=6.35GiB    accounts=4,119,331@698.72MiB slots=26,405,583@5.46GiB  codes=32684@218.76MiB eta=12h5m12.268s
INFO [11-14|19:43:27.824] Syncing: chain download in progress      synced=1.61% chain=1.58GiB   headers=1,095,844@456.05MiB bodies=1,095,844@531.07MiB receipts=1,095,844@628.14MiB eta=4h36m2.154s
WARN [11-14|19:43:33.434] Pivot seemingly stale, moving            old=68,192,836 new=68,192,900
INFO [11-14|19:43:33.593] Syncing: state download in progress      synced=0.65% state=6.62GiB    accounts=4,376,505@752.84MiB slots=27,346,811@5.65GiB  codes=35139@237.40MiB eta=11h23m0.911s
INFO [11-14|19:43:35.758] Syncing: state download in progress      synced=0.66% state=6.63GiB    accounts=4,397,925@757.35MiB slots=27,362,300@5.66GiB  codes=35146@237.44MiB eta=11h37m44.453s
INFO [11-14|19:43:35.970] Keeping suspended storage retrieval      account=400983..fd11ba
INFO [11-14|19:43:36.198] Keeping suspended storage retrieval      account=5002ff..0ac361
INFO [11-14|19:43:36.250] Syncing: chain download in progress      synced=1.64% chain=1.64GiB   headers=1,120,229@468.10MiB bodies=1,120,229@556.18MiB receipts=1,120,229@655.98MiB eta=4h38m20.290s
INFO [11-14|19:43:43.766] Syncing: state download in progress      synced=0.70% state=6.86GiB    accounts=4,752,985@800.51MiB slots=28,210,148@5.84GiB  codes=37020@250.86MiB eta=11h5m40.202s
INFO [11-14|19:43:44.413] Syncing: chain download in progress      synced=1.70% chain=1.74GiB   headers=1,157,019@486.64MiB bodies=1,157,019@597.70MiB receipts=1,157,019@702.23MiB eta=4h37m13.345s
INFO [11-14|19:43:51.784] Syncing: state download in progress      synced=0.73% state=7.12GiB    accounts=4,956,807@843.38MiB slots=29,187,157@6.04GiB  codes=38667@262.76MiB eta=10h55m32.435s
INFO [11-14|19:43:52.435] Syncing: chain download in progress      synced=1.74% chain=1.84GiB   headers=1,188,962@502.85MiB bodies=1,188,962@637.00MiB receipts=1,188,962@745.07MiB eta=4h37m10.779s
INFO [11-14|19:43:59.797] Syncing: state download in progress      synced=0.77% state=7.40GiB    accounts=5,171,253@888.49MiB slots=30,274,343@6.27GiB  codes=40267@274.09MiB eta=10h46m35.804s
INFO [11-14|19:44:01.598] Syncing: chain download in progress      synced=1.79% chain=1.93GiB   headers=1,222,283@519.67MiB bodies=1,222,283@672.66MiB receipts=1,222,283@787.93MiB eta=4h37m51.464s
INFO [11-14|19:44:07.828] Syncing: state download in progress      synced=0.81% state=7.68GiB    accounts=5,374,881@931.33MiB slots=31,315,210@6.49GiB  codes=42169@287.98MiB eta=10h22m55.066s
INFO [11-14|19:44:09.765] Syncing: chain download in progress      synced=1.85% chain=2.04GiB   headers=1,261,272@539.27MiB bodies=1,261,272@716.14MiB receipts=1,261,272@836.64MiB eta=4h36m20.102s
INFO [11-14|19:44:15.881] Syncing: state download in progress      synced=0.84% state=7.97GiB    accounts=5,557,097@969.68MiB slots=32,478,217@6.73GiB  codes=43667@299.02MiB eta=10h20m14.275s
WARN [11-14|19:44:16.625] Pivot seemingly stale, moving            old=68,192,900 new=68,192,964
INFO [11-14|19:44:16.746] Syncing: state download in progress      synced=0.84% state=8.00GiB    accounts=5,557,097@969.68MiB slots=32,670,464@6.76GiB  codes=43667@299.02MiB eta=10h23m5.807s
WARN [11-14|19:44:16.747] Unexpected storage ranges packet         peer=5328b2a2 reqid=8,726,446,047,638,613,040
WARN [11-14|19:44:16.799] Unexpected storage ranges packet         peer=506bde5b reqid=281,834,962,969,872,219
WARN [11-14|19:44:16.927] Unexpected storage ranges packet         peer=335284f3 reqid=4,841,271,085,311,406,568
INFO [11-14|19:44:18.146] Syncing: chain download in progress      synced=1.89% chain=2.12GiB   headers=1,289,739@553.56MiB bodies=1,289,739@746.25MiB receipts=1,289,739@872.84MiB eta=4h37m21.976s
INFO [11-14|19:44:24.844] Syncing: state download in progress      synced=0.84% state=8.32GiB    accounts=5,715,299@969.75MiB slots=34,330,386@7.08GiB  codes=43668@299.03MiB eta=10h30m4.822s
INFO [11-14|19:44:26.797] Syncing: chain download in progress      synced=1.94% chain=2.21GiB   headers=1,322,420@569.81MiB bodies=1,322,420@778.89MiB receipts=1,322,420@911.98MiB eta=4h37m40.261s
INFO [11-14|19:44:32.894] Syncing: state download in progress      synced=0.87% state=8.58GiB    accounts=5,877,465@1003.86MiB slots=35,379,946@7.30GiB  codes=44967@308.71MiB eta=10h27m31.380s
INFO [11-14|19:44:34.881] Syncing: chain download in progress      synced=2.00% chain=2.30GiB   headers=1,360,636@588.54MiB bodies=1,360,636@815.19MiB receipts=1,360,636@952.82MiB eta=4h36m20.098s
INFO [11-14|19:44:40.918] Syncing: state download in progress      synced=0.91% state=8.85GiB    accounts=6,070,224@1.02GiB    slots=36,436,667@7.52GiB  codes=46523@320.28MiB eta=10h22m17.145s
INFO [11-14|19:44:43.334] Syncing: chain download in progress      synced=2.03% chain=2.37GiB   headers=1,382,547@599.35MiB bodies=1,382,547@844.18MiB receipts=1,382,547@978.47MiB eta=4h38m40.509s
INFO [11-14|19:44:48.964] Syncing: state download in progress      synced=0.94% state=9.11GiB    accounts=6,252,512@1.06GiB    slots=37,434,021@7.73GiB  codes=47978@330.93MiB eta=10h0m25.454s
INFO [11-14|19:44:52.233] Syncing: chain download in progress      synced=2.07% chain=2.45GiB   headers=1,410,647@613.63MiB bodies=1,410,647@876.00MiB receipts=1,410,647@1015.91MiB eta=4h40m1.829s
INFO [11-14|19:44:57.022] Syncing: state download in progress      synced=0.98% state=9.39GiB    accounts=6,477,580@1.10GiB    slots=38,427,057@7.94GiB  codes=49914@345.55MiB eta=9h52m18.565s
INFO [11-14|19:45:00.245] Syncing: chain download in progress      synced=2.11% chain=2.54GiB   headers=1,439,100@628.44MiB bodies=1,439,100@912.15MiB receipts=1,439,100@1.03GiB    eta=4h40m34.256s
WARN [11-14|19:45:04.811] Pivot seemingly stale, moving            old=68,192,964 new=68,193,028
INFO [11-14|19:45:04.937] Syncing: state download in progress      synced=1.02% state=9.64GiB    accounts=6,702,336@1.15GiB    slots=39,412,182@8.14GiB  codes=51690@358.94MiB eta=9h43m55.531s
WARN [11-14|19:45:04.944] Unexpected storage ranges packet         peer=5328b2a2 reqid=931,199,636,421,567,138
WARN [11-14|19:45:05.018] Unexpected storage ranges packet         peer=506bde5b reqid=2,904,385,836,425,812,401
WARN [11-14|19:45:05.114] Unexpected storage ranges packet         peer=335284f3 reqid=116,572,438,282,714,755
INFO [11-14|19:45:08.445] Syncing: chain download in progress      synced=2.16% chain=2.64GiB   headers=1,472,835@645.82MiB bodies=1,472,835@950.51MiB receipts=1,472,835@1.08GiB    eta=4h40m11.820s
INFO [11-14|19:45:12.982] Syncing: state download in progress      synced=1.04% state=9.91GiB    accounts=6,959,473@1.17GiB    slots=40,612,623@8.38GiB  codes=52446@364.48MiB eta=9h49m39.086s
INFO [11-14|19:45:16.514] Syncing: chain download in progress      synced=2.21% chain=2.74GiB   headers=1,504,938@662.32MiB bodies=1,504,938@992.68MiB receipts=1,504,938@1.12GiB    eta=4h40m2.864s
INFO [11-14|19:45:20.991] Syncing: state download in progress      synced=1.06% state=10.19GiB   accounts=7,045,219@1.19GiB    slots=41,943,068@8.64GiB  codes=53122@369.57MiB eta=9h57m26.284s
INFO [11-14|19:45:24.693] Syncing: chain download in progress      synced=2.23% chain=2.79GiB   headers=1,517,996@669.34MiB bodies=1,517,996@1014.04MiB receipts=1,517,996@1.15GiB    eta=4h43m34.334s
INFO [11-14|19:45:29.025] Syncing: state download in progress      synced=1.10% state=10.45GiB   accounts=7,291,641@1.24GiB    slots=42,877,145@8.84GiB  codes=54972@383.34MiB eta=9h30m42.027s
INFO [11-14|19:45:32.889] Syncing: chain download in progress      synced=2.28% chain=2.90GiB   headers=1,556,090@688.74MiB bodies=1,556,090@1.03GiB    receipts=1,556,090@1.20GiB    eta=4h42m19.242s
INFO [11-14|19:45:37.090] Syncing: state download in progress      synced=1.14% state=10.73GiB   accounts=7,473,739@1.28GiB    slots=43,949,585@9.06GiB  codes=56613@395.47MiB eta=9h28m16.282s
INFO [11-14|19:45:41.013] Syncing: chain download in progress      synced=2.34% chain=3.00GiB   headers=1,594,051@707.91MiB bodies=1,594,051@1.07GiB    receipts=1,594,051@1.24GiB    eta=4h41m5.857s
WARN [11-14|19:45:43.599] Storage slots failed proof               peer=506bde5b reqid=8,615,515,907,302,179,093 err="invalid proof, want hash ebfab62ba447ee67b89da21c7fcd396e8438b6c73734b55f03560f53245e7f99, got f30c14c3f311188f684d1bf0dc672d9b28938aec336bdd12a69cc6e77c55fdf7"
ERROR[11-14|19:45:43.871] Bsc extension Handshake failed           peer=31f80012 err=EOF
INFO [11-14|19:45:45.136] Syncing: state download in progress      synced=1.17% state=10.94GiB   accounts=7,677,226@1.32GiB    slots=44,740,623@9.23GiB  codes=58181@407.28MiB eta=9h21m6.215s
INFO [11-14|19:45:49.072] Syncing: chain download in progress      synced=2.40% chain=3.12GiB   headers=1,638,045@729.97MiB bodies=1,638,045@1.11GiB    receipts=1,638,045@1.29GiB    eta=4h38m49.460s
WARN [11-14|19:45:53.044] Pivot seemingly stale, moving            old=68,193,028 new=68,193,092
INFO [11-14|19:45:53.192] Syncing: state download in progress      synced=1.22% state=11.19GiB   accounts=7,912,848@1.37GiB    slots=45,632,302@9.41GiB  codes=60006@420.70MiB eta=9h13m2.573s
INFO [11-14|19:45:53.427] Syncing: state download in progress      synced=1.22% state=11.19GiB   accounts=7,923,554@1.37GiB    slots=45,650,302@9.41GiB  codes=60066@421.20MiB eta=9h12m27.431s
WARN [11-14|19:45:53.458] Unexpected bytecode packet               peer=f2fa17f2 reqid=7,713,723,542,194,129,029
WARN [11-14|19:45:53.475] Unexpected storage ranges packet         peer=f2fa17f2 reqid=5,766,069,131,752,172,129
WARN [11-14|19:45:53.587] Unexpected storage ranges packet         peer=335284f3 reqid=6,257,870,756,873,119,679
WARN [11-14|19:45:53.644] Unexpected bytecode packet               peer=335284f3 reqid=8,906,550,407,208,986,668
INFO [11-14|19:45:57.178] Syncing: chain download in progress      synced=2.45% chain=3.22GiB   headers=1,671,363@746.76MiB bodies=1,671,363@1.15GiB    receipts=1,671,363@1.34GiB    eta=4h38m30.391s
INFO [11-14|19:46:01.436] Syncing: state download in progress      synced=1.25% state=11.45GiB   accounts=8,266,461@1.40GiB    slots=46,674,020@9.62GiB  codes=61790@434.03MiB eta=9h9m56.134s
INFO [11-14|19:46:05.414] Syncing: chain download in progress      synced=2.51% chain=3.33GiB   headers=1,710,221@766.78MiB bodies=1,710,221@1.20GiB    receipts=1,710,221@1.39GiB    eta=4h37m21.393s
INFO [11-14|19:46:09.465] Syncing: state download in progress      synced=1.28% state=11.70GiB   accounts=8,405,712@1.43GiB    slots=47,721,989@9.84GiB  codes=62619@440.38MiB eta=9h10m43.917s
INFO [11-14|19:46:13.649] Syncing: chain download in progress      synced=2.56% chain=3.43GiB   headers=1,743,733@783.72MiB bodies=1,743,733@1.23GiB    receipts=1,743,733@1.43GiB    eta=4h37m7.157s
INFO [11-14|19:46:17.473] Syncing: state download in progress      synced=1.33% state=11.95GiB   accounts=8,673,728@1.49GiB    slots=48,576,805@10.02GiB codes=65017@458.46MiB eta=9h1m26.647s
INFO [11-14|19:46:21.800] Syncing: chain download in progress      synced=2.61% chain=3.52GiB   headers=1,778,989@801.50MiB bodies=1,778,989@1.26GiB    receipts=1,778,989@1.48GiB    eta=4h36m33.297s
INFO [11-14|19:46:25.561] Syncing: state download in progress      synced=1.37% state=12.22GiB   accounts=8,941,603@1.54GiB    slots=49,489,342@10.21GiB codes=67216@475.50MiB eta=8h53m33.133s
INFO [11-14|19:46:29.901] Syncing: chain download in progress      synced=2.65% chain=3.59GiB   headers=1,805,583@814.75MiB bodies=1,805,583@1.29GiB    receipts=1,805,583@1.51GiB    eta=4h37m20.161s
INFO [11-14|19:46:33.589] Syncing: state download in progress      synced=1.39% state=12.48GiB   accounts=9,038,018@1.56GiB    slots=50,564,719@10.45GiB codes=67899@480.65MiB eta=8h57m48.899s
INFO [11-14|19:46:39.101] Syncing: chain download in progress      synced=2.70% chain=3.66GiB   headers=1,842,038@832.13MiB bodies=1,842,038@1.31GiB    receipts=1,842,038@1.54GiB    eta=4h37m13.280s
WARN [11-14|19:46:41.256] Pivot seemingly stale, moving            old=68,193,092 new=68,193,156
INFO [11-14|19:46:41.535] Syncing: state download in progress      synced=1.43% state=12.74GiB   accounts=9,252,062@1.61GiB    slots=51,545,662@10.66GiB codes=69606@492.90MiB eta=8h38m11.236s
WARN [11-14|19:46:41.569] Unexpected storage ranges packet         peer=f2fa17f2 reqid=5,626,054,293,374,366,759
WARN [11-14|19:46:41.624] Unexpected account range packet          peer=5328b2a2 reqid=3,693,558,388,242,958,428
WARN [11-14|19:46:41.632] Unexpected storage ranges packet         peer=5328b2a2 reqid=1,001,308,030,594,257,179
WARN [11-14|19:46:41.810] Unexpected storage ranges packet         peer=335284f3 reqid=5,299,049,869,521,728,986
INFO [11-14|19:46:47.776] Syncing: chain download in progress      synced=2.75% chain=3.74GiB   headers=1,876,397@848.62MiB bodies=1,876,397@1.34GiB    receipts=1,876,397@1.57GiB    eta=4h37m6.871s
INFO [11-14|19:46:49.555] Syncing: state download in progress      synced=1.46% state=12.98GiB   accounts=9,562,572@1.64GiB    slots=52,472,801@10.85GiB codes=71077@504.23MiB eta=8h36m59.871s
INFO [11-14|19:46:56.818] Syncing: chain download in progress      synced=2.79% chain=3.80GiB   headers=1,902,158@861.12MiB bodies=1,902,158@1.36GiB    receipts=1,902,158@1.60GiB    eta=4h38m30.435s
INFO [11-14|19:46:57.577] Syncing: state download in progress      synced=1.51% state=13.26GiB   accounts=9,821,097@1.69GiB    slots=53,478,346@11.06GiB codes=73022@518.98MiB eta=8h31m18.636s
INFO [11-14|19:47:05.644] Syncing: state download in progress      synced=1.52% state=13.56GiB   accounts=9,863,971@1.70GiB    slots=54,868,632@11.35GiB codes=73384@521.50MiB eta=8h40m16.765s
INFO [11-14|19:47:06.428] Syncing: chain download in progress      synced=2.84% chain=3.89GiB   headers=1,937,673@878.67MiB bodies=1,937,673@1.39GiB    receipts=1,937,673@1.63GiB    eta=4h38m43.943s
INFO [11-14|19:47:13.688] Syncing: state download in progress      synced=1.56% state=13.83GiB   accounts=10,131,836@1.76GiB   slots=55,804,748@11.54GiB codes=75558@537.98MiB eta=8h33m37.996s
INFO [11-14|19:47:14.479] Syncing: chain download in progress      synced=2.87% chain=3.93GiB   headers=1,955,532@887.34MiB bodies=1,955,532@1.41GiB    receipts=1,955,532@1.65GiB    eta=4h40m39.458s
INFO [11-14|19:47:21.692] Syncing: state download in progress      synced=1.60% state=14.13GiB   accounts=10,314,161@1.79GiB   slots=57,047,710@11.80GiB codes=76826@547.61MiB eta=8h33m35.701s
INFO [11-14|19:47:22.912] Syncing: chain download in progress      synced=2.93% chain=4.02GiB   headers=1,997,819@907.46MiB bodies=1,997,819@1.44GiB    receipts=1,997,819@1.69GiB    eta=4h39m11.921s
INFO [11-14|19:47:29.791] Syncing: state download in progress      synced=1.64% state=14.39GiB   accounts=10,517,840@1.84GiB   slots=58,071,852@12.01GiB codes=78275@558.49MiB eta=8h31m4.205s
WARN [11-14|19:47:30.440] Pivot seemingly stale, moving            old=68,193,156 new=68,193,220
INFO [11-14|19:47:30.796] Syncing: state download in progress      synced=1.64% state=14.42GiB   accounts=10,549,941@1.84GiB   slots=58,173,907@12.03GiB codes=78511@560.25MiB eta=8h30m15.153s
WARN [11-14|19:47:30.797] Unexpected bytecode packet               peer=5328b2a2 reqid=2,728,908,638,718,822,267
WARN [11-14|19:47:30.873] Unexpected account range packet          peer=f2fa17f2 reqid=4,839,421,273,331,820,635
WARN [11-14|19:47:30.879] Unexpected storage ranges packet         peer=f2fa17f2 reqid=6,612,490,891,405,524,131
WARN [11-14|19:47:30.906] Unexpected bytecode packet               peer=1b405956 reqid=5,386,213,417,023,647,401
WARN [11-14|19:47:31.011] Unexpected storage ranges packet         peer=f3bc06f0 reqid=7,919,547,605,473,444,978
WARN [11-14|19:47:31.015] Unexpected bytecode packet               peer=f3bc06f0 reqid=9,037,616,361,354,525,115
WARN [11-14|19:47:31.078] Unexpected storage ranges packet         peer=1b405956 reqid=1,975,323,574,517,354,080
INFO [11-14|19:47:31.253] Syncing: chain download in progress      synced=2.97% chain=4.09GiB   headers=2,028,571@922.38MiB bodies=2,028,571@1.47GiB    receipts=2,028,571@1.72GiB    eta=4h39m22.416s
INFO [11-14|19:47:38.808] Syncing: state download in progress      synced=1.69% state=14.68GiB   accounts=10,957,218@1.89GiB   slots=59,112,303@12.22GiB codes=80572@576.66MiB eta=8h25m28.277s
INFO [11-14|19:47:39.586] Syncing: chain download in progress      synced=3.02% chain=4.15GiB   headers=2,061,334@937.64MiB bodies=2,061,334@1.49GiB    receipts=2,061,334@1.75GiB    eta=4h39m15.108s
INFO [11-14|19:47:46.827] Syncing: state download in progress      synced=1.73% state=14.98GiB   accounts=11,182,453@1.94GiB   slots=60,244,810@12.46GiB codes=82239@589.54MiB eta=8h7m41.305s
INFO [11-14|19:47:48.208] Syncing: chain download in progress      synced=3.06% chain=4.21GiB   headers=2,088,883@950.70MiB bodies=2,088,883@1.51GiB    receipts=2,088,883@1.77GiB    eta=4h40m0.152s
INFO [11-14|19:47:54.835] Syncing: state download in progress      synced=1.75% state=15.30GiB   accounts=11,278,714@1.96GiB   slots=61,770,754@12.76GiB codes=83238@597.36MiB eta=8h13m15.902s
INFO [11-14|19:47:56.809] Syncing: chain download in progress      synced=3.10% chain=4.26GiB   headers=2,115,916@963.38MiB bodies=2,115,916@1.53GiB    receipts=2,115,916@1.79GiB    eta=4h40m47.267s
INFO [11-14|19:48:02.860] Syncing: state download in progress      synced=1.77% state=15.62GiB   accounts=11,428,734@1.99GiB   slots=63,146,770@13.03GiB codes=84436@606.64MiB eta=8h15m27.070s
INFO [11-14|19:48:04.966] Syncing: chain download in progress      synced=3.15% chain=4.32GiB   headers=2,147,132@978.17MiB bodies=2,147,132@1.55GiB    receipts=2,147,132@1.82GiB    eta=4h40m45.451s
INFO [11-14|19:48:10.960] Syncing: state download in progress      synced=1.80% state=15.92GiB   accounts=11,599,984@2.03GiB   slots=64,418,806@13.30GiB codes=85754@616.93MiB eta=8h16m17.619s
INFO [11-14|19:48:13.205] Syncing: chain download in progress      synced=3.19% chain=4.38GiB   headers=2,175,754@991.44MiB bodies=2,175,754@1.57GiB    receipts=2,175,754@1.84GiB    eta=4h41m6.604s
WARN [11-14|19:48:16.615] Pivot seemingly stale, moving            old=68,193,220 new=68,193,284
INFO [11-14|19:48:16.685] Syncing: state download in progress      synced=1.82% state=16.16GiB   accounts=11,664,281@2.04GiB   slots=65,483,438@13.52GiB codes=86278@621.03MiB eta=8h20m22.748s
WARN [11-14|19:48:16.721] Unexpected storage ranges packet         peer=1b405956 reqid=6,110,509,313,234,825,031
WARN [11-14|19:48:16.819] Unexpected storage ranges packet         peer=f3bc06f0 reqid=7,413,783,047,164,063,054
INFO [11-14|19:48:21.263] Syncing: chain download in progress      synced=3.25% chain=4.45GiB   headers=2,213,456@1008.84MiB bodies=2,213,456@1.59GiB    receipts=2,213,456@1.87GiB    eta=4h40m10.076s
INFO [11-14|19:48:24.754] Syncing: state download in progress      synced=1.86% state=16.42GiB   accounts=12,054,943@2.09GiB   slots=66,448,823@13.72GiB codes=87855@633.04MiB eta=8h16m49.342s
INFO [11-14|19:48:29.623] Syncing: chain download in progress      synced=3.28% chain=4.48GiB   headers=2,233,982@1018.16MiB bodies=2,233,982@1.60GiB    receipts=2,233,982@1.88GiB    eta=4h41m37.256s
INFO [11-14|19:48:32.754] Syncing: state download in progress      synced=1.90% state=16.71GiB   accounts=12,279,923@2.13GiB   slots=67,575,667@13.95GiB codes=89746@648.05MiB eta=8h14m34.836s
INFO [11-14|19:48:37.933] Syncing: chain download in progress      synced=3.33% chain=4.54GiB   headers=2,271,536@1.01GiB    bodies=2,271,536@1.62GiB    receipts=2,271,536@1.91GiB    eta=4h40m49.664s
INFO [11-14|19:48:40.789] Syncing: state download in progress      synced=1.96% state=16.99GiB   accounts=12,590,658@2.20GiB   slots=68,539,285@14.15GiB codes=91993@665.53MiB eta=8h7m58.923s
INFO [11-14|19:48:46.145] Syncing: chain download in progress      synced=3.38% chain=4.61GiB   headers=2,307,132@1.03GiB    bodies=2,307,132@1.65GiB    receipts=2,307,132@1.93GiB    eta=4h40m15.200s
INFO [11-14|19:48:48.804] Syncing: state download in progress      synced=2.00% state=17.30GiB   accounts=12,826,722@2.24GiB   slots=69,723,924@14.39GiB codes=94083@681.87MiB eta=7h50m24.400s
INFO [11-14|19:48:55.182] Syncing: chain download in progress      synced=3.42% chain=4.66GiB   headers=2,334,197@1.04GiB    bodies=2,334,197@1.66GiB    receipts=2,334,197@1.96GiB    eta=4h41m8.422s
INFO [11-14|19:48:56.852] Syncing: state download in progress      synced=2.03% state=17.52GiB   accounts=13,008,753@2.28GiB   slots=70,536,467@14.56GiB codes=95512@692.90MiB eta=7h48m20.290s
INFO [11-14|19:49:03.220] Syncing: chain download in progress      synced=3.47% chain=4.73GiB   headers=2,365,482@1.05GiB    bodies=2,365,482@1.69GiB    receipts=2,365,482@1.99GiB    eta=4h41m1.067s
WARN [11-14|19:49:03.823] Pivot seemingly stale, moving            old=68,193,284 new=68,193,348
INFO [11-14|19:49:03.873] Syncing: state download in progress      synced=2.07% state=17.76GiB   accounts=13,212,339@2.32GiB   slots=71,415,384@14.75GiB codes=97097@705.08MiB eta=7h46m2.167s
WARN [11-14|19:49:03.903] Unexpected storage ranges packet         peer=f2fa17f2 reqid=1,537,742,990,520,984,261
WARN [11-14|19:49:03.910] Unexpected storage ranges packet         peer=1b405956 reqid=5,309,636,370,796,611,126
WARN [11-14|19:49:03.970] Unexpected storage ranges packet         peer=5328b2a2 reqid=2,663,321,380,897,790,260
WARN [11-14|19:49:04.238] Unexpected storage ranges packet         peer=f3bc06f0 reqid=6,105,151,144,636,582,845
INFO [11-14|19:49:11.447] Syncing: chain download in progress      synced=3.52% chain=4.80GiB   headers=2,398,930@1.07GiB    bodies=2,398,930@1.72GiB    receipts=2,398,930@2.01GiB    eta=4h40m43.173s
INFO [11-14|19:49:11.973] Syncing: state download in progress      synced=2.11% state=18.01GiB   accounts=13,630,080@2.37GiB   slots=72,353,502@14.94GiB codes=98772@717.72MiB eta=7h42m25.286s
INFO [11-14|19:49:19.711] Syncing: chain download in progress      synced=3.56% chain=4.86GiB   headers=2,427,094@1.08GiB    bodies=2,427,094@1.74GiB    receipts=2,427,094@2.04GiB    eta=4h41m4.506s
INFO [11-14|19:49:19.974] Syncing: state download in progress      synced=2.15% state=18.31GiB   accounts=13,822,911@2.41GiB   slots=73,570,272@15.18GiB codes=100,560@731.57MiB eta=7h42m18.257s
INFO [11-14|19:49:27.775] Syncing: chain download in progress      synced=3.62% chain=4.94GiB   headers=2,470,225@1.10GiB    bodies=2,470,225@1.76GiB    receipts=2,470,225@2.07GiB    eta=4h39m33.789s
INFO [11-14|19:49:28.011] Syncing: state download in progress      synced=2.19% state=18.60GiB   accounts=14,047,841@2.46GiB   slots=74,672,119@15.41GiB codes=102,173@744.23MiB eta=7h40m34.888s
INFO [11-14|19:49:36.018] Syncing: state download in progress      synced=2.24% state=18.89GiB   accounts=14,326,146@2.52GiB   slots=75,727,521@15.63GiB codes=104,249@760.29MiB eta=7h36m56.945s
INFO [11-14|19:49:36.019] Syncing: chain download in progress      synced=3.64% chain=4.96GiB   headers=2,483,329@1.11GiB    bodies=2,483,329@1.77GiB    receipts=2,483,329@2.08GiB    eta=4h41m40.091s
INFO [11-14|19:49:44.082] Syncing: chain download in progress      synced=3.70% chain=5.04GiB   headers=2,520,050@1.12GiB    bodies=2,520,050@1.80GiB    receipts=2,520,050@2.11GiB    eta=4h40m54.657s
INFO [11-14|19:49:44.092] Syncing: state download in progress      synced=2.29% state=19.19GiB   accounts=14,583,708@2.57GiB   slots=76,826,668@15.86GiB codes=106,341@776.25MiB eta=7h34m26.801s
INFO [11-14|19:49:52.106] Syncing: chain download in progress      synced=3.73% chain=5.10GiB   headers=2,544,685@1.14GiB    bodies=2,544,685@1.82GiB    receipts=2,544,685@2.14GiB    eta=4h41m32.188s
INFO [11-14|19:49:52.184] Syncing: state download in progress      synced=2.33% state=19.47GiB   accounts=14,830,298@2.62GiB   slots=77,878,089@16.08GiB codes=108,144@790.22MiB eta=7h32m4.030s
WARN [11-14|19:49:57.035] Pivot seemingly stale, moving            old=68,193,348 new=68,193,412
INFO [11-14|19:49:57.307] Syncing: state download in progress      synced=2.36% state=19.65GiB   accounts=14,991,143@2.65GiB   slots=78,490,162@16.21GiB codes=109,506@800.70MiB eta=7h30m15.330s
WARN [11-14|19:49:57.348] Unexpected storage ranges packet         peer=5328b2a2 reqid=588,514,448,674,725,169
WARN [11-14|19:49:57.350] Unexpected storage ranges packet         peer=f3bc06f0 reqid=357,942,498,944,570,122
WARN [11-14|19:49:57.571] Unexpected storage ranges packet         peer=1b405956 reqid=9,162,063,457,801,076,649
WARN [11-14|19:49:58.317] Unexpected bytecode packet               peer=f3bc06f0 reqid=3,571,439,927,236,690,665
INFO [11-14|19:50:00.823] Syncing: chain download in progress      synced=3.78% chain=5.17GiB   headers=2,576,113@1.15GiB    bodies=2,576,113@1.85GiB    receipts=2,576,113@2.17GiB    eta=4h41m40.194s
INFO [11-14|19:50:05.341] Syncing: state download in progress      synced=2.40% state=19.89GiB   accounts=15,388,014@2.70GiB   slots=79,401,776@16.40GiB codes=111,029@812.21MiB eta=7h27m48.630s
INFO [11-14|19:50:09.124] Syncing: chain download in progress      synced=3.83% chain=5.24GiB   headers=2,608,590@1.17GiB    bodies=2,608,590@1.88GiB    receipts=2,608,590@2.20GiB    eta=4h41m30.190s
INFO [11-14|19:50:13.347] Syncing: state download in progress      synced=2.44% state=20.17GiB   accounts=15,591,714@2.74GiB   slots=80,498,033@16.62GiB codes=112,803@825.74MiB eta=7h27m0.706s
INFO [11-14|19:50:17.298] Syncing: chain download in progress      synced=3.88% chain=5.34GiB   headers=2,645,478@1.18GiB    bodies=2,645,478@1.92GiB    receipts=2,645,478@2.24GiB    eta=4h40m47.851s
INFO [11-14|19:50:21.367] Syncing: state download in progress      synced=2.47% state=20.46GiB   accounts=15,763,155@2.78GiB   slots=81,682,679@16.86GiB codes=113,991@834.90MiB eta=7h27m31.205s
INFO [11-14|19:50:25.558] Syncing: chain download in progress      synced=3.92% chain=5.42GiB   headers=2,675,324@1.20GiB    bodies=2,675,324@1.95GiB    receipts=2,675,324@2.27GiB    eta=4h40m54.593s
INFO [11-14|19:50:29.482] Syncing: state download in progress      synced=2.51% state=20.73GiB   accounts=15,977,357@2.82GiB   slots=82,739,497@17.08GiB codes=115,724@848.41MiB eta=7h26m18.820s
INFO [11-14|19:50:33.774] Syncing: chain download in progress      synced=3.97% chain=5.50GiB   headers=2,710,171@1.22GiB    bodies=2,710,171@1.99GiB    receipts=2,710,171@2.30GiB    eta=4h40m27.555s
INFO [11-14|19:50:37.528] Syncing: state download in progress      synced=2.53% state=21.03GiB   accounts=16,095,237@2.85GiB   slots=84,077,815@17.35GiB codes=116,620@855.43MiB eta=7h28m50.225s
WARN [11-14|19:50:41.234] Pivot seemingly stale, moving            old=68,193,412 new=68,193,476
INFO [11-14|19:50:41.484] Syncing: state download in progress      synced=2.55% state=21.16GiB   accounts=16,191,542@2.87GiB   slots=84,582,258@17.45GiB codes=117,402@861.47MiB eta=7h28m22.484s
WARN [11-14|19:50:41.486] Unexpected storage ranges packet         peer=f3bc06f0 reqid=5,776,152,970,154,496,135
WARN [11-14|19:50:41.519] Unexpected storage ranges packet         peer=5328b2a2 reqid=2,520,427,170,809,111,857
WARN [11-14|19:50:41.520] Unexpected bytecode packet               peer=5328b2a2 reqid=4,024,624,266,554,486,592
WARN [11-14|19:50:41.677] Unexpected storage ranges packet         peer=1b405956 reqid=8,879,966,090,932,868,697
INFO [11-14|19:50:41.962] Syncing: chain download in progress      synced=4.02% chain=5.58GiB   headers=2,742,089@1.23GiB    bodies=2,742,089@2.02GiB    receipts=2,742,089@2.33GiB    eta=4h40m19.042s
INFO [11-14|19:50:49.547] Syncing: state download in progress      synced=2.58% state=21.41GiB   accounts=16,534,374@2.90GiB   slots=85,560,434@17.66GiB codes=118,676@871.38MiB eta=7h27m58.851s
INFO [11-14|19:50:52.415] Syncing: chain download in progress      synced=4.06% chain=5.66GiB   headers=2,771,820@1.25GiB    bodies=2,771,820@2.05GiB    receipts=2,771,820@2.36GiB    eta=4h41m17.805s
INFO [11-14|19:50:57.608] Syncing: state download in progress      synced=2.61% state=21.74GiB   accounts=16,673,838@2.93GiB   slots=86,949,651@17.95GiB codes=119,717@879.44MiB eta=7h15m29.337s
INFO [11-14|19:51:00.681] Syncing: chain download in progress      synced=4.09% chain=5.73GiB   headers=2,792,185@1.26GiB    bodies=2,792,185@2.08GiB    receipts=2,792,185@2.39GiB    eta=4h42m23.054s
INFO [11-14|19:51:05.623] Syncing: state download in progress      synced=2.65% state=22.05GiB   accounts=16,888,224@2.97GiB   slots=88,089,453@18.20GiB codes=121,400@892.72MiB eta=7h14m53.575s
INFO [11-14|19:51:09.000] Syncing: chain download in progress      synced=4.14% chain=5.82GiB   headers=2,824,398@1.27GiB    bodies=2,824,398@2.12GiB    receipts=2,824,398@2.43GiB    eta=4h42m14.121s
INFO [11-14|19:51:13.646] Syncing: state download in progress      synced=2.68% state=22.34GiB   accounts=17,049,055@3.01GiB   slots=89,260,988@18.45GiB codes=122,660@902.19MiB eta=7h15m46.416s
INFO [11-14|19:51:17.012] Syncing: chain download in progress      synced=4.17% chain=5.87GiB   headers=2,842,584@1.28GiB    bodies=2,842,584@2.14GiB    receipts=2,842,584@2.45GiB    eta=4h43m25.347s
INFO [11-14|19:51:21.669] Syncing: state download in progress      synced=2.71% state=22.59GiB   accounts=17,209,965@3.04GiB   slots=90,227,009@18.66GiB codes=123,829@911.57MiB eta=7h15m47.652s
INFO [11-14|19:51:25.093] Syncing: chain download in progress      synced=4.21% chain=5.95GiB   headers=2,873,584@1.30GiB    bodies=2,873,584@2.17GiB    receipts=2,873,584@2.48GiB    eta=4h43m17.542s
WARN [11-14|19:51:27.398] Pivot seemingly stale, moving            old=68,193,476 new=68,193,540
INFO [11-14|19:51:27.491] Syncing: state download in progress      synced=2.74% state=22.77GiB   accounts=17,370,836@3.07GiB   slots=90,845,948@18.79GiB codes=125,172@921.94MiB eta=7h14m16.841s
WARN [11-14|19:51:27.535] Unexpected storage ranges packet         peer=f2fa17f2 reqid=1,813,116,305,085,474,688
WARN [11-14|19:51:27.591] Unexpected storage ranges packet         peer=1b405956 reqid=6,665,094,617,995,565,913
WARN [11-14|19:51:28.161] Unexpected storage ranges packet         peer=f3bc06f0 reqid=9,170,183,291,521,406,715
INFO [11-14|19:51:33.337] Syncing: chain download in progress      synced=4.28% chain=6.05GiB   headers=2,916,866@1.32GiB    bodies=2,916,866@2.21GiB    receipts=2,916,866@2.53GiB    eta=4h41m58.734s
INFO [11-14|19:51:35.549] Syncing: state download in progress      synced=2.78% state=23.03GiB   accounts=17,779,304@3.12GiB   slots=91,813,863@18.99GiB codes=126,902@935.55MiB eta=7h11m56.708s
INFO [11-14|19:51:41.353] Syncing: chain download in progress      synced=4.32% chain=6.13GiB   headers=2,948,149@1.33GiB    bodies=2,948,149@2.24GiB    receipts=2,948,149@2.56GiB    eta=4h41m48.604s
INFO [11-14|19:51:43.612] Syncing: state download in progress      synced=2.83% state=23.33GiB   accounts=18,036,661@3.18GiB   slots=92,942,909@19.22GiB codes=128,889@950.83MiB eta=7h10m5.346s
INFO [11-14|19:51:49.554] Syncing: chain download in progress      synced=4.36% chain=6.19GiB   headers=2,973,801@1.34GiB    bodies=2,973,801@2.26GiB    receipts=2,973,801@2.58GiB    eta=4h42m16.000s
INFO [11-14|19:51:51.613] Syncing: state download in progress      synced=2.86% state=23.62GiB   accounts=18,229,740@3.22GiB   slots=94,080,018@19.46GiB codes=130,460@962.42MiB eta=7h9m51.024s
INFO [11-14|19:51:58.464] Syncing: chain download in progress      synced=4.41% chain=6.28GiB   headers=3,009,169@1.36GiB    bodies=3,009,169@2.30GiB    receipts=3,009,169@2.62GiB    eta=4h42m0.884s
INFO [11-14|19:51:59.618] Syncing: state download in progress      synced=2.89% state=23.89GiB   accounts=18,358,341@3.24GiB   slots=95,217,775@19.70GiB codes=131,460@970.04MiB eta=7h11m11.541s
INFO [11-14|19:52:06.560] Syncing: chain download in progress      synced=4.46% chain=6.36GiB   headers=3,039,091@1.37GiB    bodies=3,039,091@2.34GiB    receipts=3,039,091@2.65GiB    eta=4h42m0.219s
INFO [11-14|19:52:07.624] Syncing: state download in progress      synced=2.93% state=24.18GiB   accounts=18,594,182@3.29GiB   slots=96,273,217@19.92GiB codes=133,130@983.08MiB eta=7h9m46.256s
INFO [11-14|19:52:14.624] Syncing: chain download in progress      synced=4.51% chain=6.44GiB   headers=3,076,321@1.39GiB    bodies=3,076,321@2.37GiB    receipts=3,076,321@2.68GiB    eta=4h41m16.559s
WARN [11-14|19:52:15.612] Pivot seemingly stale, moving            old=68,193,540 new=68,193,604
INFO [11-14|19:52:15.669] Syncing: state download in progress      synced=2.97% state=24.48GiB   accounts=18,808,662@3.33GiB   slots=97,451,311@20.17GiB codes=134,996@997.66MiB eta=7h9m12.239s
INFO [11-14|19:52:15.826] Syncing: state download in progress      synced=2.97% state=24.48GiB   accounts=18,808,662@3.33GiB   slots=97,472,609@20.17GiB codes=134,996@997.66MiB eta=7h9m17.039s
WARN [11-14|19:52:15.827] Unexpected storage ranges packet         peer=f2fa17f2 reqid=7,317,344,444,528,772,321
WARN [11-14|19:52:15.869] Unexpected storage ranges packet         peer=1b405956 reqid=7,133,327,553,724,112,641
WARN [11-14|19:52:16.186] Unexpected storage ranges packet         peer=f3bc06f0 reqid=569,682,974,380,076,004
INFO [11-14|19:52:22.759] Syncing: chain download in progress      synced=4.56% chain=6.51GiB   headers=3,109,200@1.41GiB    bodies=3,109,200@2.39GiB    receipts=3,109,200@2.71GiB    eta=4h40m59.984s
INFO [11-14|19:52:23.846] Syncing: state download in progress      synced=3.02% state=24.74GiB   accounts=19,237,350@3.39GiB   slots=98,428,241@20.37GiB codes=136,778@1011.37MiB eta=7h6m57.405s
INFO [11-14|19:52:31.214] Syncing: chain download in progress      synced=4.60% chain=6.56GiB   headers=3,134,142@1.42GiB    bodies=3,134,142@2.41GiB    receipts=3,134,142@2.73GiB    eta=4h41m34.901s
INFO [11-14|19:52:31.925] Syncing: state download in progress      synced=3.04% state=25.04GiB   accounts=19,355,394@3.41GiB   slots=99,756,550@20.64GiB codes=137,687@1018.46MiB eta=7h8m58.259s
INFO [11-14|19:52:39.949] Syncing: state download in progress      synced=3.07% state=25.32GiB   accounts=19,516,266@3.45GiB   slots=100,947,013@20.87GiB codes=139,066@1.01GiB    eta=7h9m30.298s
INFO [11-14|19:52:41.557] Syncing: chain download in progress      synced=4.64% chain=6.62GiB   headers=3,161,369@1.43GiB    bodies=3,161,369@2.44GiB    receipts=3,161,369@2.75GiB    eta=4h42m35.139s
INFO [11-14|19:52:47.969] Syncing: state download in progress      synced=3.11% state=25.61GiB   accounts=19,730,483@3.49GiB   slots=102,124,394@21.11GiB codes=140,532@1.02GiB    eta=7h8m46.769s
INFO [11-14|19:52:49.843] Syncing: chain download in progress      synced=4.68% chain=6.69GiB   headers=3,194,119@1.45GiB    bodies=3,194,119@2.46GiB    receipts=3,194,119@2.78GiB    eta=4h42m21.465s
INFO [11-14|19:52:56.055] Syncing: state download in progress      synced=3.14% state=25.91GiB   accounts=19,891,174@3.52GiB   slots=103,418,042@21.36GiB codes=141,732@1.03GiB    eta=7h9m33.624s
INFO [11-14|19:52:58.017] Syncing: chain download in progress      synced=4.72% chain=6.76GiB   headers=3,220,509@1.46GiB    bodies=3,220,509@2.49GiB    receipts=3,220,509@2.81GiB    eta=4h42m40.706s
INFO [11-14|19:53:04.117] Syncing: state download in progress      synced=3.16% state=26.20GiB   accounts=20,041,237@3.55GiB   slots=104,660,746@21.62GiB codes=142,945@1.03GiB    eta=7h10m34.246s
INFO [11-14|19:53:06.248] Syncing: chain download in progress      synced=4.76% chain=6.85GiB   headers=3,247,280@1.47GiB    bodies=3,247,280@2.53GiB    receipts=3,247,280@2.85GiB    eta=4h42m58.592s
WARN [11-14|19:53:06.818] Pivot seemingly stale, moving            old=68,193,604 new=68,193,668
INFO [11-14|19:53:07.085] Syncing: state download in progress      synced=3.18% state=26.31GiB   accounts=20,116,204@3.57GiB   slots=105,084,547@21.70GiB codes=143,527@1.04GiB    eta=7h10m25.575s
WARN [11-14|19:53:07.101] Unexpected storage ranges packet         peer=f2fa17f2 reqid=1,574,422,619,341,128,770
WARN [11-14|19:53:07.141] Unexpected bytecode packet               peer=f3bc06f0 reqid=4,267,121,314,118,584,142
WARN [11-14|19:53:07.142] Unexpected storage ranges packet         peer=5328b2a2 reqid=8,658,664,987,593,207,600
WARN [11-14|19:53:07.142] Unexpected bytecode packet               peer=5328b2a2 reqid=6,176,938,963,095,781,749
WARN [11-14|19:53:07.236] Unexpected storage ranges packet         peer=f3bc06f0 reqid=8,610,476,961,949,282,109
WARN [11-14|19:53:08.422] Unexpected storage ranges packet         peer=1b405956 reqid=1,870,356,904,700,815,559
INFO [11-14|19:53:14.257] Syncing: chain download in progress      synced=4.81% chain=6.93GiB   headers=3,278,164@1.49GiB    bodies=3,278,164@2.56GiB    receipts=3,278,164@2.88GiB    eta=4h42m49.237s
INFO [11-14|19:53:15.113] Syncing: state download in progress      synced=3.22% state=26.56GiB   accounts=20,502,247@3.61GiB   slots=105,994,985@21.89GiB codes=145,250@1.05GiB    eta=7h8m50.103s
INFO [11-14|19:53:22.325] Syncing: chain download in progress      synced=4.83% chain=7.01GiB   headers=3,294,038@1.50GiB    bodies=3,294,038@2.60GiB    receipts=3,294,038@2.91GiB    eta=4h44m2.318s
INFO [11-14|19:53:23.162] Syncing: state download in progress      synced=3.23% state=26.84GiB   accounts=20,577,174@3.63GiB   slots=107,128,875@22.15GiB codes=145,869@1.06GiB    eta=7h11m27.166s
ERROR[11-14|19:53:26.906] Pending request exists for joining peer  peer=6abcfc58
ERROR[11-14|19:53:27.323] Pending request exists for joining peer  peer=6ab89188
INFO [11-14|19:53:31.248] Syncing: state download in progress      synced=3.26% state=27.09GiB   accounts=20,727,052@3.66GiB   slots=108,106,228@22.36GiB codes=146,971@1.07GiB    eta=7h11m45.159s
INFO [11-14|19:53:31.942] Syncing: chain download in progress      synced=4.87% chain=7.13GiB   headers=3,322,083@1.51GiB    bodies=3,322,083@2.66GiB    receipts=3,322,083@2.96GiB    eta=4h44m38.936s
INFO [11-14|19:53:39.260] Syncing: state download in progress      synced=3.27% state=27.35GiB   accounts=20,802,060@3.68GiB   slots=109,237,526@22.60GiB codes=147,443@1.07GiB    eta=7h13m59.875s
INFO [11-14|19:53:40.317] Syncing: chain download in progress      synced=4.92% chain=7.30GiB   headers=3,353,938@1.53GiB    bodies=3,353,938@2.75GiB    receipts=3,353,938@3.02GiB    eta=4h44m30.290s
INFO [11-14|19:53:47.279] Syncing: state download in progress      synced=3.31% state=27.59GiB   accounts=21,005,541@3.72GiB   slots=110,176,201@22.79GiB codes=148,857@1.08GiB    eta=7h12m44.864s
INFO [11-14|19:53:48.442] Syncing: chain download in progress      synced=4.96% chain=7.45GiB   headers=3,384,046@1.54GiB    bodies=3,384,046@2.83GiB    receipts=3,384,046@3.07GiB    eta=4h44m26.188s
WARN [11-14|19:53:52.000] Pivot seemingly stale, moving            old=68,193,668 new=68,193,732
INFO [11-14|19:53:52.160] Syncing: state download in progress      synced=3.33% state=27.74GiB   accounts=21,134,267@3.74GiB   slots=110,721,141@22.91GiB codes=149,863@1.09GiB    eta=7h11m55.013s
WARN [11-14|19:53:52.210] Unexpected account range packet          peer=f2fa17f2 reqid=8,152,414,378,560,818,676
WARN [11-14|19:53:52.219] Unexpected storage ranges packet         peer=f2fa17f2 reqid=6,165,075,974,377,084,950
WARN [11-14|19:53:52.233] Unexpected storage ranges packet         peer=5328b2a2 reqid=9,220,036,664,084,884,050
INFO [11-14|19:53:56.863] Syncing: chain download in progress      synced=5.02% chain=7.60GiB   headers=3,421,421@1.56GiB    bodies=3,421,421@2.91GiB    receipts=3,421,421@3.13GiB    eta=4h43m49.482s
INFO [11-14|19:54:00.219] Syncing: state download in progress      synced=3.34% state=27.98GiB   accounts=21,337,895@3.75GiB   slots=111,825,599@23.13GiB codes=150,330@1.09GiB    eta=7h14m31.358s
INFO [11-14|19:54:04.990] Syncing: chain download in progress      synced=5.05% chain=7.70GiB   headers=3,447,112@1.58GiB    bodies=3,447,112@2.96GiB    receipts=3,447,112@3.16GiB    eta=4h44m8.497s
INFO [11-14|19:54:08.260] Syncing: state download in progress      synced=3.37% state=28.22GiB   accounts=21,489,423@3.78GiB   slots=112,795,444@23.34GiB codes=151,482@1.10GiB    eta=7h14m33.520s
INFO [11-14|19:54:13.257] Syncing: chain download in progress      synced=5.09% chain=7.81GiB   headers=3,473,244@1.59GiB    bodies=3,473,244@3.02GiB    receipts=3,473,244@3.21GiB    eta=4h44m27.439s
INFO [11-14|19:54:16.286] Syncing: state download in progress      synced=3.40% state=28.45GiB   accounts=21,671,813@3.82GiB   slots=113,696,351@23.52GiB codes=152,789@1.11GiB    eta=7h13m44.808s
INFO [11-14|19:54:22.012] Syncing: chain download in progress      synced=5.13% chain=7.91GiB   headers=3,495,676@1.60GiB    bodies=3,495,676@3.06GiB    receipts=3,495,676@3.24GiB    eta=4h45m14.059s
INFO [11-14|19:54:24.334] Syncing: state download in progress      synced=3.42% state=28.71GiB   accounts=21,789,679@3.85GiB   slots=114,783,826@23.75GiB codes=153,689@1.12GiB    eta=7h14m49.952s
INFO [11-14|19:54:31.471] Syncing: chain download in progress      synced=5.16% chain=8.02GiB   headers=3,522,201@1.62GiB    bodies=3,522,201@3.12GiB    receipts=3,522,201@3.29GiB    eta=4h45m51.924s
INFO [11-14|19:54:32.352] Syncing: state download in progress      synced=3.45% state=28.97GiB   accounts=21,928,992@3.87GiB   slots=115,808,746@23.97GiB codes=154,775@1.12GiB    eta=7h15m24.671s
INFO [11-14|19:54:39.738] Syncing: chain download in progress      synced=5.21% chain=8.16GiB   headers=3,554,228@1.63GiB    bodies=3,554,228@3.19GiB    receipts=3,554,228@3.34GiB    eta=4h45m39.293s
INFO [11-14|19:54:40.412] Syncing: state download in progress      synced=3.49% state=29.20GiB   accounts=22,143,388@3.92GiB   slots=116,635,865@24.15GiB codes=156,363@1.14GiB    eta=7h13m43.401s
WARN [11-14|19:54:44.203] Pivot seemingly stale, moving            old=68,193,732 new=68,193,796
INFO [11-14|19:54:44.921] Syncing: state download in progress      synced=3.50% state=29.35GiB   accounts=22,197,067@3.93GiB   slots=117,272,186@24.28GiB codes=156,873@1.14GiB    eta=7h14m38.745s
WARN [11-14|19:54:44.984] Unexpected storage ranges packet         peer=5328b2a2 reqid=3,568,055,187,229,139,952
INFO [11-14|19:54:48.023] Syncing: chain download in progress      synced=5.25% chain=8.29GiB   headers=3,582,882@1.65GiB    bodies=3,582,882@3.25GiB    receipts=3,582,882@3.39GiB    eta=4h45m44.118s
INFO [11-14|19:54:52.985] Syncing: state download in progress      synced=3.52% state=29.57GiB   accounts=22,475,666@3.95GiB   slots=118,220,746@24.47GiB codes=157,647@1.15GiB    eta=7h15m25.111s
INFO [11-14|19:54:56.054] Syncing: chain download in progress      synced=5.30% chain=8.41GiB   headers=3,611,125@1.66GiB    bodies=3,611,125@3.31GiB    receipts=3,611,125@3.44GiB    eta=4h45m46.182s
INFO [11-14|19:55:01.043] Syncing: state download in progress      synced=3.54% state=29.81GiB   accounts=22,625,955@3.98GiB   slots=119,156,403@24.67GiB codes=158,806@1.16GiB    eta=7h15m21.904s
INFO [11-14|19:55:04.219] Syncing: chain download in progress      synced=5.34% chain=8.53GiB   headers=3,638,535@1.68GiB    bodies=3,638,535@3.36GiB    receipts=3,638,535@3.49GiB    eta=4h45m54.656s
INFO [11-14|19:55:09.048] Syncing: state download in progress      synced=3.58% state=30.06GiB   accounts=22,797,302@4.02GiB   slots=120,203,123@24.88GiB codes=160,021@1.16GiB    eta=7h15m0.602s
INFO [11-14|19:55:12.768] Syncing: chain download in progress      synced=5.37% chain=8.64GiB   headers=3,664,503@1.69GiB    bodies=3,664,503@3.42GiB    receipts=3,664,503@3.53GiB    eta=4h46m16.794s
INFO [11-14|19:55:17.086] Syncing: state download in progress      synced=3.61% state=30.30GiB   accounts=23,001,056@4.06GiB   slots=121,147,011@25.07GiB codes=161,612@1.18GiB    eta=7h13m52.408s
INFO [11-14|19:55:20.777] Syncing: chain download in progress      synced=5.42% chain=8.79GiB   headers=3,693,603@1.71GiB    bodies=3,693,603@3.49GiB    receipts=3,693,603@3.59GiB    eta=4h46m13.627s
INFO [11-14|19:55:25.111] Syncing: state download in progress      synced=3.64% state=30.54GiB   accounts=23,161,923@4.09GiB   slots=122,073,754@25.26GiB codes=162,727@1.18GiB    eta=7h13m31.119s
INFO [11-14|19:55:29.005] Syncing: chain download in progress      synced=5.45% chain=8.91GiB   headers=3,719,251@1.72GiB    bodies=3,719,251@3.55GiB    receipts=3,719,251@3.64GiB    eta=4h46m31.041s
WARN [11-14|19:55:29.365] Pivot seemingly stale, moving            old=68,193,796 new=68,193,860
INFO [11-14|19:55:33.138] Syncing: state download in progress      synced=3.67% state=30.79GiB   accounts=23,333,424@4.13GiB   slots=123,044,961@25.47GiB codes=164,121@1.19GiB    eta=7h13m14.004s
INFO [11-14|19:55:33.712] Syncing: state download in progress      synced=3.67% state=30.80GiB   accounts=23,333,424@4.13GiB   slots=123,127,075@25.48GiB codes=164,121@1.19GiB    eta=7h13m29.132s
INFO [11-14|19:55:37.135] Syncing: chain download in progress      synced=5.48% chain=8.98GiB   headers=3,734,831@1.73GiB    bodies=3,734,831@3.59GiB    receipts=3,734,831@3.67GiB    eta=4h47m35.553s
INFO [11-14|19:55:41.732] Syncing: state download in progress      synced=3.70% state=31.03GiB   accounts=23,644,036@4.16GiB   slots=124,009,547@25.67GiB codes=165,096@1.20GiB    eta=7h13m28.891s
INFO [11-14|19:55:45.469] Syncing: chain download in progress      synced=5.53% chain=9.14GiB   headers=3,770,884@1.75GiB    bodies=3,770,884@3.66GiB    receipts=3,770,884@3.73GiB    eta=4h47m3.418s
INFO [11-14|19:55:49.770] Syncing: state download in progress      synced=3.73% state=31.26GiB   accounts=23,815,481@4.19GiB   slots=124,905,793@25.86GiB codes=166,374@1.21GiB    eta=7h12m54.976s
INFO [11-14|19:55:54.865] Syncing: chain download in progress      synced=5.58% chain=9.29GiB   headers=3,802,828@1.76GiB    bodies=3,802,828@3.73GiB    receipts=3,802,828@3.79GiB    eta=4h47m9.365s
INFO [11-14|19:55:57.813] Syncing: state download in progress      synced=3.77% state=31.51GiB   accounts=24,008,406@4.23GiB   slots=125,853,820@26.06GiB codes=167,824@1.22GiB    eta=7h12m8.762s
INFO [11-14|19:56:03.133] Syncing: chain download in progress      synced=5.62% chain=9.43GiB   headers=3,834,025@1.78GiB    bodies=3,834,025@3.80GiB    receipts=3,834,025@3.85GiB    eta=4h46m59.666s
INFO [11-14|19:56:05.875] Syncing: state download in progress      synced=3.78% state=31.75GiB   accounts=24,094,170@4.25GiB   slots=126,881,167@26.28GiB codes=168,497@1.23GiB    eta=7h13m35.103s
INFO [11-14|19:56:11.188] Syncing: chain download in progress      synced=5.66% chain=9.56GiB   headers=3,861,825@1.80GiB    bodies=3,861,825@3.86GiB    receipts=3,861,825@3.90GiB    eta=4h47m2.522s
INFO [11-14|19:56:13.925] Syncing: state download in progress      synced=3.80% state=31.98GiB   accounts=24,169,307@4.26GiB   slots=127,952,312@26.49GiB codes=168,919@1.23GiB    eta=7h15m5.727s
INFO [11-14|19:56:19.494] Syncing: chain download in progress      synced=5.70% chain=9.68GiB   headers=3,887,957@1.81GiB    bodies=3,887,957@3.92GiB    receipts=3,887,957@3.96GiB    eta=4h47m17.197s
WARN [11-14|19:56:20.577] Pivot seemingly stale, moving            old=68,193,860 new=68,193,924
INFO [11-14|19:56:20.866] Syncing: state download in progress      synced=3.82% state=32.19GiB   accounts=24,297,749@4.29GiB   slots=128,808,936@26.66GiB codes=169,904@1.24GiB    eta=7h15m6.193s
WARN [11-14|19:56:20.921] Unexpected storage ranges packet         peer=5328b2a2 reqid=5,635,791,927,624,422,644
WARN [11-14|19:56:20.928] Unexpected account range packet          peer=f2fa17f2 reqid=7,273,790,275,551,362,484
WARN [11-14|19:56:20.931] Unexpected storage ranges packet         peer=f2fa17f2 reqid=8,266,424,547,038,514,373
INFO [11-14|19:56:27.663] Syncing: chain download in progress      synced=5.75% chain=9.82GiB   headers=3,918,574@1.83GiB    bodies=3,918,574@3.98GiB    receipts=3,918,574@4.01GiB    eta=4h47m8.364s
INFO [11-14|19:56:28.873] Syncing: state download in progress      synced=3.85% state=32.41GiB   accounts=24,600,534@4.32GiB   slots=129,707,116@26.84GiB codes=171,065@1.25GiB    eta=7h14m55.199s
INFO [11-14|19:56:35.891] Syncing: chain download in progress      synced=5.78% chain=9.93GiB   headers=3,944,730@1.84GiB    bodies=3,944,730@4.03GiB    receipts=3,944,730@4.06GiB    eta=4h47m21.206s
INFO [11-14|19:56:36.877] Syncing: state download in progress      synced=3.88% state=32.65GiB   accounts=24,771,652@4.35GiB   slots=130,673,137@27.04GiB codes=172,426@1.26GiB    eta=7h14m29.931s
INFO [11-14|19:56:44.044] Syncing: chain download in progress      synced=5.83% chain=10.07GiB  headers=3,975,852@1.86GiB    bodies=3,975,852@4.10GiB    receipts=3,975,852@4.11GiB    eta=4h47m9.644s
INFO [11-14|19:56:44.895] Syncing: state download in progress      synced=3.91% state=32.89GiB   accounts=24,943,024@4.39GiB   slots=131,653,809@27.24GiB codes=173,679@1.27GiB    eta=7h14m4.290s
INFO [11-14|19:56:52.159] Syncing: chain download in progress      synced=5.87% chain=10.18GiB  headers=4,001,561@1.87GiB    bodies=4,001,561@4.15GiB    receipts=4,001,561@4.16GiB    eta=4h47m22.261s
INFO [11-14|19:56:52.913] Syncing: state download in progress      synced=3.94% state=33.13GiB   accounts=25,125,292@4.43GiB   slots=132,583,677@27.42GiB codes=175,027@1.28GiB    eta=7h13m20.552s
INFO [11-14|19:57:00.466] Syncing: chain download in progress      synced=5.91% chain=10.29GiB  headers=4,029,756@1.88GiB    bodies=4,029,756@4.20GiB    receipts=4,029,756@4.21GiB    eta=4h47m26.365s
INFO [11-14|19:57:00.942] Syncing: state download in progress      synced=3.97% state=33.36GiB   accounts=25,264,620@4.46GiB   slots=133,506,772@27.62GiB codes=176,092@1.29GiB    eta=7h13m26.789s
INFO [11-14|19:57:08.602] Syncing: chain download in progress      synced=5.96% chain=10.41GiB  headers=4,062,249@1.90GiB    bodies=4,062,249@4.26GiB    receipts=4,062,249@4.26GiB    eta=4h47m8.204s
WARN [11-14|19:57:08.792] Pivot seemingly stale, moving            old=68,193,924 new=68,193,988
INFO [11-14|19:57:08.924] Syncing: state download in progress      synced=4.00% state=33.59GiB   accounts=25,468,331@4.50GiB   slots=134,372,724@27.80GiB codes=177,504@1.30GiB    eta=7h12m13.278s
WARN [11-14|19:57:08.988] Unexpected storage ranges packet         peer=f2fa17f2 reqid=6,462,191,913,020,120,018
WARN [11-14|19:57:08.997] Unexpected account range packet          peer=5328b2a2 reqid=3,403,880,435,848,922,475
WARN [11-14|19:57:09.007] Unexpected storage ranges packet         peer=5328b2a2 reqid=442,746,139,337,636,322
INFO [11-14|19:57:16.817] Syncing: chain download in progress      synced=6.01% chain=10.54GiB  headers=4,096,030@1.92GiB    bodies=4,096,030@4.31GiB    receipts=4,096,030@4.31GiB    eta=4h46m45.686s
INFO [11-14|19:57:17.025] Syncing: state download in progress      synced=4.03% state=33.80GiB   accounts=25,757,794@4.52GiB   slots=135,224,127@27.98GiB codes=178,453@1.30GiB    eta=7h12m15.641s
INFO [11-14|19:57:25.058] Syncing: chain download in progress      synced=6.05% chain=10.67GiB  headers=4,127,385@1.93GiB    bodies=4,127,385@4.37GiB    receipts=4,127,385@4.36GiB    eta=4h46m34.515s
INFO [11-14|19:57:25.112] Syncing: state download in progress      synced=4.05% state=34.04GiB   accounts=25,898,681@4.55GiB   slots=136,192,577@28.17GiB codes=179,385@1.31GiB    eta=7h12m21.995s
INFO [11-14|19:57:33.144] Syncing: state download in progress      synced=4.09% state=34.28GiB   accounts=26,123,618@4.60GiB   slots=137,059,827@28.36GiB codes=181,117@1.32GiB    eta=7h10m52.660s
INFO [11-14|19:57:33.203] Syncing: chain download in progress      synced=6.08% chain=10.73GiB  headers=4,143,402@1.94GiB    bodies=4,143,402@4.40GiB    receipts=4,143,402@4.39GiB    eta=4h47m29.719s
INFO [11-14|19:57:41.162] Syncing: state download in progress      synced=4.11% state=34.52GiB   accounts=26,230,850@4.62GiB   slots=138,050,161@28.57GiB codes=181,985@1.33GiB    eta=7h11m42.272s
INFO [11-14|19:57:41.346] Syncing: chain download in progress      synced=6.12% chain=10.86GiB  headers=4,176,831@1.96GiB    bodies=4,176,831@4.45GiB    receipts=4,176,831@4.44GiB    eta=4h47m7.529s
INFO [11-14|19:57:49.237] Syncing: state download in progress      synced=4.15% state=34.76GiB   accounts=26,434,495@4.66GiB   slots=138,936,502@28.76GiB codes=183,442@1.34GiB    eta=7h10m40.117s
INFO [11-14|19:57:49.412] Syncing: chain download in progress      synced=6.16% chain=10.98GiB  headers=4,203,346@1.97GiB    bodies=4,203,346@4.51GiB    receipts=4,203,346@4.50GiB    eta=4h47m14.535s
WARN [11-14|19:57:53.010] Pivot seemingly stale, moving            old=68,193,988 new=68,194,052
INFO [11-14|19:57:53.663] Syncing: state download in progress      synced=4.16% state=34.88GiB   accounts=26,509,640@4.68GiB   slots=139,412,474@28.86GiB codes=183,972@1.35GiB    eta=7h10m40.284s
WARN [11-14|19:57:53.705] Unexpected storage ranges packet         peer=5328b2a2 reqid=5,965,787,349,064,895,520
WARN [11-14|19:57:53.711] Unexpected storage ranges packet         peer=f2fa17f2 reqid=4,697,060,379,298,230,474
INFO [11-14|19:57:57.864] Syncing: chain download in progress      synced=6.19% chain=11.06GiB  headers=4,224,067@1.98GiB    bodies=4,224,067@4.54GiB    receipts=4,224,067@4.54GiB    eta=4h47m52.471s
INFO [11-14|19:58:01.706] Syncing: state download in progress      synced=4.20% state=35.09GiB   accounts=26,839,554@4.71GiB   slots=140,222,511@29.02GiB codes=185,213@1.36GiB    eta=7h9m56.861s
INFO [11-14|19:58:05.935] Syncing: chain download in progress      synced=6.22% chain=11.14GiB  headers=4,241,999@1.99GiB    bodies=4,241,999@4.58GiB    receipts=4,241,999@4.57GiB    eta=4h48m36.297s
INFO [11-14|19:58:09.723] Syncing: state download in progress      synced=4.22% state=35.32GiB   accounts=26,978,782@4.74GiB   slots=141,189,452@29.22GiB codes=186,335@1.36GiB    eta=7h10m3.607s
INFO [11-14|19:58:14.201] Syncing: chain download in progress      synced=6.27% chain=11.27GiB  headers=4,272,868@2.01GiB    bodies=4,272,868@4.64GiB    receipts=4,272,868@4.62GiB    eta=4h48m26.596s
INFO [11-14|19:58:17.739] Syncing: state download in progress      synced=4.25% state=35.57GiB   accounts=27,150,388@4.78GiB   slots=142,099,981@29.42GiB codes=187,610@1.37GiB    eta=7h9m41.193s
INFO [11-14|19:58:22.555] Syncing: chain download in progress      synced=6.30% chain=11.38GiB  headers=4,298,226@2.02GiB    bodies=4,298,226@4.69GiB    receipts=4,298,226@4.67GiB    eta=4h48m41.838s
INFO [11-14|19:58:25.760] Syncing: state download in progress      synced=4.29% state=35.80GiB   accounts=27,332,540@4.81GiB   slots=142,999,634@29.61GiB codes=188,837@1.38GiB    eta=7h9m1.599s
INFO [11-14|19:58:30.927] Syncing: chain download in progress      synced=6.34% chain=11.52GiB  headers=4,326,024@2.04GiB    bodies=4,326,024@4.75GiB    receipts=4,326,024@4.73GiB    eta=4h48m46.629s
INFO [11-14|19:58:33.795] Syncing: state download in progress      synced=4.31% state=36.04GiB   accounts=27,439,722@4.84GiB   slots=143,973,138@29.81GiB codes=189,657@1.39GiB    eta=7h9m44.850s
INFO [11-14|19:58:39.557] Syncing: chain download in progress      synced=6.37% chain=11.64GiB  headers=4,343,962@2.05GiB    bodies=4,343,962@4.81GiB    receipts=4,343,962@4.78GiB    eta=4h49m37.057s
INFO [11-14|19:58:41.862] Syncing: state download in progress      synced=4.33% state=36.28GiB   accounts=27,600,387@4.87GiB   slots=144,946,379@30.02GiB codes=190,946@1.40GiB    eta=7h9m39.182s
WARN [11-14|19:58:46.185] Pivot seemingly stale, moving            old=68,194,052 new=68,194,116
INFO [11-14|19:58:49.771] Syncing: chain download in progress      synced=6.39% chain=11.76GiB  headers=4,358,596@2.06GiB    bodies=4,358,596@4.88GiB    receipts=4,358,596@4.82GiB    eta=4h51m4.376s
INFO [11-14|19:58:49.771] Syncing: state download in progress      synced=4.35% state=36.41GiB   accounts=27,675,465@4.88GiB   slots=145,433,159@30.12GiB codes=191,503@1.40GiB    eta=7h9m41.375s
INFO [11-14|19:58:57.785] Syncing: state download in progress      synced=4.37% state=36.64GiB   accounts=27,975,389@4.91GiB   slots=146,340,358@30.31GiB codes=192,479@1.41GiB    eta=7h9m52.433s
INFO [11-14|19:58:58.238] Syncing: chain download in progress      synced=6.43% chain=11.95GiB  headers=4,382,833@2.07GiB    bodies=4,382,833@4.99GiB    receipts=4,382,833@4.89GiB    eta=4h51m24.482s
INFO [11-14|19:59:05.810] Syncing: state download in progress      synced=4.38% state=36.86GiB   accounts=28,039,634@4.92GiB   slots=147,383,027@30.52GiB codes=192,833@1.41GiB    eta=7h11m16.476s
INFO [11-14|19:59:06.771] Syncing: chain download in progress      synced=6.46% chain=12.11GiB  headers=4,403,601@2.08GiB    bodies=4,403,601@5.07GiB    receipts=4,403,601@4.95GiB    eta=4h51m59.937s
INFO [11-14|19:59:13.821] Syncing: state download in progress      synced=4.41% state=37.09GiB   accounts=28,178,920@4.95GiB   slots=148,317,770@30.71GiB codes=193,948@1.42GiB    eta=7h11m19.273s
INFO [11-14|19:59:15.712] Syncing: chain download in progress      synced=6.50% chain=12.28GiB  headers=4,429,324@2.10GiB    bodies=4,429,324@5.16GiB    receipts=4,429,324@5.03GiB    eta=4h52m19.908s
INFO [11-14|19:59:21.846] Syncing: state download in progress      synced=4.43% state=37.32GiB   accounts=28,307,594@4.98GiB   slots=149,272,440@30.91GiB codes=195,060@1.43GiB    eta=7h11m36.251s
INFO [11-14|19:59:23.871] Syncing: chain download in progress      synced=6.53% chain=12.45GiB  headers=4,453,469@2.11GiB    bodies=4,453,469@5.25GiB    receipts=4,453,469@5.10GiB    eta=4h52m35.002s
INFO [11-14|19:59:29.904] Syncing: state download in progress      synced=4.44% state=37.57GiB   accounts=28,328,991@4.98GiB   slots=150,459,219@31.15GiB codes=195,226@1.43GiB    eta=7h14m3.708s
INFO [11-14|19:59:32.306] Syncing: chain download in progress      synced=6.56% chain=12.57GiB  headers=4,471,438@2.12GiB    bodies=4,471,438@5.31GiB    receipts=4,471,438@5.15GiB    eta=4h53m19.693s
WARN [11-14|19:59:35.336] Pivot seemingly stale, moving            old=68,194,116 new=68,194,180
INFO [11-14|19:59:35.725] Syncing: state download in progress      synced=4.45% state=37.69GiB   accounts=28,414,767@5.00GiB   slots=150,961,444@31.26GiB codes=195,869@1.44GiB    eta=7h13m53.240s
INFO [11-14|19:59:40.397] Syncing: chain download in progress      synced=6.59% chain=12.75GiB  headers=4,496,488@2.13GiB    bodies=4,496,488@5.39GiB    receipts=4,496,488@5.22GiB    eta=4h53m29.418s
INFO [11-14|19:59:43.916] Syncing: state download in progress      synced=4.45% state=37.93GiB   accounts=28,586,143@5.00GiB   slots=152,140,348@31.49GiB codes=195,869@1.44GiB    eta=7h16m36.150s
INFO [11-14|19:59:48.714] Syncing: chain download in progress      synced=6.62% chain=12.90GiB  headers=4,515,728@2.14GiB    bodies=4,515,728@5.47GiB    receipts=4,515,728@5.29GiB    eta=4h54m6.381s
INFO [11-14|19:59:51.956] Syncing: state download in progress      synced=4.45% state=38.19GiB   accounts=28,586,143@5.00GiB   slots=153,414,635@31.75GiB codes=195,869@1.44GiB    eta=7h19m33.107s
INFO [11-14|19:59:57.017] Syncing: chain download in progress      synced=6.65% chain=13.07GiB  headers=4,536,110@2.16GiB    bodies=4,536,110@5.56GiB    receipts=4,536,110@5.35GiB    eta=4h54m37.973s
INFO [11-14|20:00:00.022] Syncing: state download in progress      synced=4.45% state=38.45GiB   accounts=28,586,143@5.00GiB   slots=154,749,814@32.02GiB codes=195,869@1.44GiB    eta=7h22m38.873s
INFO [11-14|20:00:05.107] Syncing: chain download in progress      synced=6.67% chain=13.15GiB  headers=4,548,338@2.16GiB    bodies=4,548,338@5.60GiB    receipts=4,548,338@5.39GiB    eta=4h55m40.260s
INFO [11-14|20:00:08.055] Syncing: state download in progress      synced=4.45% state=38.72GiB   accounts=28,586,143@5.00GiB   slots=156,059,071@32.28GiB codes=195,869@1.44GiB    eta=7h25m40.901s
INFO [11-14|20:00:13.472] Syncing: chain download in progress      synced=6.69% chain=13.28GiB  headers=4,563,905@2.17GiB    bodies=4,563,905@5.67GiB    receipts=4,563,905@5.44GiB    eta=4h56m32.042s
INFO [11-14|20:00:16.067] Syncing: state download in progress      synced=4.45% state=38.98GiB   accounts=28,586,143@5.00GiB   slots=157,348,103@32.54GiB codes=195,869@1.44GiB    eta=7h28m40.030s
WARN [11-14|20:00:19.458] Pivot seemingly stale, moving            old=68,194,180 new=68,194,244
INFO [11-14|20:00:19.543] Syncing: state download in progress      synced=4.45% state=39.09GiB   accounts=28,586,143@5.00GiB   slots=157,924,682@32.65GiB codes=195,869@1.44GiB    eta=7h30m0.250s
WARN [11-14|20:00:19.605] Unexpected storage ranges packet         peer=f2fa17f2 reqid=150,806,744,850,262,565
INFO [11-14|20:00:19.748] Keeping suspended storage retrieval      account=30db55..33f146
INFO [11-14|20:00:22.108] Syncing: chain download in progress      synced=6.73% chain=13.47GiB  headers=4,587,292@2.18GiB    bodies=4,587,292@5.76GiB    receipts=4,587,292@5.52GiB    eta=4h56m54.653s
INFO [11-14|20:00:27.645] Syncing: state download in progress      synced=4.45% state=39.34GiB   accounts=28,757,514@5.00GiB   slots=159,157,384@32.90GiB codes=195,869@1.44GiB    eta=7h32m51.126s
INFO [11-14|20:00:30.484] Syncing: chain download in progress      synced=6.76% chain=13.64GiB  headers=4,607,066@2.20GiB    bodies=4,607,066@5.85GiB    receipts=4,607,066@5.59GiB    eta=4h57m28.221s
INFO [11-14|20:00:35.671] Syncing: state download in progress      synced=4.45% state=39.58GiB   accounts=28,757,514@5.00GiB   slots=160,378,719@33.15GiB codes=195,869@1.44GiB    eta=7h35m40.412s
INFO [11-14|20:00:39.857] Syncing: chain download in progress      synced=6.77% chain=13.77GiB  headers=4,619,086@2.20GiB    bodies=4,619,086@5.92GiB    receipts=4,619,086@5.65GiB    eta=4h58m47.431s
INFO [11-14|20:00:43.727] Syncing: state download in progress      synced=4.45% state=39.85GiB   accounts=28,757,514@5.00GiB   slots=161,683,693@33.41GiB codes=195,869@1.44GiB    eta=7h38m41.795s
INFO [11-14|20:00:48.840] Syncing: chain download in progress      synced=6.80% chain=13.95GiB  headers=4,638,028@2.21GiB    bodies=4,638,028@6.01GiB    receipts=4,638,028@5.73GiB    eta=4h59m31.981s
INFO [11-14|20:00:51.845] Syncing: state download in progress      synced=4.45% state=40.10GiB   accounts=28,757,514@5.00GiB   slots=162,942,987@33.66GiB codes=195,869@1.44GiB    eta=7h41m36.476s
INFO [11-14|20:00:57.357] Syncing: chain download in progress      synced=6.82% chain=14.12GiB  headers=4,652,506@2.22GiB    bodies=4,652,506@6.09GiB    receipts=4,652,506@5.80GiB    eta=5h0m28.316s
INFO [11-14|20:00:59.931] Syncing: state download in progress      synced=4.45% state=40.33GiB   accounts=28,757,514@5.00GiB   slots=164,116,651@33.90GiB codes=195,869@1.44GiB    eta=7h44m18.775s
INFO [11-14|20:01:06.002] Syncing: chain download in progress      synced=6.84% chain=14.27GiB  headers=4,667,565@2.23GiB    bodies=4,667,565@6.17GiB    receipts=4,667,565@5.87GiB    eta=5h1m23.567s
INFO [11-14|20:01:07.963] Syncing: state download in progress      synced=4.45% state=40.58GiB   accounts=28,757,514@5.00GiB   slots=165,320,583@34.14GiB codes=195,869@1.44GiB    eta=7h47m5.524s
INFO [11-14|20:01:14.184] Syncing: chain download in progress      synced=6.86% chain=14.35GiB  headers=4,674,799@2.23GiB    bodies=4,674,799@6.21GiB    receipts=4,674,799@5.90GiB    eta=5h2m44.719s
WARN [11-14|20:01:15.598] Pivot seemingly stale, moving            old=68,194,244 new=68,194,308
INFO [11-14|20:01:15.649] Syncing: state download in progress      synced=4.45% state=40.64GiB   accounts=28,757,514@5.00GiB   slots=165,623,674@34.20GiB codes=195,869@1.44GiB    eta=7h47m41.852s
INFO [11-14|20:01:22.324] Syncing: chain download in progress      synced=6.88% chain=14.52GiB  headers=4,691,505@2.24GiB    bodies=4,691,505@6.30GiB    receipts=4,691,505@5.98GiB    eta=5h3m25.428s
INFO [11-14|20:01:23.698] Syncing: state download in progress      synced=4.45% state=40.87GiB   accounts=28,919,525@5.00GiB   slots=166,798,414@34.43GiB codes=195,869@1.44GiB    eta=7h50m24.365s
INFO [11-14|20:01:31.718] Syncing: state download in progress      synced=4.45% state=41.12GiB   accounts=28,919,525@5.00GiB   slots=168,036,237@34.68GiB codes=195,869@1.44GiB    eta=7h53m16.029s
INFO [11-14|20:01:32.605] Syncing: chain download in progress      synced=6.90% chain=14.64GiB  headers=4,702,123@2.25GiB    bodies=4,702,123@6.37GiB    receipts=4,702,123@6.02GiB    eta=5h5m0.162s
INFO [11-14|20:01:39.798] Syncing: state download in progress      synced=4.45% state=41.38GiB   accounts=28,919,525@5.00GiB   slots=169,312,708@34.94GiB codes=195,869@1.44GiB    eta=7h56m13.300s
INFO [11-14|20:01:41.155] Syncing: chain download in progress      synced=6.92% chain=14.88GiB  headers=4,720,300@2.26GiB    bodies=4,720,300@6.50GiB    receipts=4,720,300@6.12GiB    eta=5h5m39.418s
INFO [11-14|20:01:47.848] Syncing: state download in progress      synced=4.45% state=41.62GiB   accounts=28,919,525@5.00GiB   slots=170,526,442@35.18GiB codes=195,869@1.44GiB    eta=7h59m1.461s
INFO [11-14|20:01:49.425] Syncing: chain download in progress      synced=6.94% chain=15.04GiB  headers=4,730,452@2.27GiB    bodies=4,730,452@6.59GiB    receipts=4,730,452@6.19GiB    eta=5h6m48.072s
INFO [11-14|20:01:55.973] Syncing: state download in progress      synced=4.45% state=41.87GiB   accounts=28,919,525@5.00GiB   slots=171,785,745@35.43GiB codes=195,869@1.44GiB    eta=8h1m56.120s
INFO [11-14|20:01:58.189] Syncing: chain download in progress      synced=6.95% chain=15.18GiB  headers=4,738,326@2.27GiB    bodies=4,738,326@6.67GiB    receipts=4,738,326@6.24GiB    eta=5h8m12.596s
INFO [11-14|20:02:06.394] Syncing: chain download in progress      synced=6.97% chain=15.36GiB  headers=4,751,279@2.28GiB    bodies=4,751,279@6.77GiB    receipts=4,751,279@6.32GiB    eta=5h9m7.950s
WARN [11-14|20:02:10.712] Pivot seemingly stale, moving            old=68,194,308 new=68,194,372
INFO [11-14|20:02:12.378] Syncing: state download in progress      synced=4.45% state=41.92GiB   accounts=28,919,525@5.00GiB   slots=172,035,681@35.48GiB codes=195,869@1.44GiB    eta=8h19m7.056s
INFO [11-14|20:02:14.413] Syncing: chain download in progress      synced=6.98% chain=15.50GiB  headers=4,758,489@2.28GiB    bodies=4,758,489@6.84GiB    receipts=4,758,489@6.37GiB    eta=5h10m24.648s
INFO [11-14|20:02:20.390] Syncing: state download in progress      synced=4.45% state=42.16GiB   accounts=29,090,896@5.00GiB   slots=173,210,429@35.72GiB codes=195,869@1.44GiB    eta=8h21m55.250s
INFO [11-14|20:02:23.471] Syncing: chain download in progress      synced=6.99% chain=15.64GiB  headers=4,768,001@2.29GiB    bodies=4,768,001@6.92GiB    receipts=4,768,001@6.44GiB    eta=5h11m45.197s
INFO [11-14|20:02:28.427] Syncing: state download in progress      synced=4.45% state=42.41GiB   accounts=29,090,896@5.00GiB   slots=174,454,403@35.97GiB codes=195,869@1.44GiB    eta=8h24m53.854s
INFO [11-14|20:02:32.506] Syncing: chain download in progress      synced=7.01% chain=15.79GiB  headers=4,779,839@2.29GiB    bodies=4,779,839@7.00GiB    receipts=4,779,839@6.50GiB    eta=5h12m55.267s
INFO [11-14|20:02:36.440] Syncing: state download in progress      synced=4.45% state=42.66GiB   accounts=29,090,896@5.00GiB   slots=175,713,489@36.22GiB codes=195,869@1.44GiB    eta=8h10m45.883s
INFO [11-14|20:02:40.571] Syncing: chain download in progress      synced=7.02% chain=15.94GiB  headers=4,789,808@2.30GiB    bodies=4,789,808@7.08GiB    receipts=4,789,808@6.56GiB    eta=5h14m0.032s
INFO [11-14|20:02:44.540] Syncing: state download in progress      synced=4.45% state=42.92GiB   accounts=29,090,896@5.00GiB   slots=177,024,094@36.49GiB codes=195,869@1.44GiB    eta=8h13m48.039s
INFO [11-14|20:02:49.205] Syncing: chain download in progress      synced=7.04% chain=16.12GiB  headers=4,800,098@2.31GiB    bodies=4,800,098@7.18GiB    receipts=4,800,098@6.63GiB    eta=5h15m10.575s
WARN [11-14|20:02:51.780] Pivot seemingly stale, moving            old=68,194,372 new=68,194,436
INFO [11-14|20:02:52.666] Syncing: state download in progress      synced=4.45% state=42.96GiB   accounts=29,090,896@5.00GiB   slots=177,190,909@36.52GiB codes=195,869@1.44GiB    eta=8h31m20.141s
INFO [11-14|20:02:57.721] Syncing: chain download in progress      synced=7.06% chain=16.28GiB  headers=4,812,942@2.31GiB    bodies=4,812,942@7.27GiB    receipts=4,812,942@6.69GiB    eta=5h16m8.496s
INFO [11-14|20:03:00.674] Syncing: state download in progress      synced=4.45% state=43.20GiB   accounts=29,262,267@5.00GiB   slots=178,381,206@36.76GiB codes=195,869@1.44GiB    eta=8h34m10.723s
INFO [11-14|20:03:05.968] Syncing: chain download in progress      synced=7.07% chain=16.44GiB  headers=4,823,109@2.32GiB    bodies=4,823,109@7.36GiB    receipts=4,823,109@6.76GiB    eta=5h17m13.831s
INFO [11-14|20:03:08.744] Syncing: state download in progress      synced=4.45% state=43.45GiB   accounts=29,262,267@5.00GiB   slots=179,624,899@37.01GiB codes=195,869@1.44GiB    eta=8h37m9.239s
INFO [11-14|20:03:14.136] Syncing: chain download in progress      synced=7.09% chain=16.58GiB  headers=4,835,258@2.33GiB    bodies=4,835,258@7.44GiB    receipts=4,835,258@6.82GiB    eta=5h18m9.360s
INFO [11-14|20:03:16.804] Syncing: state download in progress      synced=4.45% state=43.68GiB   accounts=29,262,267@5.00GiB   slots=180,811,743@37.25GiB codes=195,869@1.44GiB    eta=8h39m59.187s
INFO [11-14|20:03:22.266] Syncing: chain download in progress      synced=7.11% chain=16.73GiB  headers=4,846,940@2.33GiB    bodies=4,846,940@7.51GiB    receipts=4,846,940@6.88GiB    eta=5h19m6.147s
INFO [11-14|20:03:24.805] Syncing: state download in progress      synced=4.45% state=43.95GiB   accounts=29,262,267@5.00GiB   slots=182,121,653@37.51GiB codes=195,869@1.44GiB    eta=8h43m7.727s
INFO [11-14|20:03:30.818] Syncing: chain download in progress      synced=7.13% chain=16.90GiB  headers=4,860,841@2.34GiB    bodies=4,860,841@7.60GiB    receipts=4,860,841@6.96GiB    eta=5h19m58.629s
INFO [11-14|20:03:32.924] Syncing: state download in progress      synced=4.45% state=44.21GiB   accounts=29,262,267@5.00GiB   slots=183,411,005@37.77GiB codes=195,869@1.44GiB    eta=8h46m13.031s
INFO [11-14|20:03:38.881] Syncing: chain download in progress      synced=7.15% chain=17.08GiB  headers=4,873,334@2.35GiB    bodies=4,873,334@7.70GiB    receipts=4,873,334@7.03GiB    eta=5h20m50.374s
WARN [11-14|20:03:44.888] Pivot seemingly stale, moving            old=68,194,436 new=68,194,500
INFO [11-14|20:03:44.933] Syncing: state download in progress      synced=4.45% state=44.23GiB   accounts=29,262,267@5.00GiB   slots=183,547,653@37.79GiB codes=195,869@1.44GiB    eta=8h46m21.507s
INFO [11-14|20:03:47.521] Syncing: chain download in progress      synced=7.16% chain=17.20GiB  headers=4,879,429@2.35GiB    bodies=4,879,429@7.77GiB    receipts=4,879,429@7.09GiB    eta=5h22m16.612s
INFO [11-14|20:03:53.044] Syncing: state download in progress      synced=4.45% state=44.46GiB   accounts=29,433,638@5.00GiB   slots=184,682,153@38.02GiB codes=195,869@1.44GiB    eta=8h49m3.598s
INFO [11-14|20:03:56.027] Syncing: chain download in progress      synced=7.17% chain=17.36GiB  headers=4,889,921@2.36GiB    bodies=4,889,921@7.85GiB    receipts=4,889,921@7.15GiB    eta=5h23m22.030s
INFO [11-14|20:04:01.157] Syncing: state download in progress      synced=4.46% state=44.66GiB   accounts=29,487,205@5.01GiB   slots=185,609,427@38.21GiB codes=196,263@1.44GiB    eta=8h50m13.922s
INFO [11-14|20:04:04.418] Syncing: chain download in progress      synced=7.19% chain=17.52GiB  headers=4,901,317@2.36GiB    bodies=4,901,317@7.93GiB    receipts=4,901,317@7.22GiB    eta=5h24m21.830s
INFO [11-14|20:04:09.193] Syncing: state download in progress      synced=4.48% state=44.90GiB   accounts=29,594,593@5.03GiB   slots=186,613,799@38.42GiB codes=196,911@1.44GiB    eta=8h50m38.785s
INFO [11-14|20:04:12.595] Syncing: chain download in progress      synced=7.20% chain=17.66GiB  headers=4,909,547@2.37GiB    bodies=4,909,547@8.01GiB    receipts=4,909,547@7.28GiB    eta=5h25m32.078s
INFO [11-14|20:04:17.196] Syncing: state download in progress      synced=4.50% state=45.14GiB   accounts=29,712,615@5.06GiB   slots=187,571,953@38.63GiB codes=197,888@1.45GiB    eta=8h50m43.729s
INFO [11-14|20:04:20.952] Syncing: chain download in progress      synced=7.21% chain=17.81GiB  headers=4,920,044@2.38GiB    bodies=4,920,044@8.09GiB    receipts=4,920,044@7.35GiB    eta=5h26m34.643s
WARN [11-14|20:04:27.974] Pivot seemingly stale, moving            old=68,194,500 new=68,194,564
INFO [11-14|20:04:28.221] Syncing: state download in progress      synced=4.51% state=45.27GiB   accounts=29,754,285@5.07GiB   slots=188,155,005@38.75GiB codes=198,283@1.45GiB    eta=8h51m14.249s
INFO [11-14|20:04:29.189] Syncing: chain download in progress      synced=7.23% chain=17.95GiB  headers=4,928,360@2.38GiB    bodies=4,928,360@8.16GiB    receipts=4,928,360@7.41GiB    eta=5h27m44.781s
INFO [11-14|20:04:36.263] Syncing: state download in progress      synced=4.52% state=45.49GiB   accounts=29,968,415@5.08GiB   slots=189,160,060@38.95GiB codes=198,600@1.46GiB    eta=8h52m47.120s
INFO [11-14|20:04:37.288] Syncing: chain download in progress      synced=7.24% chain=18.09GiB  headers=4,934,406@2.38GiB    bodies=4,934,406@8.24GiB    receipts=4,934,406@7.47GiB    eta=5h29m2.609s
INFO [11-14|20:04:44.301] Syncing: state download in progress      synced=4.53% state=45.72GiB   accounts=30,054,080@5.09GiB   slots=190,182,976@39.17GiB codes=199,224@1.46GiB    eta=8h53m35.446s
INFO [11-14|20:04:45.794] Syncing: chain download in progress      synced=7.25% chain=18.24GiB  headers=4,943,128@2.39GiB    bodies=4,943,128@8.32GiB    receipts=4,943,128@7.53GiB    eta=5h30m13.891s
INFO [11-14|20:04:52.324] Syncing: state download in progress      synced=4.56% state=45.98GiB   accounts=30,193,335@5.12GiB   slots=191,236,250@39.38GiB codes=200,301@1.47GiB    eta=8h53m27.017s
INFO [11-14|20:04:54.751] Syncing: chain download in progress      synced=7.26% chain=18.39GiB  headers=4,952,347@2.39GiB    bodies=4,952,347@8.40GiB    receipts=4,952,347@7.60GiB    eta=5h31m28.538s
INFO [11-14|20:05:00.357] Syncing: state download in progress      synced=4.59% state=46.21GiB   accounts=30,332,521@5.15GiB   slots=192,202,132@39.58GiB codes=201,281@1.48GiB    eta=8h53m3.571s
INFO [11-14|20:05:04.062] Syncing: chain download in progress      synced=7.27% chain=18.55GiB  headers=4,960,934@2.40GiB    bodies=4,960,934@8.49GiB    receipts=4,960,934@7.67GiB    eta=5h32m50.065s
INFO [11-14|20:05:08.408] Syncing: state download in progress      synced=4.59% state=46.45GiB   accounts=30,375,361@5.16GiB   slots=193,332,100@39.81GiB codes=201,677@1.48GiB    eta=8h54m52.855s
INFO [11-14|20:05:12.431] Syncing: chain download in progress      synced=7.29% chain=18.71GiB  headers=4,967,974@2.40GiB    bodies=4,967,974@8.57GiB    receipts=4,967,974@7.74GiB    eta=5h34m6.053s
INFO [11-14|20:05:20.697] Syncing: chain download in progress      synced=7.29% chain=18.83GiB  headers=4,973,352@2.41GiB    bodies=4,973,352@8.64GiB    receipts=4,973,352@7.79GiB    eta=5h35m27.737s
WARN [11-14|20:05:22.068] Pivot seemingly stale, moving            old=68,194,564 new=68,194,628
INFO [11-14|20:05:22.779] Syncing: state download in progress      synced=4.59% state=46.49GiB   accounts=30,386,057@5.16GiB   slots=193,498,294@39.85GiB codes=201,746@1.48GiB    eta=8h54m50.691s
INFO [11-14|20:05:28.762] Syncing: chain download in progress      synced=7.31% chain=19.00GiB  headers=4,982,174@2.41GiB    bodies=4,982,174@8.73GiB    receipts=4,982,174@7.86GiB    eta=5h36m31.638s
INFO [11-14|20:05:30.929] Syncing: state download in progress      synced=4.60% state=46.71GiB   accounts=30,600,264@5.17GiB   slots=194,520,934@40.05GiB codes=202,090@1.48GiB    eta=8h56m22.460s
INFO [11-14|20:05:37.899] Syncing: chain download in progress      synced=7.31% chain=19.14GiB  headers=4,987,945@2.41GiB    bodies=4,987,945@8.80GiB    receipts=4,987,945@7.92GiB    eta=5h38m2.266s
INFO [11-14|20:05:39.015] Syncing: state download in progress      synced=4.61% state=46.94GiB   accounts=30,664,605@5.18GiB   slots=195,607,290@40.27GiB codes=202,482@1.49GiB    eta=8h57m37.933s
INFO [11-14|20:05:46.877] Syncing: chain download in progress      synced=7.32% chain=19.29GiB  headers=4,993,843@2.42GiB    bodies=4,993,843@8.89GiB    receipts=4,993,843@7.99GiB    eta=5h39m30.055s
INFO [11-14|20:05:47.101] Syncing: state download in progress      synced=4.63% state=47.18GiB   accounts=30,728,913@5.20GiB   slots=196,688,538@40.49GiB codes=202,970@1.49GiB    eta=8h58m56.014s
WARN [11-14|20:05:54.113] Pivot seemingly stale, moving            old=68,194,628 new=68,194,692
INFO [11-14|20:05:54.165] Syncing: state download in progress      synced=4.64% state=47.38GiB   accounts=30,825,396@5.22GiB   slots=197,517,392@40.66GiB codes=203,698@1.50GiB    eta=8h58m58.339s
WARN [11-14|20:05:54.186] Unexpected storage ranges packet         peer=f2fa17f2 reqid=2,077,387,230,728,536,009
WARN [11-14|20:05:54.204] Unexpected bytecode packet               peer=f2fa17f2 reqid=594,068,182,055,550,339
WARN [11-14|20:05:54.233] Unexpected storage ranges packet         peer=5328b2a2 reqid=8,002,254,573,301,699,471
WARN [11-14|20:05:54.233] Unexpected bytecode packet               peer=5328b2a2 reqid=7,368,672,858,217,078,197
INFO [11-14|20:05:54.443] Keeping suspended storage retrieval      account=30db55..33f146
INFO [11-14|20:05:54.911] Syncing: chain download in progress      synced=7.34% chain=19.47GiB  headers=5,002,507@2.42GiB    bodies=5,002,507@8.99GiB    receipts=5,002,507@8.06GiB    eta=5h40m33.445s
INFO [11-14|20:06:02.200] Syncing: state download in progress      synced=4.66% state=47.59GiB   accounts=31,093,256@5.24GiB   slots=198,413,452@40.85GiB codes=204,365@1.50GiB    eta=8h59m12.796s
INFO [11-14|20:06:05.280] Syncing: chain download in progress      synced=7.34% chain=19.62GiB  headers=5,008,224@2.43GiB    bodies=5,008,224@9.07GiB    receipts=5,008,224@8.12GiB    eta=5h42m19.140s
INFO [11-14|20:06:10.273] Syncing: state download in progress      synced=4.68% state=47.83GiB   accounts=31,189,846@5.26GiB   slots=199,471,090@41.07GiB codes=205,110@1.51GiB    eta=8h59m49.040s
INFO [11-14|20:06:13.948] Syncing: chain download in progress      synced=7.35% chain=19.79GiB  headers=5,013,411@2.43GiB    bodies=5,013,411@9.17GiB    receipts=5,013,411@8.19GiB    eta=5h43m45.402s
INFO [11-14|20:06:18.281] Syncing: state download in progress      synced=4.69% state=48.06GiB   accounts=31,264,884@5.27GiB   slots=200,504,548@41.28GiB codes=205,660@1.51GiB    eta=9h0m46.930s
INFO [11-14|20:06:22.154] Syncing: chain download in progress      synced=7.36% chain=19.97GiB  headers=5,018,526@2.43GiB    bodies=5,018,526@9.27GiB    receipts=5,018,526@8.27GiB    eta=5h45m6.051s
INFO [11-14|20:06:26.296] Syncing: state download in progress      synced=4.71% state=48.30GiB   accounts=31,382,856@5.30GiB   slots=201,501,997@41.48GiB codes=206,531@1.52GiB    eta=9h0m48.650s
INFO [11-14|20:06:30.237] Syncing: chain download in progress      synced=7.36% chain=20.05GiB  headers=5,020,539@2.43GiB    bodies=5,020,539@9.32GiB    receipts=5,020,539@8.30GiB    eta=5h46m38.763s
INFO [11-14|20:06:34.325] Syncing: state download in progress      synced=4.73% state=48.54GiB   accounts=31,447,208@5.31GiB   slots=202,666,435@41.71GiB codes=206,939@1.52GiB    eta=9h2m7.304s
INFO [11-14|20:06:38.380] Syncing: chain download in progress      synced=7.37% chain=20.23GiB  headers=5,027,772@2.44GiB    bodies=5,027,772@9.41GiB    receipts=5,027,772@8.38GiB    eta=5h47m48.771s
INFO [11-14|20:06:42.374] Syncing: state download in progress      synced=4.75% state=48.78GiB   accounts=31,554,298@5.33GiB   slots=203,688,509@41.92GiB codes=207,864@1.53GiB    eta=9h2m27.338s
INFO [11-14|20:06:46.431] Syncing: chain download in progress      synced=7.38% chain=20.39GiB  headers=5,033,321@2.44GiB    bodies=5,033,321@9.50GiB    receipts=5,033,321@8.45GiB    eta=5h49m4.942s
INFO [11-14|20:06:56.077] Syncing: chain download in progress      synced=7.39% chain=20.51GiB  headers=5,038,709@2.44GiB    bodies=5,038,709@9.57GiB    receipts=5,038,709@8.50GiB    eta=5h50m41.678s
INFO [11-14|20:07:05.378] Syncing: chain download in progress      synced=7.40% chain=20.63GiB  headers=5,043,290@2.45GiB    bodies=5,043,290@9.63GiB    receipts=5,043,290@8.55GiB    eta=5h52m17.532s
INFO [11-14|20:07:13.535] Syncing: chain download in progress      synced=7.41% chain=20.84GiB  headers=5,049,824@2.45GiB    bodies=5,049,824@9.74GiB    receipts=5,049,824@8.64GiB    eta=5h53m29.982s
WARN [11-14|20:07:15.215] Pivot seemingly stale, moving            old=68,194,692 new=68,194,756
INFO [11-14|20:07:15.280] Syncing: state download in progress      synced=4.75% state=48.88GiB   accounts=31,586,421@5.34GiB   slots=204,111,048@42.01GiB codes=208,128@1.53GiB    eta=9h20m46.234s
INFO [11-14|20:07:22.485] Syncing: chain download in progress      synced=7.41% chain=20.95GiB  headers=5,054,889@2.45GiB    bodies=5,054,889@9.81GiB    receipts=5,054,889@8.69GiB    eta=5h54m58.845s
INFO [11-14|20:07:23.305] Syncing: state download in progress      synced=4.77% state=49.07GiB   accounts=31,820,141@5.35GiB   slots=204,902,056@42.19GiB codes=208,680@1.53GiB    eta=9h21m15.697s
INFO [11-14|20:07:30.853] Syncing: chain download in progress      synced=7.43% chain=21.15GiB  headers=5,063,842@2.46GiB    bodies=5,063,842@9.91GiB    receipts=5,063,842@8.78GiB    eta=5h56m2.491s
INFO [11-14|20:07:31.420] Syncing: state download in progress      synced=4.79% state=49.27GiB   accounts=31,927,590@5.38GiB   slots=205,718,196@42.36GiB codes=209,460@1.54GiB    eta=9h21m5.221s
INFO [11-14|20:07:38.878] Syncing: chain download in progress      synced=7.44% chain=21.30GiB  headers=5,070,798@2.46GiB    bodies=5,070,798@9.99GiB    receipts=5,070,798@8.85GiB    eta=5h57m10.773s
WARN [11-14|20:07:46.265] Pivot seemingly stale, moving            old=68,194,756 new=68,194,820
INFO [11-14|20:07:46.403] Syncing: state download in progress      synced=4.79% state=49.32GiB   accounts=31,938,332@5.38GiB   slots=205,931,602@42.40GiB codes=209,532@1.54GiB    eta=9h21m7.935s
INFO [11-14|20:07:47.495] Syncing: chain download in progress      synced=7.44% chain=21.43GiB  headers=5,075,489@2.46GiB    bodies=5,075,489@10.07GiB   receipts=5,075,489@8.90GiB    eta=5h58m36.559s
INFO [11-14|20:07:54.459] Syncing: state download in progress      synced=4.79% state=49.54GiB   accounts=32,141,905@5.39GiB   slots=206,991,810@42.61GiB codes=209,796@1.54GiB    eta=9h22m53.108s
INFO [11-14|20:07:55.701] Syncing: chain download in progress      synced=7.45% chain=21.60GiB  headers=5,081,567@2.47GiB    bodies=5,081,567@10.16GiB   receipts=5,081,567@8.97GiB    eta=5h59m50.665s
INFO [11-14|20:08:02.508] Syncing: state download in progress      synced=4.80% state=49.77GiB   accounts=32,184,676@5.39GiB   slots=208,077,195@42.83GiB codes=210,064@1.54GiB    eta=9h24m30.837s
INFO [11-14|20:08:03.717] Syncing: chain download in progress      synced=7.46% chain=21.71GiB  headers=5,086,591@2.47GiB    bodies=5,086,591@10.22GiB   receipts=5,086,591@9.02GiB    eta=6h1m7.074s
INFO [11-14|20:08:10.607] Syncing: state download in progress      synced=4.83% state=49.98GiB   accounts=32,345,421@5.43GiB   slots=208,924,011@43.00GiB codes=211,363@1.55GiB    eta=9h23m17.619s
INFO [11-14|20:08:11.909] Syncing: chain download in progress      synced=7.47% chain=21.87GiB  headers=5,094,522@2.48GiB    bodies=5,094,522@10.31GiB   receipts=5,094,522@9.09GiB    eta=6h2m12.058s
INFO [11-14|20:08:18.656] Syncing: state download in progress      synced=4.86% state=50.22GiB   accounts=32,505,896@5.46GiB   slots=209,905,582@43.20GiB codes=212,610@1.56GiB    eta=9h22m26.727s
INFO [11-14|20:08:20.572] Syncing: chain download in progress      synced=7.48% chain=21.96GiB  headers=5,098,433@2.48GiB    bodies=5,098,433@10.36GiB   receipts=5,098,433@9.13GiB    eta=6h3m41.254s
WARN [11-14|20:08:21.308] Pivot seemingly stale, moving            old=68,194,820 new=68,194,884
INFO [11-14|20:08:21.387] Syncing: state download in progress      synced=4.86% state=50.31GiB   accounts=32,527,297@5.46GiB   slots=210,281,017@43.28GiB codes=212,610@1.56GiB    eta=9h22m53.252s
WARN [11-14|20:08:21.406] Unexpected account range packet          peer=5328b2a2 reqid=8,438,687,104,429,726,333
WARN [11-14|20:08:21.413] Unexpected storage ranges packet         peer=5328b2a2 reqid=4,357,207,652,180,802,300
WARN [11-14|20:08:21.453] Unexpected storage ranges packet         peer=f2fa17f2 reqid=8,129,269,316,316,335,870
INFO [11-14|20:08:21.587] Keeping suspended storage retrieval      account=219f76..b77bc5
INFO [11-14|20:08:28.624] Syncing: chain download in progress      synced=7.48% chain=22.13GiB  headers=5,103,957@2.48GiB    bodies=5,103,957@10.45GiB   receipts=5,103,957@9.20GiB    eta=6h4m55.264s
INFO [11-14|20:08:29.427] Syncing: state download in progress      synced=4.90% state=50.50GiB   accounts=32,894,225@5.51GiB   slots=210,968,734@43.42GiB codes=214,275@1.58GiB    eta=9h20m29.555s
INFO [11-14|20:08:37.148] Syncing: chain download in progress      synced=7.49% chain=22.29GiB  headers=5,109,438@2.48GiB    bodies=5,109,438@10.53GiB   receipts=5,109,438@9.27GiB    eta=6h6m15.121s
INFO [11-14|20:08:37.440] Syncing: state download in progress      synced=4.93% state=50.71GiB   accounts=33,033,515@5.54GiB   slots=211,789,719@43.59GiB codes=215,280@1.58GiB    eta=9h19m43.917s
INFO [11-14|20:08:45.181] Syncing: chain download in progress      synced=7.50% chain=22.43GiB  headers=5,114,998@2.49GiB    bodies=5,114,998@10.60GiB   receipts=5,114,998@9.34GiB    eta=6h7m28.375s
INFO [11-14|20:08:45.453] Syncing: state download in progress      synced=4.97% state=50.93GiB   accounts=33,290,821@5.59GiB   slots=212,536,467@43.75GiB codes=217,193@1.60GiB    eta=9h16m34.361s
INFO [11-14|20:08:53.438] Syncing: chain download in progress      synced=7.51% chain=22.56GiB  headers=5,120,661@2.49GiB    bodies=5,120,661@10.68GiB   receipts=5,120,661@9.40GiB    eta=6h8m43.725s
INFO [11-14|20:08:53.460] Syncing: state download in progress      synced=5.02% state=51.16GiB   accounts=33,537,388@5.64GiB   slots=213,339,307@43.91GiB codes=218,994@1.61GiB    eta=9h13m48.226s
INFO [11-14|20:08:59.922] Syncing: state download in progress      synced=5.03% state=51.37GiB   accounts=33,569,579@5.65GiB   slots=214,319,074@44.11GiB codes=219,255@1.61GiB    eta=9h15m23.799s
WARN [11-14|20:08:59.940] Unexpected account range packet          peer=f2fa17f2 reqid=2,402,811,305,663,214,074
WARN [11-14|20:08:59.949] Unexpected storage ranges packet         peer=f2fa17f2 reqid=3,367,058,990,336,418,354
WARN [11-14|20:08:59.955] Unexpected storage ranges packet         peer=5328b2a2 reqid=6,492,561,498,345,667,395
WARN [11-14|20:09:00.023] Synchronisation failed, dropping peer    peer=48f1834df79eb6cc9be644d55ea88d07e576bf2801d68590fcfabf6076e8f737 name=erigon/v1.4.2-dev-a6... td=135,802,451 err=timeout
ERROR[11-14|20:09:00.023] Reject duplicated disable operation
INFO [11-14|20:09:01.479] Syncing: chain download in progress      synced=7.51% chain=22.62GiB  headers=5,123,096@2.49GiB    bodies=5,123,096@10.71GiB   receipts=5,123,096@9.42GiB    eta=6h10m11.378s
INFO [11-14|20:09:07.998] Syncing: state download in progress      synced=5.06% state=51.54GiB   accounts=33,901,853@5.68GiB   slots=214,911,996@44.24GiB codes=220,534@1.62GiB    eta=9h13m30.126s
INFO [11-14|20:09:09.555] Syncing: chain download in progress      synced=7.52% chain=22.75GiB  headers=5,126,577@2.49GiB    bodies=5,126,577@10.78GiB   receipts=5,126,577@9.47GiB    eta=6h11m34.411s
INFO [11-14|20:09:16.139] Syncing: state download in progress      synced=5.10% state=51.75GiB   accounts=34,148,585@5.73GiB   slots=215,627,953@44.38GiB codes=222,240@1.64GiB    eta=9h10m36.212s
INFO [11-14|20:09:17.669] Syncing: chain download in progress      synced=7.52% chain=22.88GiB  headers=5,131,515@2.50GiB    bodies=5,131,515@10.85GiB   receipts=5,131,515@9.53GiB    eta=6h12m50.927s
INFO [11-14|20:09:24.219] Syncing: state download in progress      synced=5.14% state=51.98GiB   accounts=34,362,911@5.78GiB   slots=216,442,077@44.56GiB codes=223,899@1.65GiB    eta=9h8m34.563s
INFO [11-14|20:09:25.901] Syncing: chain download in progress      synced=7.53% chain=23.02GiB  headers=5,137,154@2.50GiB    bodies=5,137,154@10.92GiB   receipts=5,137,154@9.60GiB    eta=6h14m5.479s
INFO [11-14|20:09:32.266] Syncing: state download in progress      synced=5.18% state=52.22GiB   accounts=34,555,757@5.81GiB   slots=217,354,520@44.74GiB codes=225,381@1.66GiB    eta=9h7m5.920s
INFO [11-14|20:09:34.224] Syncing: chain download in progress      synced=7.54% chain=23.15GiB  headers=5,143,884@2.50GiB    bodies=5,143,884@10.99GiB   receipts=5,143,884@9.66GiB    eta=6h15m15.718s
INFO [11-14|20:09:40.302] Syncing: state download in progress      synced=5.18% state=52.48GiB   accounts=34,566,454@5.82GiB   slots=218,564,043@45.00GiB codes=225,531@1.66GiB    eta=9h9m36.415s
INFO [11-14|20:09:42.812] Syncing: chain download in progress      synced=7.55% chain=23.29GiB  headers=5,150,671@2.51GiB    bodies=5,150,671@11.06GiB   receipts=5,150,671@9.72GiB    eta=6h16m28.759s
INFO [11-14|20:09:50.877] Syncing: chain download in progress      synced=7.56% chain=23.45GiB  headers=5,156,910@2.51GiB    bodies=5,156,910@11.15GiB   receipts=5,156,910@9.79GiB    eta=6h17m37.756s
WARN [11-14|20:09:57.983] Pivot seemingly stale, moving            old=68,194,933 new=68,194,997
INFO [11-14|20:09:57.995] Syncing: state download in progress      synced=5.18% state=52.68GiB   accounts=34,566,454@5.82GiB   slots=219,548,067@45.20GiB codes=225,531@1.66GiB    eta=9h11m36.882s
INFO [11-14|20:09:59.005] Syncing: chain download in progress      synced=7.57% chain=23.60GiB  headers=5,161,626@2.51GiB    bodies=5,161,626@11.23GiB   receipts=5,161,626@9.85GiB    eta=6h18m54.624s
INFO [11-14|20:10:06.018] Syncing: state download in progress      synced=5.18% state=52.90GiB   accounts=34,737,913@5.82GiB   slots=220,567,956@45.42GiB codes=225,532@1.66GiB    eta=9h13m51.741s
INFO [11-14|20:10:07.531] Syncing: chain download in progress      synced=7.58% chain=23.74GiB  headers=5,167,254@2.52GiB    bodies=5,167,254@11.31GiB   receipts=5,167,254@9.91GiB    eta=6h20m11.820s
INFO [11-14|20:10:14.048] Syncing: state download in progress      synced=5.19% state=53.14GiB   accounts=34,780,774@5.83GiB   slots=221,671,141@45.65GiB codes=225,763@1.66GiB    eta=9h15m32.282s
INFO [11-14|20:10:15.548] Syncing: chain download in progress      synced=7.59% chain=23.90GiB  headers=5,174,240@2.52GiB    bodies=5,174,240@11.40GiB   receipts=5,174,240@9.98GiB    eta=6h21m16.156s
INFO [11-14|20:10:22.091] Syncing: state download in progress      synced=5.23% state=53.36GiB   accounts=35,016,638@5.87GiB   slots=222,434,281@45.81GiB codes=227,632@1.68GiB    eta=9h12m57.613s
INFO [11-14|20:10:23.699] Syncing: chain download in progress      synced=7.60% chain=24.04GiB  headers=5,180,779@2.53GiB    bodies=5,180,779@11.47GiB   receipts=5,180,779@10.04GiB   eta=6h22m24.043s
WARN [11-14|20:10:28.975] Pivot seemingly stale, moving            old=68,194,997 new=68,195,061
INFO [11-14|20:10:29.067] Syncing: state download in progress      synced=5.26% state=53.56GiB   accounts=35,198,700@5.91GiB   slots=223,185,777@45.96GiB codes=228,951@1.69GiB    eta=9h11m19.317s
WARN [11-14|20:10:29.077] Unexpected storage ranges packet         peer=f2fa17f2 reqid=1,757,411,373,868,613,795
WARN [11-14|20:10:29.206] Unexpected storage ranges packet         peer=5328b2a2 reqid=7,507,420,814,878,972,739
INFO [11-14|20:10:29.416] Keeping suspended storage retrieval      account=30db55..33f146
INFO [11-14|20:10:31.901] Syncing: chain download in progress      synced=7.61% chain=24.19GiB  headers=5,186,724@2.53GiB    bodies=5,186,724@11.56GiB   receipts=5,186,724@10.11GiB   eta=6h23m35.244s
INFO [11-14|20:10:37.096] Syncing: state download in progress      synced=5.30% state=53.77GiB   accounts=35,575,214@5.95GiB   slots=223,955,054@46.12GiB codes=230,205@1.70GiB    eta=9h9m15.612s
INFO [11-14|20:10:40.183] Syncing: chain download in progress      synced=7.61% chain=24.34GiB  headers=5,192,040@2.53GiB    bodies=5,192,040@11.64GiB   receipts=5,192,040@10.17GiB   eta=6h24m50.229s
INFO [11-14|20:10:45.119] Syncing: state download in progress      synced=5.34% state=53.99GiB   accounts=35,789,578@6.00GiB   slots=224,745,793@46.28GiB codes=231,956@1.71GiB    eta=9h7m16.272s
INFO [11-14|20:10:48.405] Syncing: chain download in progress      synced=7.62% chain=24.50GiB  headers=5,197,626@2.54GiB    bodies=5,197,626@11.72GiB   receipts=5,197,626@10.24GiB   eta=6h26m3.085s
INFO [11-14|20:10:53.231] Syncing: state download in progress      synced=5.35% state=54.23GiB   accounts=35,843,238@6.01GiB   slots=225,818,782@46.51GiB codes=232,426@1.71GiB    eta=9h8m38.134s
INFO [11-14|20:10:56.917] Syncing: chain download in progress      synced=7.63% chain=24.60GiB  headers=5,201,144@2.54GiB    bodies=5,201,144@11.78GiB   receipts=5,201,144@10.28GiB   eta=6h27m29.164s
INFO [11-14|20:11:01.313] Syncing: state download in progress      synced=5.37% state=54.46GiB   accounts=35,950,449@6.03GiB   slots=226,802,647@46.71GiB codes=233,210@1.72GiB    eta=9h8m48.384s
INFO [11-14|20:11:05.221] Syncing: chain download in progress      synced=7.64% chain=24.78GiB  headers=5,208,917@2.54GiB    bodies=5,208,917@11.87GiB   receipts=5,208,917@10.36GiB   eta=6h28m32.053s
INFO [11-14|20:11:09.326] Syncing: state download in progress      synced=5.38% state=54.69GiB   accounts=36,025,442@6.05GiB   slots=227,814,221@46.91GiB codes=233,781@1.73GiB    eta=9h9m35.952s
INFO [11-14|20:11:13.475] Syncing: chain download in progress      synced=7.65% chain=24.92GiB  headers=5,214,702@2.55GiB    bodies=5,214,702@11.95GiB   receipts=5,214,702@10.42GiB   eta=6h29m43.725s
INFO [11-14|20:11:17.343] Syncing: state download in progress      synced=5.42% state=54.92GiB   accounts=36,218,369@6.09GiB   slots=228,688,994@47.10GiB codes=235,224@1.74GiB    eta=9h8m8.881s
INFO [11-14|20:11:21.647] Syncing: chain download in progress      synced=7.65% chain=25.07GiB  headers=5,219,553@2.55GiB    bodies=5,219,553@12.04GiB   receipts=5,219,553@10.49GiB   eta=6h30m58.817s
INFO [11-14|20:11:29.691] Syncing: chain download in progress      synced=7.66% chain=25.23GiB  headers=5,225,028@2.55GiB    bodies=5,225,028@12.12GiB   receipts=5,225,028@10.56GiB   eta=6h32m9.130s
INFO [11-14|20:11:37.701] Syncing: chain download in progress      synced=7.67% chain=25.37GiB  headers=5,230,827@2.55GiB    bodies=5,230,827@12.20GiB   receipts=5,230,827@10.62GiB   eta=6h33m17.294s
WARN [11-14|20:11:42.042] Pivot seemingly stale, moving            old=68,195,061 new=68,195,125
INFO [11-14|20:11:42.477] Syncing: state download in progress      synced=5.42% state=55.08GiB   accounts=36,218,369@6.09GiB   slots=229,498,669@47.26GiB codes=235,224@1.74GiB    eta=9h27m40.909s
INFO [11-14|20:11:45.721] Syncing: chain download in progress      synced=7.68% chain=25.52GiB  headers=5,237,610@2.56GiB    bodies=5,237,610@12.28GiB   receipts=5,237,610@10.68GiB   eta=6h34m20.630s
INFO [11-14|20:11:50.481] Syncing: state download in progress      synced=5.42% state=55.31GiB   accounts=36,389,806@6.09GiB   slots=230,612,086@47.49GiB codes=235,225@1.74GiB    eta=9h30m1.941s
INFO [11-14|20:11:53.845] Syncing: chain download in progress      synced=7.69% chain=25.67GiB  headers=5,244,122@2.56GiB    bodies=5,244,122@12.36GiB   receipts=5,244,122@10.74GiB   eta=6h35m26.295s
INFO [11-14|20:11:58.482] Syncing: state download in progress      synced=5.42% state=55.58GiB   accounts=36,389,806@6.09GiB   slots=231,927,033@47.76GiB codes=235,225@1.74GiB    eta=9h32m50.470s
INFO [11-14|20:12:01.968] Syncing: chain download in progress      synced=7.70% chain=25.80GiB  headers=5,249,139@2.57GiB    bodies=5,249,139@12.44GiB   receipts=5,249,139@10.80GiB   eta=6h36m39.184s
INFO [11-14|20:12:06.482] Syncing: state download in progress      synced=5.42% state=55.83GiB   accounts=36,389,806@6.09GiB   slots=233,154,566@48.01GiB codes=235,225@1.74GiB    eta=9h35m27.318s
INFO [11-14|20:12:10.188] Syncing: chain download in progress      synced=7.71% chain=25.96GiB  headers=5,255,683@2.57GiB    bodies=5,255,683@12.52GiB   receipts=5,255,683@10.87GiB   eta=6h37m45.503s
WARN [11-14|20:12:14.150] Pivot seemingly stale, moving            old=68,195,125 new=68,195,189
INFO [11-14|20:12:14.291] Syncing: state download in progress      synced=5.42% state=55.97GiB   accounts=36,389,806@6.09GiB   slots=233,808,577@48.15GiB codes=235,225@1.74GiB    eta=9h36m47.299s
INFO [11-14|20:12:18.418] Syncing: chain download in progress      synced=7.72% chain=26.11GiB  headers=5,262,338@2.57GiB    bodies=5,262,338@12.60GiB   receipts=5,262,338@10.93GiB   eta=6h38m51.223s
INFO [11-14|20:12:22.353] Syncing: state download in progress      synced=5.42% state=56.21GiB   accounts=36,561,246@6.09GiB   slots=234,972,388@48.39GiB codes=235,226@1.74GiB    eta=9h39m15.478s
INFO [11-14|20:12:26.561] Syncing: chain download in progress      synced=7.73% chain=26.26GiB  headers=5,269,335@2.58GiB    bodies=5,269,335@12.68GiB   receipts=5,269,335@11.00GiB   eta=6h39m54.068s
INFO [11-14|20:12:30.395] Syncing: state download in progress      synced=5.42% state=56.45GiB   accounts=36,561,246@6.09GiB   slots=236,171,252@48.63GiB codes=235,226@1.74GiB    eta=9h41m48.446s
INFO [11-14|20:12:34.626] Syncing: chain download in progress      synced=7.74% chain=26.41GiB  headers=5,275,709@2.58GiB    bodies=5,275,709@12.76GiB   receipts=5,275,709@11.07GiB   eta=6h40m58.836s
INFO [11-14|20:12:38.441] Syncing: state download in progress      synced=5.42% state=56.69GiB   accounts=36,582,719@6.09GiB   slots=237,298,995@48.86GiB codes=235,400@1.74GiB    eta=9h43m49.324s
INFO [11-14|20:12:42.841] Syncing: chain download in progress      synced=7.75% chain=26.57GiB  headers=5,282,218@2.58GiB    bodies=5,282,218@12.85GiB   receipts=5,282,218@11.13GiB   eta=6h42m4.544s
INFO [11-14|20:12:46.477] Syncing: state download in progress      synced=5.45% state=56.91GiB   accounts=36,743,686@6.12GiB   slots=238,130,426@49.04GiB codes=236,578@1.75GiB    eta=9h42m40.199s
INFO [11-14|20:12:51.205] Syncing: chain download in progress      synced=7.76% chain=26.70GiB  headers=5,288,948@2.59GiB    bodies=5,288,948@12.92GiB   receipts=5,288,948@11.19GiB   eta=6h43m10.720s
INFO [11-14|20:12:54.531] Syncing: state download in progress      synced=5.49% state=57.14GiB   accounts=36,968,806@6.17GiB   slots=238,944,909@49.21GiB codes=238,146@1.76GiB    eta=9h40m25.262s
INFO [11-14|20:13:00.017] Syncing: chain download in progress      synced=7.77% chain=26.87GiB  headers=5,297,499@2.59GiB    bodies=5,297,499@13.01GiB   receipts=5,297,499@11.27GiB   eta=6h44m13.034s
INFO [11-14|20:13:08.309] Syncing: chain download in progress      synced=7.78% chain=27.01GiB  headers=5,302,202@2.60GiB    bodies=5,302,202@13.09GiB   receipts=5,302,202@11.33GiB   eta=6h45m28.076s
WARN [11-14|20:13:16.168] Pivot seemingly stale, moving            old=68,195,189 new=68,195,253
INFO [11-14|20:13:16.311] Syncing: chain download in progress      synced=7.78% chain=27.16GiB  headers=5,307,352@2.60GiB    bodies=5,307,352@13.17GiB   receipts=5,307,352@11.39GiB   eta=6h46m37.298s
INFO [11-14|20:13:16.311] Syncing: state download in progress      synced=5.49% state=57.27GiB   accounts=36,968,806@6.17GiB   slots=239,577,139@49.34GiB codes=238,146@1.76GiB    eta=9h41m27.053s
INFO [11-14|20:13:24.327] Syncing: chain download in progress      synced=7.79% chain=27.31GiB  headers=5,313,849@2.60GiB    bodies=5,313,849@13.25GiB   receipts=5,313,849@11.46GiB   eta=6h47m39.797s
INFO [11-14|20:13:24.367] Syncing: state download in progress      synced=5.52% state=57.46GiB   accounts=37,268,668@6.20GiB   slots=240,365,446@49.50GiB codes=239,162@1.77GiB    eta=9h40m45.966s
INFO [11-14|20:13:32.387] Syncing: state download in progress      synced=5.52% state=57.71GiB   accounts=37,279,407@6.20GiB   slots=241,595,376@49.74GiB codes=239,162@1.77GiB    eta=9h43m4.617s
INFO [11-14|20:13:32.485] Syncing: chain download in progress      synced=7.80% chain=27.45GiB  headers=5,320,932@2.61GiB    bodies=5,320,932@13.32GiB   receipts=5,320,932@11.52GiB   eta=6h48m40.922s
INFO [11-14|20:13:40.429] Syncing: state download in progress      synced=5.56% state=57.95GiB   accounts=37,515,061@6.25GiB   slots=242,443,822@49.92GiB codes=241,054@1.78GiB    eta=9h40m42.947s
INFO [11-14|20:13:40.630] Syncing: chain download in progress      synced=7.81% chain=27.60GiB  headers=5,327,085@2.61GiB    bodies=5,327,085@13.40GiB   receipts=5,327,085@11.59GiB   eta=6h49m46.294s
WARN [11-14|20:13:48.254] Pivot seemingly stale, moving            old=68,195,253 new=68,195,317
INFO [11-14|20:13:48.407] Syncing: state download in progress      synced=5.59% state=58.13GiB   accounts=37,665,015@6.28GiB   slots=243,118,423@50.06GiB codes=242,234@1.79GiB    eta=9h39m25.633s
INFO [11-14|20:13:48.740] Syncing: chain download in progress      synced=7.82% chain=27.75GiB  headers=5,332,607@2.61GiB    bodies=5,332,607@13.48GiB   receipts=5,332,607@11.65GiB   eta=6h50m54.314s
INFO [11-14|20:13:56.438] Syncing: state download in progress      synced=5.63% state=58.33GiB   accounts=38,061,649@6.32GiB   slots=243,798,837@50.20GiB codes=243,795@1.80GiB    eta=9h36m54.298s
INFO [11-14|20:13:57.078] Syncing: chain download in progress      synced=7.83% chain=27.90GiB  headers=5,339,098@2.62GiB    bodies=5,339,098@13.57GiB   receipts=5,339,098@11.72GiB   eta=6h51m59.968s
INFO [11-14|20:14:04.457] Syncing: state download in progress      synced=5.68% state=58.55GiB   accounts=38,329,562@6.38GiB   slots=244,515,934@50.35GiB codes=245,773@1.82GiB    eta=9h33m46.728s
INFO [11-14|20:14:05.220] Syncing: chain download in progress      synced=7.84% chain=28.07GiB  headers=5,347,190@2.62GiB    bodies=5,347,190@13.66GiB   receipts=5,347,190@11.78GiB   eta=6h52m55.045s
INFO [11-14|20:14:12.530] Syncing: state download in progress      synced=5.72% state=58.77GiB   accounts=38,543,907@6.42GiB   slots=245,305,867@50.51GiB codes=247,392@1.83GiB    eta=9h31m44.339s
INFO [11-14|20:14:13.332] Syncing: chain download in progress      synced=7.85% chain=28.22GiB  headers=5,354,702@2.63GiB    bodies=5,354,702@13.74GiB   receipts=5,354,702@11.85GiB   eta=6h53m52.537s
INFO [11-14|20:14:20.535] Syncing: state download in progress      synced=5.76% state=59.00GiB   accounts=38,768,828@6.47GiB   slots=246,116,909@50.68GiB codes=249,086@1.84GiB    eta=9h29m37.034s
INFO [11-14|20:14:21.891] Syncing: chain download in progress      synced=7.86% chain=28.33GiB  headers=5,358,319@2.63GiB    bodies=5,358,319@13.80GiB   receipts=5,358,319@11.90GiB   eta=6h55m14.744s
INFO [11-14|20:14:28.593] Syncing: state download in progress      synced=5.76% state=59.25GiB   accounts=38,779,544@6.47GiB   slots=247,332,690@50.93GiB codes=249,267@1.84GiB    eta=9h31m52.160s
INFO [11-14|20:14:30.007] Syncing: chain download in progress      synced=7.87% chain=28.51GiB  headers=5,366,491@2.63GiB    bodies=5,366,491@13.90GiB   receipts=5,366,491@11.98GiB   eta=6h56m8.552s
INFO [11-14|20:14:38.571] Syncing: chain download in progress      synced=7.88% chain=28.66GiB  headers=5,373,819@2.64GiB    bodies=5,373,819@13.98GiB   receipts=5,373,819@12.04GiB   eta=6h57m11.728s
INFO [11-14|20:14:47.052] Syncing: chain download in progress      synced=7.89% chain=28.81GiB  headers=5,380,828@2.64GiB    bodies=5,380,828@14.06GiB   receipts=5,380,828@12.11GiB   eta=6h58m15.330s
WARN [11-14|20:14:48.355] Pivot seemingly stale, moving            old=68,195,317 new=68,195,381
INFO [11-14|20:14:48.613] Syncing: state download in progress      synced=5.76% state=59.43GiB   accounts=38,790,227@6.47GiB   slots=248,196,999@51.11GiB codes=249,267@1.84GiB    eta=9h33m9.668s
INFO [11-14|20:14:48.784] Keeping suspended storage retrieval      account=30e0b2..e04c29
INFO [11-14|20:14:55.212] Syncing: chain download in progress      synced=7.90% chain=28.97GiB  headers=5,385,424@2.64GiB    bodies=5,385,424@14.15GiB   receipts=5,385,424@12.18GiB   eta=6h59m27.258s
INFO [11-14|20:14:56.637] Syncing: state download in progress      synced=5.78% state=59.63GiB   accounts=39,058,083@6.50GiB   slots=249,026,253@51.28GiB codes=250,085@1.85GiB    eta=9h33m0.315s
INFO [11-14|20:15:03.319] Syncing: chain download in progress      synced=7.91% chain=29.11GiB  headers=5,391,003@2.65GiB    bodies=5,391,003@14.22GiB   receipts=5,391,003@12.24GiB   eta=7h0m33.480s
INFO [11-14|20:15:04.714] Syncing: state download in progress      synced=5.82% state=59.86GiB   accounts=39,262,808@6.54GiB   slots=249,855,570@51.46GiB codes=251,702@1.86GiB    eta=9h31m18.449s
INFO [11-14|20:15:11.398] Syncing: chain download in progress      synced=7.91% chain=29.22GiB  headers=5,395,191@2.65GiB    bodies=5,395,191@14.28GiB   receipts=5,395,191@12.29GiB   eta=7h1m46.215s
INFO [11-14|20:15:12.718] Syncing: state download in progress      synced=5.86% state=60.09GiB   accounts=39,498,689@6.59GiB   slots=250,685,641@51.63GiB codes=253,312@1.88GiB    eta=9h28m58.731s
INFO [11-14|20:15:19.419] Syncing: chain download in progress      synced=7.93% chain=29.41GiB  headers=5,404,540@2.65GiB    bodies=5,404,540@14.38GiB   receipts=5,404,540@12.38GiB   eta=7h2m31.864s
INFO [11-14|20:15:20.853] Syncing: state download in progress      synced=5.90% state=60.30GiB   accounts=39,691,790@6.63GiB   slots=251,487,518@51.79GiB codes=254,683@1.89GiB    eta=9h27m24.001s
WARN [11-14|20:15:21.360] Pivot seemingly stale, moving            old=68,195,381 new=68,195,445
INFO [11-14|20:15:21.401] Syncing: state download in progress      synced=5.90% state=60.32GiB   accounts=39,713,293@6.63GiB   slots=251,537,271@51.80GiB codes=254,855@1.89GiB    eta=9h27m9.191s
WARN [11-14|20:15:21.424] Unexpected storage ranges packet         peer=5328b2a2 reqid=3,614,835,457,160,513,451
WARN [11-14|20:15:21.484] Unexpected account range packet          peer=f2fa17f2 reqid=2,028,127,294,544,094,030
WARN [11-14|20:15:21.484] Unexpected bytecode packet               peer=f2fa17f2 reqid=2,038,109,015,918,626,353
WARN [11-14|20:15:21.521] Unexpected storage ranges packet         peer=f2fa17f2 reqid=3,327,186,430,511,886,841
INFO [11-14|20:15:21.795] Keeping suspended storage retrieval      account=30e1fd..ef96b8
INFO [11-14|20:15:22.591] Keeping suspended storage retrieval      account=5007da..02d256
INFO [11-14|20:15:27.693] Syncing: chain download in progress      synced=7.93% chain=29.54GiB  headers=5,410,932@2.66GiB    bodies=5,410,932@14.45GiB   receipts=5,410,932@12.44GiB   eta=7h3m35.359s
INFO [11-14|20:15:29.403] Syncing: state download in progress      synced=5.93% state=60.51GiB   accounts=40,017,304@6.66GiB   slots=252,252,409@51.95GiB codes=256,051@1.90GiB    eta=9h26m1.197s
INFO [11-14|20:15:35.758] Syncing: chain download in progress      synced=7.94% chain=29.69GiB  headers=5,417,456@2.66GiB    bodies=5,417,456@14.52GiB   receipts=5,417,456@12.50GiB   eta=7h4m35.621s
INFO [11-14|20:15:37.413] Syncing: state download in progress      synced=5.97% state=60.74GiB   accounts=40,210,126@6.70GiB   slots=253,145,291@52.13GiB codes=257,601@1.91GiB    eta=9h24m39.923s
INFO [11-14|20:15:44.059] Syncing: chain download in progress      synced=7.95% chain=29.82GiB  headers=5,423,085@2.67GiB    bodies=5,423,085@14.59GiB   receipts=5,423,085@12.56GiB   eta=7h5m42.952s
INFO [11-14|20:15:45.495] Syncing: state download in progress      synced=6.01% state=60.97GiB   accounts=40,456,699@6.75GiB   slots=253,943,840@52.30GiB codes=259,253@1.92GiB    eta=9h22m17.035s
INFO [11-14|20:15:52.162] Syncing: chain download in progress      synced=7.96% chain=29.98GiB  headers=5,430,958@2.67GiB    bodies=5,430,958@14.67GiB   receipts=5,430,958@12.63GiB   eta=7h6m36.362s
INFO [11-14|20:15:53.503] Syncing: state download in progress      synced=6.05% state=61.21GiB   accounts=40,692,571@6.80GiB   slots=254,823,333@52.48GiB codes=261,032@1.93GiB    eta=9h20m14.531s
INFO [11-14|20:16:00.430] Syncing: chain download in progress      synced=7.98% chain=30.11GiB  headers=5,439,371@2.68GiB    bodies=5,439,371@14.74GiB   receipts=5,439,371@12.69GiB   eta=7h7m28.783s
INFO [11-14|20:16:01.536] Syncing: state download in progress      synced=6.10% state=61.44GiB   accounts=40,960,406@6.86GiB   slots=255,558,482@52.63GiB codes=262,968@1.95GiB    eta=9h17m28.844s
INFO [11-14|20:16:08.670] Syncing: chain download in progress      synced=7.98% chain=30.23GiB  headers=5,445,210@2.68GiB    bodies=5,445,210@14.80GiB   receipts=5,445,210@12.75GiB   eta=7h8m33.791s
INFO [11-14|20:16:09.624] Syncing: state download in progress      synced=6.14% state=61.67GiB   accounts=41,174,796@6.90GiB   slots=256,399,940@52.80GiB codes=264,675@1.96GiB    eta=9h15m45.336s
INFO [11-14|20:16:16.982] Syncing: chain download in progress      synced=7.99% chain=30.38GiB  headers=5,451,088@2.68GiB    bodies=5,451,088@14.88GiB   receipts=5,451,088@12.82GiB   eta=7h9m39.334s
WARN [11-14|20:16:22.544] Pivot seemingly stale, moving            old=68,195,445 new=68,195,509
INFO [11-14|20:16:22.548] Syncing: state download in progress      synced=6.15% state=61.69GiB   accounts=41,207,097@6.91GiB   slots=256,494,836@52.82GiB codes=264,812@1.96GiB    eta=9h15m13.719s
INFO [11-14|20:16:25.080] Syncing: chain download in progress      synced=8.00% chain=30.53GiB  headers=5,458,120@2.69GiB    bodies=5,458,120@14.96GiB   receipts=5,458,120@12.89GiB   eta=7h10m36.386s
INFO [11-14|20:16:30.560] Syncing: state download in progress      synced=6.18% state=61.92GiB   accounts=41,546,548@6.94GiB   slots=257,347,459@53.00GiB codes=266,122@1.97GiB    eta=9h14m2.073s
INFO [11-14|20:16:33.210] Syncing: chain download in progress      synced=8.01% chain=30.68GiB  headers=5,464,972@2.69GiB    bodies=5,464,972@15.03GiB   receipts=5,464,972@12.95GiB   eta=7h11m34.475s
INFO [11-14|20:16:38.680] Syncing: state download in progress      synced=6.21% state=62.14GiB   accounts=41,707,398@6.98GiB   slots=258,238,612@53.18GiB codes=267,254@1.98GiB    eta=9h13m14.923s
INFO [11-14|20:16:41.308] Syncing: chain download in progress      synced=8.02% chain=30.83GiB  headers=5,471,941@2.69GiB    bodies=5,471,941@15.11GiB   receipts=5,471,941@13.02GiB   eta=7h12m31.437s
INFO [11-14|20:16:46.812] Syncing: state download in progress      synced=6.22% state=62.39GiB   accounts=41,782,373@6.99GiB   slots=259,376,745@53.41GiB codes=267,899@1.99GiB    eta=9h14m7.190s
INFO [11-14|20:16:49.384] Syncing: chain download in progress      synced=8.03% chain=30.95GiB  headers=5,477,131@2.70GiB    bodies=5,477,131@15.17GiB   receipts=5,477,131@13.08GiB   eta=7h13m37.213s
WARN [11-14|20:16:53.429] Pivot seemingly stale, moving            old=68,195,509 new=68,195,573
INFO [11-14|20:16:53.454] Syncing: state download in progress      synced=6.23% state=62.59GiB   accounts=41,803,819@7.00GiB   slots=260,340,996@53.60GiB codes=267,983@1.99GiB    eta=9h15m32.502s
WARN [11-14|20:16:53.487] Unexpected account range packet          peer=f2fa17f2 reqid=7,719,278,443,603,956,344
WARN [11-14|20:16:53.493] Unexpected storage ranges packet         peer=f2fa17f2 reqid=5,638,921,534,464,762,249
WARN [11-14|20:16:53.515] Unexpected storage ranges packet         peer=5328b2a2 reqid=8,020,647,881,636,096,004
INFO [11-14|20:16:53.689] Keeping suspended storage retrieval      account=221bf9..01b230
INFO [11-14|20:16:57.863] Syncing: chain download in progress      synced=8.04% chain=31.10GiB  headers=5,483,592@2.70GiB    bodies=5,483,592@15.25GiB   receipts=5,483,592@13.15GiB   eta=7h14m40.846s
INFO [11-14|20:17:01.521] Syncing: state download in progress      synced=6.26% state=62.80GiB   accounts=42,151,041@7.04GiB   slots=261,139,228@53.77GiB codes=269,374@2.00GiB    eta=9h14m2.119s
INFO [11-14|20:17:06.044] Syncing: chain download in progress      synced=8.05% chain=31.23GiB  headers=5,490,800@2.70GiB    bodies=5,490,800@15.31GiB   receipts=5,490,800@13.21GiB   eta=7h15m37.042s
INFO [11-14|20:17:09.611] Syncing: state download in progress      synced=6.31% state=63.04GiB   accounts=42,376,269@7.08GiB   slots=262,014,686@53.95GiB codes=270,946@2.01GiB    eta=9h12m15.630s
INFO [11-14|20:17:14.187] Syncing: chain download in progress      synced=8.06% chain=31.37GiB  headers=5,498,186@2.71GiB    bodies=5,498,186@15.38GiB   receipts=5,498,186@13.28GiB   eta=7h16m31.708s
INFO [11-14|20:17:17.619] Syncing: state download in progress      synced=6.35% state=63.26GiB   accounts=42,612,103@7.13GiB   slots=262,763,164@54.10GiB codes=272,685@2.02GiB    eta=9h10m6.624s
INFO [11-14|20:17:22.303] Syncing: chain download in progress      synced=8.07% chain=31.50GiB  headers=5,503,945@2.71GiB    bodies=5,503,945@15.45GiB   receipts=5,503,945@13.34GiB   eta=7h17m34.376s
INFO [11-14|20:17:25.648] Syncing: state download in progress      synced=6.38% state=63.48GiB   accounts=42,792,854@7.17GiB   slots=263,597,964@54.27GiB codes=274,070@2.03GiB    eta=9h8m57.507s
INFO [11-14|20:17:30.340] Syncing: chain download in progress      synced=8.08% chain=31.64GiB  headers=5,510,074@2.72GiB    bodies=5,510,074@15.53GiB   receipts=5,510,074@13.40GiB   eta=7h18m34.056s
INFO [11-14|20:17:33.656] Syncing: state download in progress      synced=6.42% state=63.70GiB   accounts=42,985,202@7.21GiB   slots=264,466,927@54.45GiB codes=275,406@2.05GiB    eta=9h7m42.189s
INFO [11-14|20:17:38.347] Syncing: chain download in progress      synced=8.09% chain=31.79GiB  headers=5,516,240@2.72GiB    bodies=5,516,240@15.61GiB   receipts=5,516,240@13.47GiB   eta=7h19m33.018s
INFO [11-14|20:17:41.767] Syncing: state download in progress      synced=6.44% state=63.91GiB   accounts=43,135,355@7.24GiB   slots=265,281,875@54.62GiB codes=276,646@2.05GiB    eta=9h6m58.708s
INFO [11-14|20:17:46.565] Syncing: chain download in progress      synced=8.10% chain=31.95GiB  headers=5,523,775@2.72GiB    bodies=5,523,775@15.69GiB   receipts=5,523,775@13.53GiB   eta=7h20m27.130s
WARN [11-14|20:17:54.551] Pivot seemingly stale, moving            old=68,195,573 new=68,195,637
INFO [11-14|20:17:55.096] Syncing: chain download in progress      synced=8.11% chain=32.09GiB  headers=5,529,489@2.73GiB    bodies=5,529,489@15.76GiB   receipts=5,529,489@13.60GiB   eta=7h21m34.119s
INFO [11-14|20:17:55.096] Syncing: state download in progress      synced=6.46% state=64.05GiB   accounts=43,220,954@7.26GiB   slots=265,846,890@54.73GiB codes=277,267@2.06GiB    eta=9h24m17.754s
INFO [11-14|20:18:03.138] Syncing: state download in progress      synced=6.50% state=64.25GiB   accounts=43,606,401@7.30GiB   slots=266,567,103@54.88GiB codes=278,758@2.07GiB    eta=9h22m26.075s
INFO [11-14|20:18:03.139] Syncing: chain download in progress      synced=8.12% chain=32.24GiB  headers=5,535,167@2.73GiB    bodies=5,535,167@15.84GiB   receipts=5,535,167@13.67GiB   eta=7h22m35.569s
INFO [11-14|20:18:11.145] Syncing: state download in progress      synced=6.53% state=64.49GiB   accounts=43,788,647@7.34GiB   slots=267,465,075@55.07GiB codes=280,050@2.08GiB    eta=9h21m26.933s
INFO [11-14|20:18:11.991] Syncing: chain download in progress      synced=8.12% chain=32.34GiB  headers=5,539,728@2.73GiB    bodies=5,539,728@15.89GiB   receipts=5,539,728@13.72GiB   eta=7h23m51.894s
INFO [11-14|20:18:19.187] Syncing: state download in progress      synced=6.57% state=64.72GiB   accounts=43,981,729@7.38GiB   slots=268,327,967@55.25GiB codes=281,423@2.09GiB    eta=9h2m36.564s
INFO [11-14|20:18:20.002] Syncing: chain download in progress      synced=8.14% chain=32.52GiB  headers=5,548,380@2.74GiB    bodies=5,548,380@15.98GiB   receipts=5,548,380@13.80GiB   eta=7h24m37.144s
INFO [11-14|20:18:27.243] Syncing: state download in progress      synced=6.58% state=64.96GiB   accounts=44,067,452@7.40GiB   slots=269,331,381@55.47GiB codes=282,100@2.10GiB    eta=9h3m13.363s
INFO [11-14|20:18:28.527] Syncing: chain download in progress      synced=8.14% chain=32.66GiB  headers=5,554,371@2.74GiB    bodies=5,554,371@16.05GiB   receipts=5,554,371@13.87GiB   eta=7h25m41.994s
INFO [11-14|20:18:36.535] Syncing: chain download in progress      synced=8.15% chain=32.75GiB  headers=5,556,750@2.74GiB    bodies=5,556,750@16.10GiB   receipts=5,556,750@13.91GiB   eta=7h26m59.779s
INFO [11-14|20:18:44.761] Syncing: chain download in progress      synced=8.16% chain=32.94GiB  headers=5,563,143@2.75GiB    bodies=5,563,143@16.20GiB   receipts=5,563,143@13.99GiB   eta=7h27m58.860s
INFO [11-14|20:18:52.822] Syncing: chain download in progress      synced=8.17% chain=33.07GiB  headers=5,568,942@2.75GiB    bodies=5,568,942@16.27GiB   receipts=5,568,942@14.05GiB   eta=7h28m58.998s
INFO [11-14|20:19:00.832] Syncing: chain download in progress      synced=8.18% chain=33.21GiB  headers=5,575,887@2.75GiB    bodies=5,575,887@16.34GiB   receipts=5,575,887@14.12GiB   eta=7h29m52.431s
WARN [11-14|20:19:03.659] Pivot seemingly stale, moving            old=68,195,637 new=68,195,701
INFO [11-14|20:19:04.069] Syncing: state download in progress      synced=6.63% state=65.17GiB   accounts=44,331,818@7.45GiB   slots=270,005,761@55.61GiB codes=284,026@2.11GiB    eta=9h17m49.609s
INFO [11-14|20:19:08.982] Syncing: chain download in progress      synced=8.19% chain=33.36GiB  headers=5,582,028@2.76GiB    bodies=5,582,028@16.42GiB   receipts=5,582,028@14.18GiB   eta=7h30m51.548s
INFO [11-14|20:19:12.105] Syncing: state download in progress      synced=6.67% state=65.38GiB   accounts=44,718,916@7.50GiB   slots=270,705,260@55.76GiB codes=285,635@2.12GiB    eta=9h15m51.268s
INFO [11-14|20:19:17.026] Syncing: chain download in progress      synced=8.19% chain=33.51GiB  headers=5,587,739@2.76GiB    bodies=5,587,739@16.50GiB   receipts=5,587,739@14.25GiB   eta=7h31m51.564s
INFO [11-14|20:19:20.115] Syncing: state download in progress      synced=6.70% state=65.61GiB   accounts=44,858,309@7.53GiB   slots=271,619,545@55.95GiB codes=286,616@2.13GiB    eta=9h15m31.863s
INFO [11-14|20:19:25.451] Syncing: chain download in progress      synced=8.20% chain=33.66GiB  headers=5,592,177@2.76GiB    bodies=5,592,177@16.58GiB   receipts=5,592,177@14.32GiB   eta=7h33m2.450s
INFO [11-14|20:19:33.461] Syncing: chain download in progress      synced=8.21% chain=33.81GiB  headers=5,596,561@2.77GiB    bodies=5,596,561@16.66GiB   receipts=5,596,561@14.38GiB   eta=7h34m8.842s
INFO [11-14|20:19:41.633] Syncing: chain download in progress      synced=8.22% chain=33.94GiB  headers=5,602,416@2.77GiB    bodies=5,602,416@16.74GiB   receipts=5,602,416@14.44GiB   eta=7h35m9.137s
WARN [11-14|20:19:42.676] Pivot seemingly stale, moving            old=68,195,701 new=68,195,765
INFO [11-14|20:19:42.743] Syncing: state download in progress      synced=6.72% state=65.73GiB   accounts=44,976,154@7.55GiB   slots=272,058,233@56.04GiB codes=287,536@2.14GiB    eta=9h14m20.668s
INFO [11-14|20:19:49.686] Syncing: chain download in progress      synced=8.22% chain=34.07GiB  headers=5,608,093@2.77GiB    bodies=5,608,093@16.80GiB   receipts=5,608,093@14.49GiB   eta=7h36m8.900s
INFO [11-14|20:19:50.865] Syncing: state download in progress      synced=6.76% state=65.94GiB   accounts=45,331,359@7.59GiB   slots=272,841,148@56.20GiB codes=288,948@2.15GiB    eta=9h12m58.912s
INFO [11-14|20:19:57.813] Syncing: chain download in progress      synced=8.23% chain=34.22GiB  headers=5,613,895@2.78GiB    bodies=5,613,895@16.88GiB   receipts=5,613,895@14.56GiB   eta=7h37m8.694s
INFO [11-14|20:19:58.868] Syncing: state download in progress      synced=6.79% state=66.17GiB   accounts=45,502,865@7.62GiB   slots=273,779,353@56.39GiB codes=290,273@2.16GiB    eta=9h12m11.303s
INFO [11-14|20:20:06.162] Syncing: chain download in progress      synced=8.24% chain=34.36GiB  headers=5,618,360@2.78GiB    bodies=5,618,360@16.96GiB   receipts=5,618,360@14.62GiB   eta=7h38m17.888s
INFO [11-14|20:20:06.884] Syncing: state download in progress      synced=6.80% state=66.40GiB   accounts=45,599,353@7.64GiB   slots=274,827,402@56.60GiB codes=290,882@2.16GiB    eta=9h12m35.386s
INFO [11-14|20:20:14.236] Syncing: chain download in progress      synced=8.25% chain=34.51GiB  headers=5,623,766@2.78GiB    bodies=5,623,766@17.04GiB   receipts=5,623,766@14.69GiB   eta=7h39m18.960s
WARN [11-14|20:20:18.766] Pivot seemingly stale, moving            old=68,195,765 new=68,195,829
INFO [11-14|20:20:18.903] Syncing: state download in progress      synced=6.81% state=66.51GiB   accounts=45,631,487@7.65GiB   slots=275,306,200@56.69GiB codes=291,222@2.17GiB    eta=9h12m49.385s
INFO [11-14|20:20:22.356] Syncing: chain download in progress      synced=8.26% chain=34.66GiB  headers=5,631,054@2.79GiB    bodies=5,631,054@17.12GiB   receipts=5,631,054@14.75GiB   eta=7h40m10.335s
INFO [11-14|20:20:26.969] Syncing: state download in progress      synced=6.82% state=66.73GiB   accounts=45,856,508@7.66GiB   slots=276,336,283@56.89GiB codes=291,608@2.17GiB    eta=9h13m45.457s
INFO [11-14|20:20:30.404] Syncing: chain download in progress      synced=8.27% chain=34.81GiB  headers=5,638,522@2.79GiB    bodies=5,638,522@17.20GiB   receipts=5,638,522@14.82GiB   eta=7h40m59.713s
INFO [11-14|20:20:35.054] Syncing: state download in progress      synced=6.84% state=66.96GiB   accounts=45,952,824@7.68GiB   slots=277,395,646@57.11GiB codes=292,306@2.17GiB    eta=9h14m12.631s
INFO [11-14|20:20:38.943] Syncing: chain download in progress      synced=8.28% chain=34.94GiB  headers=5,644,243@2.79GiB    bodies=5,644,243@17.27GiB   receipts=5,644,243@14.88GiB   eta=7h42m3.801s
INFO [11-14|20:20:43.086] Syncing: state download in progress      synced=6.86% state=67.20GiB   accounts=46,081,388@7.71GiB   slots=278,431,017@57.31GiB codes=293,279@2.18GiB    eta=9h14m10.386s
INFO [11-14|20:20:47.019] Syncing: chain download in progress      synced=8.28% chain=35.11GiB  headers=5,649,927@2.80GiB    bodies=5,649,927@17.36GiB   receipts=5,649,927@14.95GiB   eta=7h43m2.827s
INFO [11-14|20:20:51.169] Syncing: state download in progress      synced=6.88% state=67.43GiB   accounts=46,177,837@7.73GiB   slots=279,443,849@57.52GiB codes=293,932@2.19GiB    eta=9h14m30.332s
INFO [11-14|20:20:55.075] Syncing: chain download in progress      synced=8.29% chain=35.25GiB  headers=5,655,306@2.80GiB    bodies=5,655,306@17.44GiB   receipts=5,655,306@15.01GiB   eta=7h44m3.103s
INFO [11-14|20:21:03.815] Syncing: chain download in progress      synced=8.30% chain=35.35GiB  headers=5,659,847@2.80GiB    bodies=5,659,847@17.49GiB   receipts=5,659,847@15.06GiB   eta=7h45m15.311s
INFO [11-14|20:21:13.113] Syncing: chain download in progress      synced=8.31% chain=35.50GiB  headers=5,666,656@2.81GiB    bodies=5,666,656@17.57GiB   receipts=5,666,656@15.12GiB   eta=7h46m21.304s
INFO [11-14|20:21:21.211] Syncing: chain download in progress      synced=8.32% chain=35.59GiB  headers=5,670,712@2.81GiB    bodies=5,670,712@17.62GiB   receipts=5,670,712@15.17GiB   eta=7h47m28.767s
INFO [11-14|20:21:29.337] Syncing: chain download in progress      synced=8.32% chain=35.74GiB  headers=5,675,988@2.81GiB    bodies=5,675,988@17.69GiB   receipts=5,675,988@15.23GiB   eta=7h48m29.858s
WARN [11-14|20:21:29.768] Pivot seemingly stale, moving            old=68,195,829 new=68,195,893
INFO [11-14|20:21:29.905] Syncing: state download in progress      synced=6.90% state=67.65GiB   accounts=46,306,571@7.75GiB   slots=280,403,787@57.71GiB codes=294,863@2.19GiB    eta=9h31m20.266s
INFO [11-14|20:21:37.523] Syncing: chain download in progress      synced=8.33% chain=35.87GiB  headers=5,680,705@2.81GiB    bodies=5,680,705@17.77GiB   receipts=5,680,705@15.29GiB   eta=7h49m34.469s
INFO [11-14|20:21:37.942] Syncing: state download in progress      synced=6.92% state=67.89GiB   accounts=46,548,200@7.77GiB   slots=281,469,662@57.92GiB codes=295,522@2.20GiB    eta=9h31m59.561s
INFO [11-14|20:21:45.752] Syncing: chain download in progress      synced=8.34% chain=36.04GiB  headers=5,687,634@2.82GiB    bodies=5,687,634@17.85GiB   receipts=5,687,634@15.36GiB   eta=7h50m27.479s
INFO [11-14|20:21:45.962] Syncing: state download in progress      synced=6.94% state=68.11GiB   accounts=46,644,810@7.79GiB   slots=282,434,576@58.11GiB codes=296,165@2.20GiB    eta=9h32m16.752s
INFO [11-14|20:21:54.008] Syncing: chain download in progress      synced=8.35% chain=36.19GiB  headers=5,693,774@2.82GiB    bodies=5,693,774@17.94GiB   receipts=5,693,774@15.42GiB   eta=7h51m24.896s
INFO [11-14|20:22:02.117] Syncing: chain download in progress      synced=8.36% chain=36.33GiB  headers=5,698,795@2.82GiB    bodies=5,698,795@18.02GiB   receipts=5,698,795@15.49GiB   eta=7h52m26.621s
WARN [11-14|20:22:05.797] Pivot seemingly stale, moving            old=68,195,893 new=68,195,957
INFO [11-14|20:22:05.861] Syncing: state download in progress      synced=6.94% state=68.12GiB   accounts=46,655,515@7.79GiB   slots=282,506,850@58.13GiB codes=296,328@2.21GiB    eta=9h31m56.761s
INFO [11-14|20:22:10.265] Syncing: chain download in progress      synced=8.36% chain=36.48GiB  headers=5,703,697@2.83GiB    bodies=5,703,697@18.10GiB   receipts=5,703,697@15.55GiB   eta=7h53m29.356s
INFO [11-14|20:22:13.904] Syncing: state download in progress      synced=6.97% state=68.32GiB   accounts=46,990,441@7.83GiB   slots=283,223,433@58.28GiB codes=297,537@2.21GiB    eta=9h30m39.272s
INFO [11-14|20:22:19.110] Syncing: chain download in progress      synced=8.37% chain=36.61GiB  headers=5,708,918@2.83GiB    bodies=5,708,918@18.18GiB   receipts=5,708,918@15.61GiB   eta=7h54m37.843s
INFO [11-14|20:22:21.920] Syncing: state download in progress      synced=6.97% state=68.58GiB   accounts=46,990,441@7.83GiB   slots=284,396,624@58.53GiB codes=297,675@2.22GiB    eta=9h32m47.966s
INFO [11-14|20:22:27.287] Syncing: chain download in progress      synced=8.38% chain=36.80GiB  headers=5,716,625@2.83GiB    bodies=5,716,625@18.28GiB   receipts=5,716,625@15.68GiB   eta=7h55m25.313s
INFO [11-14|20:22:29.924] Syncing: state download in progress      synced=6.99% state=68.80GiB   accounts=47,086,733@7.85GiB   slots=285,340,536@58.73GiB codes=298,346@2.22GiB    eta=9h33m8.619s
INFO [11-14|20:22:35.874] Syncing: chain download in progress      synced=8.39% chain=36.90GiB  headers=5,720,833@2.84GiB    bodies=5,720,833@18.33GiB   receipts=5,720,833@15.73GiB   eta=7h56m36.176s
INFO [11-14|20:22:43.946] Syncing: chain download in progress      synced=8.40% chain=37.10GiB  headers=5,725,925@2.84GiB    bodies=5,725,925@18.47GiB   receipts=5,725,925@15.79GiB   eta=7h57m36.502s
WARN [11-14|20:22:44.912] Pivot seemingly stale, moving            old=68,195,957 new=68,196,021
INFO [11-14|20:22:45.969] Syncing: state download in progress      synced=7.01% state=68.93GiB   accounts=47,226,044@7.88GiB   slots=285,783,530@58.82GiB codes=299,391@2.23GiB    eta=9h31m46.248s
INFO [11-14|20:22:52.756] Syncing: chain download in progress      synced=8.40% chain=37.26GiB  headers=5,730,453@2.84GiB    bodies=5,730,453@18.57GiB   receipts=5,730,453@15.85GiB   eta=7h58m47.789s
INFO [11-14|20:22:53.977] Syncing: state download in progress      synced=7.05% state=69.11GiB   accounts=47,579,469@7.92GiB   slots=286,389,559@58.95GiB codes=300,779@2.24GiB    eta=9h30m16.839s
INFO [11-14|20:23:01.560] Syncing: chain download in progress      synced=8.41% chain=37.43GiB  headers=5,735,236@2.85GiB    bodies=5,735,236@18.67GiB   receipts=5,735,236@15.92GiB   eta=7h59m57.544s
INFO [11-14|20:23:02.031] Syncing: state download in progress      synced=7.07% state=69.34GiB   accounts=47,718,857@7.95GiB   slots=287,336,483@59.15GiB codes=301,792@2.25GiB    eta=9h30m0.592s
INFO [11-14|20:23:09.838] Syncing: chain download in progress      synced=8.42% chain=37.60GiB  headers=5,741,212@2.85GiB    bodies=5,741,212@18.76GiB   receipts=5,741,212@15.99GiB   eta=8h0m54.871s
INFO [11-14|20:23:10.152] Syncing: state download in progress      synced=7.11% state=69.56GiB   accounts=47,901,126@7.98GiB   slots=288,164,750@59.32GiB codes=303,074@2.26GiB    eta=9h28m55.695s
INFO [11-14|20:23:17.873] Syncing: chain download in progress      synced=8.43% chain=37.76GiB  headers=5,747,704@2.85GiB    bodies=5,747,704@18.85GiB   receipts=5,747,704@16.06GiB   eta=8h1m46.576s
INFO [11-14|20:23:18.160] Syncing: state download in progress      synced=7.12% state=69.79GiB   accounts=47,954,769@7.99GiB   slots=289,237,290@59.53GiB codes=303,529@2.26GiB    eta=9h29m56.738s
WARN [11-14|20:23:20.892] Pivot seemingly stale, moving            old=68,196,021 new=68,196,085
INFO [11-14|20:23:21.067] Syncing: state download in progress      synced=7.12% state=69.86GiB   accounts=47,997,679@8.00GiB   slots=289,531,000@59.60GiB codes=303,689@2.26GiB    eta=9h29m52.141s
WARN [11-14|20:23:21.136] Unexpected storage ranges packet         peer=5328b2a2 reqid=34,642,926,811,613,810
WARN [11-14|20:23:21.157] Unexpected account range packet          peer=f2fa17f2 reqid=5,006,455,698,694,127,157
INFO [11-14|20:23:25.893] Syncing: chain download in progress      synced=8.44% chain=37.91GiB  headers=5,754,032@2.86GiB    bodies=5,754,032@18.94GiB   receipts=5,754,032@16.12GiB   eta=8h2m38.938s
INFO [11-14|20:23:29.114] Syncing: state download in progress      synced=7.15% state=70.08GiB   accounts=48,276,138@8.03GiB   slots=290,477,738@59.79GiB codes=304,626@2.27GiB    eta=9h29m49.328s
INFO [11-14|20:23:34.054] Syncing: chain download in progress      synced=8.45% chain=38.06GiB  headers=5,759,212@2.86GiB    bodies=5,759,212@19.02GiB   receipts=5,759,212@16.18GiB   eta=8h3m38.972s
INFO [11-14|20:23:37.198] Syncing: state download in progress      synced=7.17% state=70.32GiB   accounts=48,406,102@8.05GiB   slots=291,481,487@59.99GiB codes=305,593@2.28GiB    eta=9h29m43.662s
INFO [11-14|20:23:42.320] Syncing: chain download in progress      synced=8.45% chain=38.19GiB  headers=5,763,238@2.86GiB    bodies=5,763,238@19.09GiB   receipts=5,763,238@16.24GiB   eta=8h4m46.339s
INFO [11-14|20:23:45.237] Syncing: state download in progress      synced=7.18% state=70.56GiB   accounts=48,470,437@8.07GiB   slots=292,484,283@60.21GiB codes=306,032@2.28GiB    eta=9h30m37.943s
INFO [11-14|20:23:50.529] Syncing: chain download in progress      synced=8.46% chain=38.35GiB  headers=5,768,796@2.87GiB    bodies=5,768,796@19.18GiB   receipts=5,768,796@16.31GiB   eta=8h5m44.554s
INFO [11-14|20:23:53.282] Syncing: state download in progress      synced=7.22% state=70.79GiB   accounts=48,663,310@8.11GiB   slots=293,293,996@60.39GiB codes=307,545@2.29GiB    eta=9h29m28.648s
INFO [11-14|20:23:58.658] Syncing: chain download in progress      synced=8.47% chain=38.50GiB  headers=5,774,885@2.87GiB    bodies=5,774,885@19.26GiB   receipts=5,774,885@16.38GiB   eta=8h6m38.889s
INFO [11-14|20:24:01.294] Syncing: state download in progress      synced=7.23% state=71.02GiB   accounts=48,749,050@8.12GiB   slots=294,224,880@60.60GiB codes=308,212@2.30GiB    eta=9h30m3.433s
INFO [11-14|20:24:06.746] Syncing: chain download in progress      synced=8.48% chain=38.64GiB  headers=5,781,036@2.87GiB    bodies=5,781,036@19.33GiB   receipts=5,781,036@16.44GiB   eta=8h7m32.248s
INFO [11-14|20:24:09.314] Syncing: state download in progress      synced=7.26% state=71.26GiB   accounts=48,877,623@8.15GiB   slots=295,112,783@60.81GiB codes=309,087@2.30GiB    eta=9h29m59.056s
INFO [11-14|20:24:14.868] Syncing: chain download in progress      synced=8.48% chain=38.80GiB  headers=5,786,246@2.88GiB    bodies=5,786,246@19.42GiB   receipts=5,786,246@16.50GiB   eta=8h8m31.092s
INFO [11-14|20:24:23.166] Syncing: chain download in progress      synced=8.49% chain=38.96GiB  headers=5,791,326@2.88GiB    bodies=5,791,326@19.51GiB   receipts=5,791,326@16.57GiB   eta=8h9m32.422s
INFO [11-14|20:24:33.905] Syncing: chain download in progress      synced=8.50% chain=39.10GiB  headers=5,795,340@2.88GiB    bodies=5,795,340@19.59GiB   receipts=5,795,340@16.63GiB   eta=8h11m5.818s
WARN [11-14|20:24:39.041] Pivot seemingly stale, moving            old=68,196,085 new=68,196,149
INFO [11-14|20:24:39.331] Syncing: state download in progress      synced=7.26% state=71.29GiB   accounts=48,888,275@8.15GiB   slots=295,231,627@60.83GiB codes=309,259@2.31GiB    eta=9h29m35.497s
INFO [11-14|20:24:42.222] Syncing: chain download in progress      synced=8.51% chain=39.29GiB  headers=5,801,563@2.88GiB    bodies=5,801,563@19.70GiB   receipts=5,801,563@16.70GiB   eta=8h12m0.750s
INFO [11-14|20:24:47.334] Syncing: state download in progress      synced=7.28% state=71.50GiB   accounts=49,189,841@8.18GiB   slots=295,995,161@61.01GiB codes=310,254@2.31GiB    eta=9h29m6.509s
INFO [11-14|20:24:50.645] Syncing: chain download in progress      synced=8.52% chain=39.44GiB  headers=5,807,838@2.89GiB    bodies=5,807,838@19.78GiB   receipts=5,807,838@16.77GiB   eta=8h12m56.364s
INFO [11-14|20:24:55.338] Syncing: state download in progress      synced=7.32% state=71.75GiB   accounts=49,404,016@8.23GiB   slots=296,877,315@61.20GiB codes=311,786@2.33GiB    eta=9h27m45.770s
INFO [11-14|20:24:59.176] Syncing: chain download in progress      synced=8.53% chain=39.59GiB  headers=5,814,027@2.89GiB    bodies=5,814,027@19.87GiB   receipts=5,814,027@16.83GiB   eta=8h13m53.504s
INFO [11-14|20:25:07.316] Syncing: chain download in progress      synced=8.53% chain=39.76GiB  headers=5,819,846@2.89GiB    bodies=5,819,846@19.96GiB   receipts=5,819,846@16.90GiB   eta=8h14m48.313s
WARN [11-14|20:25:15.032] Pivot seemingly stale, moving            old=68,196,149 new=68,196,213
INFO [11-14|20:25:15.176] Syncing: state download in progress      synced=7.34% state=71.83GiB   accounts=49,508,288@8.25GiB   slots=297,157,812@61.25GiB codes=312,700@2.33GiB    eta=9h44m5.207s
INFO [11-14|20:25:15.464] Syncing: chain download in progress      synced=8.54% chain=39.91GiB  headers=5,825,140@2.90GiB    bodies=5,825,140@20.05GiB   receipts=5,825,140@16.97GiB   eta=8h15m46.136s
INFO [11-14|20:25:23.207] Syncing: state download in progress      synced=7.37% state=71.97GiB   accounts=49,840,258@8.28GiB   slots=297,621,102@61.35GiB codes=313,689@2.34GiB    eta=9h42m38.699s
INFO [11-14|20:25:23.603] Syncing: chain download in progress      synced=8.55% chain=40.06GiB  headers=5,831,184@2.90GiB    bodies=5,831,184@20.13GiB   receipts=5,831,184@17.03GiB   eta=8h16m39.445s
ERROR[11-14|20:25:30.222] Error importing chain data to ancients   err="can't append block body 5837204: write /home/alessio/Projects/bsc/bsc-data-minimal/geth/chaindata/ancient/chain/bodies.0010.cdat: no space left on device"
INFO [11-14|20:25:30.283] Syncing: state download in progress      synced=7.40% state=72.16GiB   accounts=50,022,654@8.32GiB   slots=298,295,079@61.49GiB codes=315,145@2.35GiB    eta=9h41m19.480s
WARN [11-14|20:25:30.339] Unexpected account range packet          peer=f2fa17f2 reqid=6,284,447,423,644,915,288
WARN [11-14|20:25:30.354] Unexpected storage ranges packet         peer=f2fa17f2 reqid=2,122,647,096,002,843,458
WARN [11-14|20:25:30.368] Synchronisation failed, dropping peer    peer=5328b2a21f9689c43863a950f294905f85f87c7ef1066621a349a9d9b55b800a name=Geth/v1.6.2/linux-am... td=135,807,285 err="retrieved hash chain is invalid: can't append block body 5837204: write /home/alessio/Projects/bsc/bsc-data-minimal/geth/chaindata/ancient/chain/bodies.0010.cdat: no space left on device"
ERROR[11-14|20:25:30.368] Reject duplicated disable operation
WARN [11-14|20:25:30.368] Synchronisation failed, retrying         peer=5328b2a21f9689c43863a950f294905f85f87c7ef1066621a349a9d9b55b800a err="write tcp 37.27.65.57:37626->64.130.57.167:30303: use of closed network connection"
ERROR[11-14|20:25:30.368] Reject duplicated disable operation
WARN [11-14|20:25:30.368] Synchronisation failed, retrying         peer=5328b2a21f9689c43863a950f294905f85f87c7ef1066621a349a9d9b55b800a err="shutting down"
ERROR[11-14|20:25:30.368] Reject duplicated disable operation
WARN [11-14|20:25:30.368] Synchronisation failed, retrying         peer=5328b2a21f9689c43863a950f294905f85f87c7ef1066621a349a9d9b55b800a err="shutting down"
ERROR[11-14|20:25:30.368] Reject duplicated disable operation
WARN [11-14|20:25:30.369] Synchronisation failed, retrying         peer=5328b2a21f9689c43863a950f294905f85f87c7ef1066621a349a9d9b55b800a err="shutting down"
ERROR[11-14|20:25:30.369] Reject duplicated disable operation
WARN [11-14|20:25:30.369] Synchronisation failed, retrying         peer=5328b2a21f9689c43863a950f294905f85f87c7ef1066621a349a9d9b55b800a err="shutting down"
ERROR[11-14|20:25:30.369] Reject duplicated disable operation
WARN [11-14|20:25:30.369] Synchronisation failed, retrying         peer=5328b2a21f9689c43863a950f294905f85f87c7ef1066621a349a9d9b55b800a err="shutting down"
ERROR[11-14|20:25:30.369] Reject duplicated disable operation
WARN [11-14|20:25:30.369] Synchronisation failed, retrying         peer=5328b2a21f9689c43863a950f294905f85f87c7ef1066621a349a9d9b55b800a err="shutting down"
ERROR[11-14|20:25:30.369] Reject duplicated disable operation
WARN [11-14|20:25:30.369] Synchronisation failed, retrying         peer=5328b2a21f9689c43863a950f294905f85f87c7ef1066621a349a9d9b55b800a err="shutting down"
ERROR[11-14|20:25:30.369] Reject duplicated disable operation
WARN [11-14|20:25:30.369] Synchronisation failed, retrying         peer=5328b2a21f9689c43863a950f294905f85f87c7ef1066621a349a9d9b55b800a err="shutting down"
ERROR[11-14|20:25:30.369] Reject duplicated disable operation
WARN [11-14|20:25:30.369] Synchronisation failed, retrying         peer=5328b2a21f9689c43863a950f294905f85f87c7ef1066621a349a9d9b55b800a err="shutting down"
ERROR[11-14|20:25:30.369] Reject duplicated disable operation
WARN [11-14|20:25:30.369] Synchronisation failed, retrying         peer=5328b2a21f9689c43863a950f294905f85f87c7ef1066621a349a9d9b55b800a err="shutting down"
ERROR[11-14|20:25:30.369] Reject duplicated disable operation
WARN [11-14|20:25:30.370] Synchronisation failed, retrying         peer=5328b2a21f9689c43863a950f294905f85f87c7ef1066621a349a9d9b55b800a err="shutting down"
ERROR[11-14|20:25:30.370] Reject duplicated disable operation
WARN [11-14|20:25:30.370] Synchronisation failed, retrying         peer=5328b2a21f9689c43863a950f294905f85f87c7ef1066621a349a9d9b55b800a err="shutting down"
ERROR[11-14|20:25:30.370] Reject duplicated disable operation
WARN [11-14|20:25:30.370] Synchronisation failed, retrying         peer=5328b2a21f9689c43863a950f294905f85f87c7ef1066621a349a9d9b55b800a err="shutting down"
ERROR[11-14|20:25:30.370] Reject duplicated disable operation
WARN [11-14|20:25:30.370] Synchronisation failed, retrying         peer=5328b2a21f9689c43863a950f294905f85f87c7ef1066621a349a9d9b55b800a err="shutting down"
ERROR[11-14|20:25:30.370] Reject duplicated disable operation
WARN [11-14|20:25:30.370] Synchronisation failed, retrying         peer=5328b2a21f9689c43863a950f294905f85f87c7ef1066621a349a9d9b55b800a err="shutting down"
ERROR[11-14|20:25:30.370] Reject duplicated disable operation
WARN [11-14|20:25:30.370] Synchronisation failed, retrying         peer=5328b2a21f9689c43863a950f294905f85f87c7ef1066621a349a9d9b55b800a err="shutting down"
ERROR[11-14|20:25:30.370] Reject duplicated disable operation
WARN [11-14|20:25:30.370] Synchronisation failed, retrying         peer=5328b2a21f9689c43863a950f294905f85f87c7ef1066621a349a9d9b55b800a err="shutting down"
ERROR[11-14|20:25:30.370] Reject duplicated disable operation
WARN [11-14|20:25:30.370] Synchronisation failed, retrying         peer=5328b2a21f9689c43863a950f294905f85f87c7ef1066621a349a9d9b55b800a err="shutting down"
ERROR[11-14|20:25:30.370] Reject duplicated disable operation
WARN [11-14|20:25:30.370] Synchronisation failed, retrying         peer=5328b2a21f9689c43863a950f294905f85f87c7ef1066621a349a9d9b55b800a err="shutting down"
ERROR[11-14|20:25:30.370] Reject duplicated disable operation
WARN [11-14|20:25:30.371] Synchronisation failed, retrying         peer=5328b2a21f9689c43863a950f294905f85f87c7ef1066621a349a9d9b55b800a err="shutting down"
ERROR[11-14|20:25:30.371] Reject duplicated disable operation
WARN [11-14|20:25:30.371] Synchronisation failed, retrying         peer=5328b2a21f9689c43863a950f294905f85f87c7ef1066621a349a9d9b55b800a err="shutting down"
ERROR[11-14|20:25:30.371] Reject duplicated disable operation
WARN [11-14|20:25:30.371] Synchronisation failed, retrying         peer=5328b2a21f9689c43863a950f294905f85f87c7ef1066621a349a9d9b55b800a err="shutting down"
ERROR[11-14|20:25:30.371] Reject duplicated disable operation
WARN [11-14|20:25:30.371] Synchronisation failed, retrying         peer=5328b2a21f9689c43863a950f294905f85f87c7ef1066621a349a9d9b55b800a err="shutting down"
ERROR[11-14|20:25:30.371] Reject duplicated disable operation
WARN [11-14|20:25:30.371] Synchronisation failed, retrying         peer=5328b2a21f9689c43863a950f294905f85f87c7ef1066621a349a9d9b55b800a err="shutting down"
ERROR[11-14|20:25:30.371] Reject duplicated disable operation
WARN [11-14|20:25:30.371] Synchronisation failed, retrying         peer=5328b2a21f9689c43863a950f294905f85f87c7ef1066621a349a9d9b55b800a err="shutting down"
ERROR[11-14|20:25:30.371] Reject duplicated disable operation
WARN [11-14|20:25:30.371] Synchronisation failed, retrying         peer=5328b2a21f9689c43863a950f294905f85f87c7ef1066621a349a9d9b55b800a err="shutting down"
ERROR[11-14|20:25:30.371] Reject duplicated disable operation
WARN [11-14|20:25:30.371] Synchronisation failed, retrying         peer=5328b2a21f9689c43863a950f294905f85f87c7ef1066621a349a9d9b55b800a err="shutting down"
ERROR[11-14|20:25:30.371] Reject duplicated disable operation
WARN [11-14|20:25:30.371] Synchronisation failed, retrying         peer=5328b2a21f9689c43863a950f294905f85f87c7ef1066621a349a9d9b55b800a err="shutting down"
ERROR[11-14|20:25:30.372] Reject duplicated disable operation
WARN [11-14|20:25:30.372] Synchronisation failed, retrying         peer=5328b2a21f9689c43863a950f294905f85f87c7ef1066621a349a9d9b55b800a err="shutting down"
ERROR[11-14|20:25:30.372] Reject duplicated disable operation
WARN [11-14|20:25:30.372] Synchronisation failed, retrying         peer=5328b2a21f9689c43863a950f294905f85f87c7ef1066621a349a9d9b55b800a err="shutting down"
ERROR[11-14|20:25:30.372] Reject duplicated disable operation
WARN [11-14|20:25:30.372] Synchronisation failed, retrying         peer=5328b2a21f9689c43863a950f294905f85f87c7ef1066621a349a9d9b55b800a err="shutting down"
ERROR[11-14|20:25:30.372] Reject duplicated disable operation
WARN [11-14|20:25:30.372] Synchronisation failed, retrying         peer=5328b2a21f9689c43863a950f294905f85f87c7ef1066621a349a9d9b55b800a err="shutting down"
ERROR[11-14|20:25:30.372] Reject duplicated disable operation
WARN [11-14|20:25:30.372] Synchronisation failed, retrying         peer=5328b2a21f9689c43863a950f294905f85f87c7ef1066621a349a9d9b55b800a err="shutting down"
ERROR[11-14|20:25:30.372] Reject duplicated disable operation
WARN [11-14|20:25:30.372] Synchronisation failed, retrying         peer=5328b2a21f9689c43863a950f294905f85f87c7ef1066621a349a9d9b55b800a err="shutting down"
ERROR[11-14|20:25:30.372] Reject duplicated disable operation
WARN [11-14|20:25:30.372] Synchronisation failed, retrying         peer=5328b2a21f9689c43863a950f294905f85f87c7ef1066621a349a9d9b55b800a err="shutting down"
ERROR[11-14|20:25:30.372] Reject duplicated disable operation
WARN [11-14|20:25:30.372] Synchronisation failed, retrying         peer=5328b2a21f9689c43863a950f294905f85f87c7ef1066621a349a9d9b55b800a err="shutting down"
ERROR[11-14|20:25:30.372] Reject duplicated disable operation
WARN [11-14|20:25:30.372] Synchronisation failed, retrying         peer=5328b2a21f9689c43863a950f294905f85f87c7ef1066621a349a9d9b55b800a err="shutting down"
ERROR[11-14|20:25:30.372] Reject duplicated disable operation
WARN [11-14|20:25:30.373] Synchronisation failed, retrying         peer=5328b2a21f9689c43863a950f294905f85f87c7ef1066621a349a9d9b55b800a err="shutting down"
ERROR[11-14|20:25:30.373] Reject duplicated disable operation
WARN [11-14|20:25:30.373] Synchronisation failed, retrying         peer=5328b2a21f9689c43863a950f294905f85f87c7ef1066621a349a9d9b55b800a err="shutting down"
ERROR[11-14|20:25:30.373] Reject duplicated disable operation
WARN [11-14|20:25:30.373] Synchronisation failed, retrying         peer=5328b2a21f9689c43863a950f294905f85f87c7ef1066621a349a9d9b55b800a err="shutting down"
ERROR[11-14|20:25:30.373] Reject duplicated disable operation
WARN [11-14|20:25:30.373] Synchronisation failed, retrying         peer=5328b2a21f9689c43863a950f294905f85f87c7ef1066621a349a9d9b55b800a err="shutting down"
ERROR[11-14|20:25:30.373] Reject duplicated disable operation
WARN [11-14|20:25:30.373] Synchronisation failed, retrying         peer=5328b2a21f9689c43863a950f294905f85f87c7ef1066621a349a9d9b55b800a err="shutting down"
ERROR[11-14|20:25:30.373] Reject duplicated disable operation
WARN [11-14|20:25:30.373] Synchronisation failed, retrying         peer=5328b2a21f9689c43863a950f294905f85f87c7ef1066621a349a9d9b55b800a err="shutting down"
ERROR[11-14|20:25:30.373] Reject duplicated disable operation
WARN [11-14|20:25:30.373] Synchronisation failed, retrying         peer=5328b2a21f9689c43863a950f294905f85f87c7ef1066621a349a9d9b55b800a err="shutting down"
ERROR[11-14|20:25:30.373] Reject duplicated disable operation
WARN [11-14|20:25:30.373] Synchronisation failed, retrying         peer=5328b2a21f9689c43863a950f294905f85f87c7ef1066621a349a9d9b55b800a err="shutting down"
ERROR[11-14|20:25:30.373] Reject duplicated disable operation
WARN [11-14|20:25:30.373] Synchronisation failed, retrying         peer=5328b2a21f9689c43863a950f294905f85f87c7ef1066621a349a9d9b55b800a err="shutting down"
ERROR[11-14|20:25:30.373] Reject duplicated disable operation
WARN [11-14|20:25:30.373] Synchronisation failed, retrying         peer=5328b2a21f9689c43863a950f294905f85f87c7ef1066621a349a9d9b55b800a err="shutting down"
ERROR[11-14|20:25:30.373] Reject duplicated disable operation
WARN [11-14|20:25:30.374] Synchronisation failed, retrying         peer=5328b2a21f9689c43863a950f294905f85f87c7ef1066621a349a9d9b55b800a err="shutting down"
ERROR[11-14|20:25:30.374] Reject duplicated disable operation
WARN [11-14|20:25:30.374] Synchronisation failed, retrying         peer=5328b2a21f9689c43863a950f294905f85f87c7ef1066621a349a9d9b55b800a err="shutting down"
ERROR[11-14|20:25:30.374] Reject duplicated disable operation
WARN [11-14|20:25:30.374] Synchronisation failed, retrying         peer=5328b2a21f9689c43863a950f294905f85f87c7ef1066621a349a9d9b55b800a err="shutting down"
ERROR[11-14|20:25:30.374] Reject duplicated disable operation
WARN [11-14|20:25:30.374] Synchronisation failed, retrying         peer=5328b2a21f9689c43863a950f294905f85f87c7ef1066621a349a9d9b55b800a err="shutting down"
ERROR[11-14|20:25:30.374] Reject duplicated disable operation
WARN [11-14|20:25:30.374] Synchronisation failed, retrying         peer=5328b2a21f9689c43863a950f294905f85f87c7ef1066621a349a9d9b55b800a err="shutting down"
ERROR[11-14|20:25:30.374] Reject duplicated disable operation
WARN [11-14|20:25:30.374] Synchronisation failed, retrying         peer=5328b2a21f9689c43863a950f294905f85f87c7ef1066621a349a9d9b55b800a err="shutting down"
ERROR[11-14|20:25:30.374] Reject duplicated disable operation
WARN [11-14|20:25:30.374] Synchronisation failed, retrying         peer=5328b2a21f9689c43863a950f294905f85f87c7ef1066621a349a9d9b55b800a err="shutting down"
ERROR[11-14|20:25:30.374] Reject duplicated disable operation
WARN [11-14|20:25:30.374] Synchronisation failed, retrying         peer=5328b2a21f9689c43863a950f294905f85f87c7ef1066621a349a9d9b55b800a err="shutting down"
ERROR[11-14|20:25:30.374] Reject duplicated disable operation
WARN [11-14|20:25:30.374] Synchronisation failed, retrying         peer=5328b2a21f9689c43863a950f294905f85f87c7ef1066621a349a9d9b55b800a err="shutting down"
ERROR[11-14|20:25:30.374] Reject duplicated disable operation
WARN [11-14|20:25:30.374] Synchronisation failed, retrying         peer=5328b2a21f9689c43863a950f294905f85f87c7ef1066621a349a9d9b55b800a err="shutting down"
ERROR[11-14|20:25:30.374] Reject duplicated disable operation
WARN [11-14|20:25:30.374] Synchronisation failed, retrying         peer=5328b2a21f9689c43863a950f294905f85f87c7ef1066621a349a9d9b55b800a err="shutting down"
ERROR[11-14|20:25:30.374] Reject duplicated disable operation
WARN [11-14|20:25:30.374] Synchronisation failed, retrying         peer=5328b2a21f9689c43863a950f294905f85f87c7ef1066621a349a9d9b55b800a err="shutting down"
ERROR[11-14|20:25:30.374] Reject duplicated disable operation
WARN [11-14|20:25:30.374] Synchronisation failed, retrying         peer=5328b2a21f9689c43863a950f294905f85f87c7ef1066621a349a9d9b55b800a err="shutting down"
ERROR[11-14|20:25:30.375] Reject duplicated disable operation
WARN [11-14|20:25:30.375] Synchronisation failed, retrying         peer=5328b2a21f9689c43863a950f294905f85f87c7ef1066621a349a9d9b55b800a err="shutting down"
ERROR[11-14|20:25:30.375] Reject duplicated disable operation
WARN [11-14|20:25:30.375] Synchronisation failed, retrying         peer=5328b2a21f9689c43863a950f294905f85f87c7ef1066621a349a9d9b55b800a err="shutting down"
ERROR[11-14|20:25:30.375] Reject duplicated disable operation
WARN [11-14|20:25:30.375] Synchronisation failed, retrying         peer=5328b2a21f9689c43863a950f294905f85f87c7ef1066621a349a9d9b55b800a err="shutting down"
ERROR[11-14|20:25:30.375] Reject duplicated disable operation
WARN [11-14|20:25:30.375] Synchronisation failed, retrying         peer=5328b2a21f9689c43863a950f294905f85f87c7ef1066621a349a9d9b55b800a err="shutting down"
ERROR[11-14|20:25:30.375] Reject duplicated disable operation
WARN [11-14|20:25:30.375] Synchronisation failed, retrying         peer=5328b2a21f9689c43863a950f294905f85f87c7ef1066621a349a9d9b55b800a err="shutting down"
ERROR[11-14|20:25:30.375] Reject duplicated disable operation
WARN [11-14|20:25:30.375] Synchronisation failed, retrying         peer=5328b2a21f9689c43863a950f294905f85f87c7ef1066621a349a9d9b55b800a err="shutting down"
ERROR[11-14|20:25:30.375] Reject duplicated disable operation
WARN [11-14|20:25:30.375] Synchronisation failed, retrying         peer=5328b2a21f9689c43863a950f294905f85f87c7ef1066621a349a9d9b55b800a err="shutting down"
ERROR[11-14|20:25:30.375] Reject duplicated disable operation
WARN [11-14|20:25:30.375] Synchronisation failed, retrying         peer=5328b2a21f9689c43863a950f294905f85f87c7ef1066621a349a9d9b55b800a err="shutting down"
ERROR[11-14|20:25:30.375] Reject duplicated disable operation
WARN [11-14|20:25:30.375] Synchronisation failed, retrying         peer=5328b2a21f9689c43863a950f294905f85f87c7ef1066621a349a9d9b55b800a err="shutting down"
ERROR[11-14|20:25:30.375] Reject duplicated disable operation
WARN [11-14|20:25:30.375] Synchronisation failed, retrying         peer=5328b2a21f9689c43863a950f294905f85f87c7ef1066621a349a9d9b55b800a err="shutting down"
ERROR[11-14|20:25:30.375] Reject duplicated disable operation
WARN [11-14|20:25:30.375] Synchronisation failed, retrying         peer=5328b2a21f9689c43863a950f294905f85f87c7ef1066621a349a9d9b55b800a err="shutting down"
ERROR[11-14|20:25:30.375] Reject duplicated disable operation
WARN [11-14|20:25:30.375] Synchronisation failed, retrying         peer=5328b2a21f9689c43863a950f294905f85f87c7ef1066621a349a9d9b55b800a err="shutting down"
ERROR[11-14|20:25:30.375] Reject duplicated disable operation
WARN [11-14|20:25:30.375] Synchronisation failed, retrying         peer=5328b2a21f9689c43863a950f294905f85f87c7ef1066621a349a9d9b55b800a err="shutting down"
ERROR[11-14|20:25:30.375] Reject duplicated disable operation
WARN [11-14|20:25:30.375] Synchronisation failed, retrying         peer=5328b2a21f9689c43863a950f294905f85f87c7ef1066621a349a9d9b55b800a err="shutting down"
ERROR[11-14|20:25:30.375] Reject duplicated disable operation
WARN [11-14|20:25:30.375] Synchronisation failed, retrying         peer=5328b2a21f9689c43863a950f294905f85f87c7ef1066621a349a9d9b55b800a err="shutting down"
ERROR[11-14|20:25:30.375] Reject duplicated disable operation
WARN [11-14|20:25:30.375] Synchronisation failed, retrying         peer=5328b2a21f9689c43863a950f294905f85f87c7ef1066621a349a9d9b55b800a err="shutting down"
ERROR[11-14|20:25:30.375] Reject duplicated disable operation
WARN [11-14|20:25:30.375] Synchronisation failed, retrying         peer=5328b2a21f9689c43863a950f294905f85f87c7ef1066621a349a9d9b55b800a err="shutting down"
ERROR[11-14|20:25:30.376] Reject duplicated disable operation
WARN [11-14|20:25:30.376] Synchronisation failed, retrying         peer=5328b2a21f9689c43863a950f294905f85f87c7ef1066621a349a9d9b55b800a err="shutting down"
ERROR[11-14|20:25:30.376] Reject duplicated disable operation
WARN [11-14|20:25:30.376] Synchronisation failed, retrying         peer=5328b2a21f9689c43863a950f294905f85f87c7ef1066621a349a9d9b55b800a err="shutting down"
ERROR[11-14|20:25:30.376] Reject duplicated disable operation
WARN [11-14|20:25:30.376] Synchronisation failed, retrying         peer=5328b2a21f9689c43863a950f294905f85f87c7ef1066621a349a9d9b55b800a err="shutting down"
ERROR[11-14|20:25:30.376] Reject duplicated disable operation
WARN [11-14|20:25:30.376] Synchronisation failed, retrying         peer=5328b2a21f9689c43863a950f294905f85f87c7ef1066621a349a9d9b55b800a err="shutting down"
ERROR[11-14|20:25:30.376] Reject duplicated disable operation
WARN [11-14|20:25:30.376] Synchronisation failed, retrying         peer=5328b2a21f9689c43863a950f294905f85f87c7ef1066621a349a9d9b55b800a err="shutting down"
ERROR[11-14|20:25:30.376] Reject duplicated disable operation
WARN [11-14|20:25:30.376] Synchronisation failed, retrying         peer=5328b2a21f9689c43863a950f294905f85f87c7ef1066621a349a9d9b55b800a err="shutting down"
ERROR[11-14|20:25:30.376] Reject duplicated disable operation
WARN [11-14|20:25:30.376] Synchronisation failed, retrying         peer=5328b2a21f9689c43863a950f294905f85f87c7ef1066621a349a9d9b55b800a err="shutting down"
ERROR[11-14|20:25:30.376] Reject duplicated disable operation
WARN [11-14|20:25:30.376] Synchronisation failed, retrying         peer=5328b2a21f9689c43863a950f294905f85f87c7ef1066621a349a9d9b55b800a err="shutting down"
ERROR[11-14|20:25:30.376] Reject duplicated disable operation
WARN [11-14|20:25:30.376] Synchronisation failed, retrying         peer=5328b2a21f9689c43863a950f294905f85f87c7ef1066621a349a9d9b55b800a err="shutting down"
ERROR[11-14|20:25:30.376] Reject duplicated disable operation
WARN [11-14|20:25:30.376] Synchronisation failed, retrying         peer=5328b2a21f9689c43863a950f294905f85f87c7ef1066621a349a9d9b55b800a err="shutting down"
ERROR[11-14|20:25:30.376] Reject duplicated disable operation
WARN [11-14|20:25:30.376] Synchronisation failed, retrying         peer=5328b2a21f9689c43863a950f294905f85f87c7ef1066621a349a9d9b55b800a err="shutting down"
ERROR[11-14|20:25:30.376] Reject duplicated disable operation
WARN [11-14|20:25:30.376] Synchronisation failed, retrying         peer=5328b2a21f9689c43863a950f294905f85f87c7ef1066621a349a9d9b55b800a err="shutting down"
ERROR[11-14|20:25:30.376] Reject duplicated disable operation
WARN [11-14|20:25:30.376] Synchronisation failed, retrying         peer=5328b2a21f9689c43863a950f294905f85f87c7ef1066621a349a9d9b55b800a err="shutting down"
ERROR[11-14|20:25:30.376] Reject duplicated disable operation
WARN [11-14|20:25:30.376] Synchronisation failed, retrying         peer=5328b2a21f9689c43863a950f294905f85f87c7ef1066621a349a9d9b55b800a err="shutting down"
ERROR[11-14|20:25:30.376] Reject duplicated disable operation
WARN [11-14|20:25:30.376] Synchronisation failed, retrying         peer=5328b2a21f9689c43863a950f294905f85f87c7ef1066621a349a9d9b55b800a err="shutting down"
ERROR[11-14|20:25:30.376] Reject duplicated disable operation
WARN [11-14|20:25:30.376] Synchronisation failed, retrying         peer=5328b2a21f9689c43863a950f294905f85f87c7ef1066621a349a9d9b55b800a err="shutting down"
ERROR[11-14|20:25:30.376] Reject duplicated disable operation
WARN [11-14|20:25:30.377] Synchronisation failed, retrying         peer=5328b2a21f9689c43863a950f294905f85f87c7ef1066621a349a9d9b55b800a err="shutting down"
ERROR[11-14|20:25:30.377] Reject duplicated disable operation
WARN [11-14|20:25:30.377] Synchronisation failed, retrying         peer=5328b2a21f9689c43863a950f294905f85f87c7ef1066621a349a9d9b55b800a err="shutting down"
ERROR[11-14|20:25:30.377] Reject duplicated disable operation
WARN [11-14|20:25:30.377] Synchronisation failed, retrying         peer=5328b2a21f9689c43863a950f294905f85f87c7ef1066621a349a9d9b55b800a err="shutting down"
ERROR[11-14|20:25:30.377] Reject duplicated disable operation
WARN [11-14|20:25:30.377] Synchronisation failed, retrying         peer=5328b2a21f9689c43863a950f294905f85f87c7ef1066621a349a9d9b55b800a err="shutting down"
ERROR[11-14|20:25:30.377] Reject duplicated disable operation
WARN [11-14|20:25:30.377] Synchronisation failed, retrying         peer=5328b2a21f9689c43863a950f294905f85f87c7ef1066621a349a9d9b55b800a err="shutting down"
ERROR[11-14|20:25:30.377] Reject duplicated disable operation
WARN [11-14|20:25:30.377] Synchronisation failed, retrying         peer=5328b2a21f9689c43863a950f294905f85f87c7ef1066621a349a9d9b55b800a err="shutting down"
ERROR[11-14|20:25:30.377] Reject duplicated disable operation
WARN [11-14|20:25:30.377] Synchronisation failed, retrying         peer=5328b2a21f9689c43863a950f294905f85f87c7ef1066621a349a9d9b55b800a err="shutting down"
ERROR[11-14|20:25:30.377] Reject duplicated disable operation
WARN [11-14|20:25:30.377] Synchronisation failed, retrying         peer=5328b2a21f9689c43863a950f294905f85f87c7ef1066621a349a9d9b55b800a err="shutting down"
ERROR[11-14|20:25:30.377] Reject duplicated disable operation
WARN [11-14|20:25:30.377] Synchronisation failed, retrying         peer=5328b2a21f9689c43863a950f294905f85f87c7ef1066621a349a9d9b55b800a err="shutting down"
ERROR[11-14|20:25:30.377] Reject duplicated disable operation
WARN [11-14|20:25:30.377] Synchronisation failed, retrying         peer=5328b2a21f9689c43863a950f294905f85f87c7ef1066621a349a9d9b55b800a err="shutting down"
ERROR[11-14|20:25:30.377] Reject duplicated disable operation
WARN [11-14|20:25:30.377] Synchronisation failed, retrying         peer=5328b2a21f9689c43863a950f294905f85f87c7ef1066621a349a9d9b55b800a err="shutting down"
ERROR[11-14|20:25:30.377] Reject duplicated disable operation
WARN [11-14|20:25:30.377] Synchronisation failed, retrying         peer=5328b2a21f9689c43863a950f294905f85f87c7ef1066621a349a9d9b55b800a err="shutting down"
ERROR[11-14|20:25:30.377] Reject duplicated disable operation
WARN [11-14|20:25:30.377] Synchronisation failed, retrying         peer=5328b2a21f9689c43863a950f294905f85f87c7ef1066621a349a9d9b55b800a err="shutting down"
ERROR[11-14|20:25:30.377] Reject duplicated disable operation
WARN [11-14|20:25:30.378] Synchronisation failed, retrying         peer=5328b2a21f9689c43863a950f294905f85f87c7ef1066621a349a9d9b55b800a err="shutting down"
ERROR[11-14|20:25:30.378] Reject duplicated disable operation
WARN [11-14|20:25:30.378] Synchronisation failed, retrying         peer=5328b2a21f9689c43863a950f294905f85f87c7ef1066621a349a9d9b55b800a err="shutting down"
ERROR[11-14|20:25:30.378] Reject duplicated disable operation
WARN [11-14|20:25:30.378] Synchronisation failed, retrying         peer=5328b2a21f9689c43863a950f294905f85f87c7ef1066621a349a9d9b55b800a err="shutting down"
ERROR[11-14|20:25:30.378] Reject duplicated disable operation
WARN [11-14|20:25:30.378] Synchronisation failed, retrying         peer=5328b2a21f9689c43863a950f294905f85f87c7ef1066621a349a9d9b55b800a err="shutting down"
ERROR[11-14|20:25:30.378] Reject duplicated disable operation
WARN [11-14|20:25:30.378] Synchronisation failed, retrying         peer=5328b2a21f9689c43863a950f294905f85f87c7ef1066621a349a9d9b55b800a err="shutting down"
ERROR[11-14|20:25:30.378] Reject duplicated disable operation
WARN [11-14|20:25:30.378] Synchronisation failed, retrying         peer=5328b2a21f9689c43863a950f294905f85f87c7ef1066621a349a9d9b55b800a err="shutting down"
ERROR[11-14|20:25:30.378] Reject duplicated disable operation
WARN [11-14|20:25:30.378] Synchronisation failed, retrying         peer=5328b2a21f9689c43863a950f294905f85f87c7ef1066621a349a9d9b55b800a err="shutting down"
ERROR[11-14|20:25:30.378] Reject duplicated disable operation
WARN [11-14|20:25:30.378] Synchronisation failed, retrying         peer=5328b2a21f9689c43863a950f294905f85f87c7ef1066621a349a9d9b55b800a err="shutting down"
ERROR[11-14|20:25:30.378] Reject duplicated disable operation
WARN [11-14|20:25:30.378] Synchronisation failed, retrying         peer=5328b2a21f9689c43863a950f294905f85f87c7ef1066621a349a9d9b55b800a err="shutting down"
ERROR[11-14|20:25:30.378] Reject duplicated disable operation
WARN [11-14|20:25:30.378] Synchronisation failed, retrying         peer=5328b2a21f9689c43863a950f294905f85f87c7ef1066621a349a9d9b55b800a err="shutting down"
ERROR[11-14|20:25:30.378] Reject duplicated disable operation
WARN [11-14|20:25:30.378] Synchronisation failed, retrying         peer=5328b2a21f9689c43863a950f294905f85f87c7ef1066621a349a9d9b55b800a err="shutting down"
ERROR[11-14|20:25:30.378] Reject duplicated disable operation
WARN [11-14|20:25:30.379] Synchronisation failed, retrying         peer=5328b2a21f9689c43863a950f294905f85f87c7ef1066621a349a9d9b55b800a err="shutting down"
ERROR[11-14|20:25:30.379] Reject duplicated disable operation
WARN [11-14|20:25:30.379] Synchronisation failed, retrying         peer=5328b2a21f9689c43863a950f294905f85f87c7ef1066621a349a9d9b55b800a err="shutting down"
ERROR[11-14|20:25:30.379] Reject duplicated disable operation
WARN [11-14|20:25:30.379] Synchronisation failed, retrying         peer=5328b2a21f9689c43863a950f294905f85f87c7ef1066621a349a9d9b55b800a err="shutting down"
ERROR[11-14|20:25:30.379] Reject duplicated disable operation
WARN [11-14|20:25:30.379] Synchronisation failed, retrying         peer=5328b2a21f9689c43863a950f294905f85f87c7ef1066621a349a9d9b55b800a err="shutting down"
ERROR[11-14|20:25:30.379] Reject duplicated disable operation
WARN [11-14|20:25:30.379] Synchronisation failed, retrying         peer=5328b2a21f9689c43863a950f294905f85f87c7ef1066621a349a9d9b55b800a err="shutting down"
ERROR[11-14|20:25:30.379] Reject duplicated disable operation
WARN [11-14|20:25:30.379] Synchronisation failed, retrying         peer=5328b2a21f9689c43863a950f294905f85f87c7ef1066621a349a9d9b55b800a err="shutting down"
ERROR[11-14|20:25:30.379] Reject duplicated disable operation
WARN [11-14|20:25:30.379] Synchronisation failed, retrying         peer=5328b2a21f9689c43863a950f294905f85f87c7ef1066621a349a9d9b55b800a err="shutting down"
ERROR[11-14|20:25:30.379] Reject duplicated disable operation
WARN [11-14|20:25:30.379] Synchronisation failed, retrying         peer=5328b2a21f9689c43863a950f294905f85f87c7ef1066621a349a9d9b55b800a err="shutting down"
ERROR[11-14|20:25:30.379] Reject duplicated disable operation
WARN [11-14|20:25:30.379] Synchronisation failed, retrying         peer=5328b2a21f9689c43863a950f294905f85f87c7ef1066621a349a9d9b55b800a err="shutting down"
ERROR[11-14|20:25:30.379] Reject duplicated disable operation
WARN [11-14|20:25:30.379] Synchronisation failed, retrying         peer=5328b2a21f9689c43863a950f294905f85f87c7ef1066621a349a9d9b55b800a err="shutting down"
ERROR[11-14|20:25:30.379] Reject duplicated disable operation
WARN [11-14|20:25:30.379] Synchronisation failed, retrying         peer=5328b2a21f9689c43863a950f294905f85f87c7ef1066621a349a9d9b55b800a err="shutting down"
ERROR[11-14|20:25:30.379] Reject duplicated disable operation
WARN [11-14|20:25:30.379] Synchronisation failed, retrying         peer=5328b2a21f9689c43863a950f294905f85f87c7ef1066621a349a9d9b55b800a err="shutting down"
ERROR[11-14|20:25:30.379] Reject duplicated disable operation
WARN [11-14|20:25:30.379] Synchronisation failed, retrying         peer=5328b2a21f9689c43863a950f294905f85f87c7ef1066621a349a9d9b55b800a err="shutting down"
ERROR[11-14|20:25:30.379] Reject duplicated disable operation
WARN [11-14|20:25:30.379] Synchronisation failed, retrying         peer=5328b2a21f9689c43863a950f294905f85f87c7ef1066621a349a9d9b55b800a err="shutting down"
ERROR[11-14|20:25:30.379] Reject duplicated disable operation
WARN [11-14|20:25:30.380] Synchronisation failed, retrying         peer=5328b2a21f9689c43863a950f294905f85f87c7ef1066621a349a9d9b55b800a err="shutting down"
ERROR[11-14|20:25:30.380] Reject duplicated disable operation
WARN [11-14|20:25:30.380] Synchronisation failed, retrying         peer=5328b2a21f9689c43863a950f294905f85f87c7ef1066621a349a9d9b55b800a err="shutting down"
ERROR[11-14|20:25:30.380] Reject duplicated disable operation
WARN [11-14|20:25:30.380] Synchronisation failed, retrying         peer=5328b2a21f9689c43863a950f294905f85f87c7ef1066621a349a9d9b55b800a err="shutting down"
ERROR[11-14|20:25:30.380] Reject duplicated disable operation
WARN [11-14|20:25:30.380] Synchronisation failed, retrying         peer=5328b2a21f9689c43863a950f294905f85f87c7ef1066621a349a9d9b55b800a err="shutting down"
ERROR[11-14|20:25:30.380] Reject duplicated disable operation
WARN [11-14|20:25:30.380] Synchronisation failed, retrying         peer=5328b2a21f9689c43863a950f294905f85f87c7ef1066621a349a9d9b55b800a err="shutting down"
ERROR[11-14|20:25:30.380] Reject duplicated disable operation
WARN [11-14|20:25:30.380] Synchronisation failed, retrying         peer=5328b2a21f9689c43863a950f294905f85f87c7ef1066621a349a9d9b55b800a err="shutting down"
ERROR[11-14|20:25:30.380] Reject duplicated disable operation
WARN [11-14|20:25:30.380] Synchronisation failed, retrying         peer=5328b2a21f9689c43863a950f294905f85f87c7ef1066621a349a9d9b55b800a err="shutting down"
ERROR[11-14|20:25:30.380] Reject duplicated disable operation
WARN [11-14|20:25:30.380] Synchronisation failed, retrying         peer=5328b2a21f9689c43863a950f294905f85f87c7ef1066621a349a9d9b55b800a err="shutting down"
ERROR[11-14|20:25:30.380] Reject duplicated disable operation
WARN [11-14|20:25:30.380] Synchronisation failed, retrying         peer=5328b2a21f9689c43863a950f294905f85f87c7ef1066621a349a9d9b55b800a err="shutting down"
ERROR[11-14|20:25:30.380] Reject duplicated disable operation
WARN [11-14|20:25:30.380] Synchronisation failed, retrying         peer=5328b2a21f9689c43863a950f294905f85f87c7ef1066621a349a9d9b55b800a err="shutting down"
ERROR[11-14|20:25:30.380] Reject duplicated disable operation
WARN [11-14|20:25:30.380] Synchronisation failed, retrying         peer=5328b2a21f9689c43863a950f294905f85f87c7ef1066621a349a9d9b55b800a err="shutting down"
ERROR[11-14|20:25:30.381] Reject duplicated disable operation
WARN [11-14|20:25:30.381] Synchronisation failed, retrying         peer=5328b2a21f9689c43863a950f294905f85f87c7ef1066621a349a9d9b55b800a err="shutting down"
ERROR[11-14|20:25:30.381] Reject duplicated disable operation
WARN [11-14|20:25:30.381] Synchronisation failed, retrying         peer=5328b2a21f9689c43863a950f294905f85f87c7ef1066621a349a9d9b55b800a err="shutting down"
ERROR[11-14|20:25:30.381] Reject duplicated disable operation
WARN [11-14|20:25:30.381] Synchronisation failed, retrying         peer=5328b2a21f9689c43863a950f294905f85f87c7ef1066621a349a9d9b55b800a err="shutting down"
ERROR[11-14|20:25:30.381] Reject duplicated disable operation
WARN [11-14|20:25:30.381] Synchronisation failed, retrying         peer=5328b2a21f9689c43863a950f294905f85f87c7ef1066621a349a9d9b55b800a err="shutting down"
ERROR[11-14|20:25:30.381] Reject duplicated disable operation
WARN [11-14|20:25:30.381] Synchronisation failed, retrying         peer=5328b2a21f9689c43863a950f294905f85f87c7ef1066621a349a9d9b55b800a err="shutting down"
ERROR[11-14|20:25:30.381] Reject duplicated disable operation
WARN [11-14|20:25:30.381] Synchronisation failed, retrying         peer=5328b2a21f9689c43863a950f294905f85f87c7ef1066621a349a9d9b55b800a err="shutting down"
ERROR[11-14|20:25:30.381] Reject duplicated disable operation
WARN [11-14|20:25:30.381] Synchronisation failed, retrying         peer=5328b2a21f9689c43863a950f294905f85f87c7ef1066621a349a9d9b55b800a err="shutting down"
ERROR[11-14|20:25:30.381] Reject duplicated disable operation
WARN [11-14|20:25:30.381] Synchronisation failed, retrying         peer=5328b2a21f9689c43863a950f294905f85f87c7ef1066621a349a9d9b55b800a err="shutting down"
ERROR[11-14|20:25:30.381] Reject duplicated disable operation
WARN [11-14|20:25:30.381] Synchronisation failed, retrying         peer=5328b2a21f9689c43863a950f294905f85f87c7ef1066621a349a9d9b55b800a err="shutting down"
ERROR[11-14|20:25:30.381] Reject duplicated disable operation
WARN [11-14|20:25:30.381] Synchronisation failed, retrying         peer=5328b2a21f9689c43863a950f294905f85f87c7ef1066621a349a9d9b55b800a err="shutting down"
ERROR[11-14|20:25:30.381] Reject duplicated disable operation
WARN [11-14|20:25:30.381] Synchronisation failed, retrying         peer=5328b2a21f9689c43863a950f294905f85f87c7ef1066621a349a9d9b55b800a err="shutting down"
ERROR[11-14|20:25:30.381] Reject duplicated disable operation
WARN [11-14|20:25:30.381] Synchronisation failed, retrying         peer=5328b2a21f9689c43863a950f294905f85f87c7ef1066621a349a9d9b55b800a err="shutting down"
ERROR[11-14|20:25:30.381] Reject duplicated disable operation
WARN [11-14|20:25:30.381] Synchronisation failed, retrying         peer=5328b2a21f9689c43863a950f294905f85f87c7ef1066621a349a9d9b55b800a err="shutting down"
ERROR[11-14|20:25:30.381] Reject duplicated disable operation
WARN [11-14|20:25:30.381] Synchronisation failed, retrying         peer=5328b2a21f9689c43863a950f294905f85f87c7ef1066621a349a9d9b55b800a err="shutting down"
ERROR[11-14|20:25:30.381] Reject duplicated disable operation
WARN [11-14|20:25:30.382] Synchronisation failed, retrying         peer=5328b2a21f9689c43863a950f294905f85f87c7ef1066621a349a9d9b55b800a err="shutting down"
ERROR[11-14|20:25:30.382] Reject duplicated disable operation
WARN [11-14|20:25:30.382] Synchronisation failed, retrying         peer=5328b2a21f9689c43863a950f294905f85f87c7ef1066621a349a9d9b55b800a err="shutting down"
ERROR[11-14|20:25:30.382] Reject duplicated disable operation
WARN [11-14|20:25:30.382] Synchronisation failed, retrying         peer=5328b2a21f9689c43863a950f294905f85f87c7ef1066621a349a9d9b55b800a err="shutting down"
ERROR[11-14|20:25:30.382] Reject duplicated disable operation
WARN [11-14|20:25:30.382] Synchronisation failed, retrying         peer=5328b2a21f9689c43863a950f294905f85f87c7ef1066621a349a9d9b55b800a err="shutting down"
ERROR[11-14|20:25:30.382] Reject duplicated disable operation
WARN [11-14|20:25:30.382] Synchronisation failed, retrying         peer=5328b2a21f9689c43863a950f294905f85f87c7ef1066621a349a9d9b55b800a err="shutting down"
ERROR[11-14|20:25:30.382] Reject duplicated disable operation
WARN [11-14|20:25:30.382] Synchronisation failed, retrying         peer=5328b2a21f9689c43863a950f294905f85f87c7ef1066621a349a9d9b55b800a err="shutting down"
ERROR[11-14|20:25:30.382] Reject duplicated disable operation
WARN [11-14|20:25:30.382] Synchronisation failed, retrying         peer=5328b2a21f9689c43863a950f294905f85f87c7ef1066621a349a9d9b55b800a err="shutting down"
ERROR[11-14|20:25:30.382] Reject duplicated disable operation
WARN [11-14|20:25:30.382] Synchronisation failed, retrying         peer=5328b2a21f9689c43863a950f294905f85f87c7ef1066621a349a9d9b55b800a err="shutting down"
ERROR[11-14|20:25:30.382] Reject duplicated disable operation
WARN [11-14|20:25:30.382] Synchronisation failed, retrying         peer=5328b2a21f9689c43863a950f294905f85f87c7ef1066621a349a9d9b55b800a err="shutting down"
ERROR[11-14|20:25:30.382] Reject duplicated disable operation
WARN [11-14|20:25:30.382] Synchronisation failed, retrying         peer=5328b2a21f9689c43863a950f294905f85f87c7ef1066621a349a9d9b55b800a err="shutting down"
ERROR[11-14|20:25:30.382] Reject duplicated disable operation
WARN [11-14|20:25:30.382] Synchronisation failed, retrying         peer=5328b2a21f9689c43863a950f294905f85f87c7ef1066621a349a9d9b55b800a err="shutting down"
ERROR[11-14|20:25:30.382] Reject duplicated disable operation
WARN [11-14|20:25:30.382] Synchronisation failed, retrying         peer=5328b2a21f9689c43863a950f294905f85f87c7ef1066621a349a9d9b55b800a err="shutting down"
ERROR[11-14|20:25:30.382] Reject duplicated disable operation
WARN [11-14|20:25:30.382] Synchronisation failed, retrying         peer=5328b2a21f9689c43863a950f294905f85f87c7ef1066621a349a9d9b55b800a err="shutting down"
ERROR[11-14|20:25:30.382] Reject duplicated disable operation
WARN [11-14|20:25:30.382] Synchronisation failed, retrying         peer=5328b2a21f9689c43863a950f294905f85f87c7ef1066621a349a9d9b55b800a err="shutting down"
ERROR[11-14|20:25:30.382] Reject duplicated disable operation
WARN [11-14|20:25:30.382] Synchronisation failed, retrying         peer=5328b2a21f9689c43863a950f294905f85f87c7ef1066621a349a9d9b55b800a err="shutting down"
ERROR[11-14|20:25:30.383] Reject duplicated disable operation
WARN [11-14|20:25:30.383] Synchronisation failed, retrying         peer=5328b2a21f9689c43863a950f294905f85f87c7ef1066621a349a9d9b55b800a err="shutting down"
ERROR[11-14|20:25:30.383] Reject duplicated disable operation
WARN [11-14|20:25:30.383] Synchronisation failed, retrying         peer=5328b2a21f9689c43863a950f294905f85f87c7ef1066621a349a9d9b55b800a err="shutting down"
ERROR[11-14|20:25:30.383] Reject duplicated disable operation
WARN [11-14|20:25:30.383] Synchronisation failed, retrying         peer=5328b2a21f9689c43863a950f294905f85f87c7ef1066621a349a9d9b55b800a err="shutting down"
ERROR[11-14|20:25:30.383] Reject duplicated disable operation
WARN [11-14|20:25:30.383] Synchronisation failed, retrying         peer=5328b2a21f9689c43863a950f294905f85f87c7ef1066621a349a9d9b55b800a err="shutting down"
ERROR[11-14|20:25:30.383] Reject duplicated disable operation
WARN [11-14|20:25:30.383] Synchronisation failed, retrying         peer=5328b2a21f9689c43863a950f294905f85f87c7ef1066621a349a9d9b55b800a err="shutting down"
ERROR[11-14|20:25:30.383] Reject duplicated disable operation
WARN [11-14|20:25:30.383] Synchronisation failed, retrying         peer=5328b2a21f9689c43863a950f294905f85f87c7ef1066621a349a9d9b55b800a err="shutting down"
ERROR[11-14|20:25:30.383] Reject duplicated disable operation
WARN [11-14|20:25:30.383] Synchronisation failed, retrying         peer=5328b2a21f9689c43863a950f294905f85f87c7ef1066621a349a9d9b55b800a err="shutting down"
ERROR[11-14|20:25:30.383] Reject duplicated disable operation
WARN [11-14|20:25:30.383] Synchronisation failed, retrying         peer=5328b2a21f9689c43863a950f294905f85f87c7ef1066621a349a9d9b55b800a err="shutting down"
ERROR[11-14|20:25:30.383] Reject duplicated disable operation
WARN [11-14|20:25:30.383] Synchronisation failed, retrying         peer=5328b2a21f9689c43863a950f294905f85f87c7ef1066621a349a9d9b55b800a err="shutting down"
ERROR[11-14|20:25:30.383] Reject duplicated disable operation
WARN [11-14|20:25:30.383] Synchronisation failed, retrying         peer=5328b2a21f9689c43863a950f294905f85f87c7ef1066621a349a9d9b55b800a err="shutting down"
ERROR[11-14|20:25:30.383] Reject duplicated disable operation
WARN [11-14|20:25:30.383] Synchronisation failed, retrying         peer=5328b2a21f9689c43863a950f294905f85f87c7ef1066621a349a9d9b55b800a err="shutting down"
ERROR[11-14|20:25:30.383] Reject duplicated disable operation
WARN [11-14|20:25:30.383] Synchronisation failed, retrying         peer=5328b2a21f9689c43863a950f294905f85f87c7ef1066621a349a9d9b55b800a err="shutting down"
ERROR[11-14|20:25:30.383] Reject duplicated disable operation
WARN [11-14|20:25:30.383] Synchronisation failed, retrying         peer=5328b2a21f9689c43863a950f294905f85f87c7ef1066621a349a9d9b55b800a err="shutting down"
ERROR[11-14|20:25:30.383] Reject duplicated disable operation
WARN [11-14|20:25:30.384] Synchronisation failed, retrying         peer=5328b2a21f9689c43863a950f294905f85f87c7ef1066621a349a9d9b55b800a err="shutting down"
ERROR[11-14|20:25:30.384] Reject duplicated disable operation
WARN [11-14|20:25:30.384] Synchronisation failed, retrying         peer=5328b2a21f9689c43863a950f294905f85f87c7ef1066621a349a9d9b55b800a err="shutting down"
ERROR[11-14|20:25:30.384] Reject duplicated disable operation
WARN [11-14|20:25:30.384] Synchronisation failed, retrying         peer=5328b2a21f9689c43863a950f294905f85f87c7ef1066621a349a9d9b55b800a err="shutting down"
ERROR[11-14|20:25:30.384] Reject duplicated disable operation
WARN [11-14|20:25:30.384] Synchronisation failed, retrying         peer=5328b2a21f9689c43863a950f294905f85f87c7ef1066621a349a9d9b55b800a err="shutting down"
ERROR[11-14|20:25:30.384] Reject duplicated disable operation
WARN [11-14|20:25:30.384] Synchronisation failed, retrying         peer=5328b2a21f9689c43863a950f294905f85f87c7ef1066621a349a9d9b55b800a err="shutting down"
ERROR[11-14|20:25:30.384] Reject duplicated disable operation
WARN [11-14|20:25:30.384] Synchronisation failed, retrying         peer=5328b2a21f9689c43863a950f294905f85f87c7ef1066621a349a9d9b55b800a err="shutting down"
ERROR[11-14|20:25:30.384] Reject duplicated disable operation
WARN [11-14|20:25:30.384] Synchronisation failed, retrying         peer=5328b2a21f9689c43863a950f294905f85f87c7ef1066621a349a9d9b55b800a err="shutting down"
ERROR[11-14|20:25:30.384] Reject duplicated disable operation
WARN [11-14|20:25:30.384] Synchronisation failed, retrying         peer=5328b2a21f9689c43863a950f294905f85f87c7ef1066621a349a9d9b55b800a err="shutting down"
ERROR[11-14|20:25:30.384] Reject duplicated disable operation
WARN [11-14|20:25:30.384] Synchronisation failed, retrying         peer=5328b2a21f9689c43863a950f294905f85f87c7ef1066621a349a9d9b55b800a err="shutting down"
ERROR[11-14|20:25:30.384] Reject duplicated disable operation
WARN [11-14|20:25:30.384] Synchronisation failed, retrying         peer=5328b2a21f9689c43863a950f294905f85f87c7ef1066621a349a9d9b55b800a err="shutting down"
ERROR[11-14|20:25:30.384] Reject duplicated disable operation
WARN [11-14|20:25:30.384] Synchronisation failed, retrying         peer=5328b2a21f9689c43863a950f294905f85f87c7ef1066621a349a9d9b55b800a err="shutting down"
ERROR[11-14|20:25:30.384] Reject duplicated disable operation
WARN [11-14|20:25:30.384] Synchronisation failed, retrying         peer=5328b2a21f9689c43863a950f294905f85f87c7ef1066621a349a9d9b55b800a err="shutting down"
ERROR[11-14|20:25:30.384] Reject duplicated disable operation
WARN [11-14|20:25:30.385] Synchronisation failed, retrying         peer=5328b2a21f9689c43863a950f294905f85f87c7ef1066621a349a9d9b55b800a err="shutting down"
ERROR[11-14|20:25:30.385] Reject duplicated disable operation
WARN [11-14|20:25:30.385] Synchronisation failed, retrying         peer=5328b2a21f9689c43863a950f294905f85f87c7ef1066621a349a9d9b55b800a err="shutting down"
ERROR[11-14|20:25:30.385] Reject duplicated disable operation
WARN [11-14|20:25:30.385] Synchronisation failed, retrying         peer=5328b2a21f9689c43863a950f294905f85f87c7ef1066621a349a9d9b55b800a err="shutting down"
ERROR[11-14|20:25:30.385] Reject duplicated disable operation
WARN [11-14|20:25:30.385] Synchronisation failed, retrying         peer=5328b2a21f9689c43863a950f294905f85f87c7ef1066621a349a9d9b55b800a err="shutting down"
ERROR[11-14|20:25:30.385] Reject duplicated disable operation
WARN [11-14|20:25:30.385] Synchronisation failed, retrying         peer=5328b2a21f9689c43863a950f294905f85f87c7ef1066621a349a9d9b55b800a err="shutting down"
ERROR[11-14|20:25:30.385] Reject duplicated disable operation
WARN [11-14|20:25:30.385] Synchronisation failed, retrying         peer=5328b2a21f9689c43863a950f294905f85f87c7ef1066621a349a9d9b55b800a err="shutting down"
ERROR[11-14|20:25:30.385] Reject duplicated disable operation
WARN [11-14|20:25:30.385] Synchronisation failed, retrying         peer=5328b2a21f9689c43863a950f294905f85f87c7ef1066621a349a9d9b55b800a err="shutting down"
ERROR[11-14|20:25:30.385] Reject duplicated disable operation
WARN [11-14|20:25:30.385] Synchronisation failed, retrying         peer=5328b2a21f9689c43863a950f294905f85f87c7ef1066621a349a9d9b55b800a err="peer is unknown or unhealthy"
ERROR[11-14|20:25:30.385] Reject duplicated disable operation
WARN [11-14|20:25:30.385] Synchronisation failed, retrying         peer=5328b2a21f9689c43863a950f294905f85f87c7ef1066621a349a9d9b55b800a err="peer is unknown or unhealthy"
ERROR[11-14|20:25:30.385] Reject duplicated disable operation
WARN [11-14|20:25:30.385] Synchronisation failed, retrying         peer=5328b2a21f9689c43863a950f294905f85f87c7ef1066621a349a9d9b55b800a err="peer is unknown or unhealthy"
ERROR[11-14|20:25:30.385] Reject duplicated disable operation
WARN [11-14|20:25:30.385] Synchronisation failed, retrying         peer=5328b2a21f9689c43863a950f294905f85f87c7ef1066621a349a9d9b55b800a err="peer is unknown or unhealthy"
ERROR[11-14|20:25:30.385] Reject duplicated disable operation
WARN [11-14|20:25:30.385] Synchronisation failed, retrying         peer=5328b2a21f9689c43863a950f294905f85f87c7ef1066621a349a9d9b55b800a err="peer is unknown or unhealthy"
ERROR[11-14|20:25:30.385] Reject duplicated disable operation
WARN [11-14|20:25:30.385] Synchronisation failed, retrying         peer=5328b2a21f9689c43863a950f294905f85f87c7ef1066621a349a9d9b55b800a err="peer is unknown or unhealthy"
ERROR[11-14|20:25:30.385] Reject duplicated disable operation
WARN [11-14|20:25:30.386] Synchronisation failed, retrying         peer=5328b2a21f9689c43863a950f294905f85f87c7ef1066621a349a9d9b55b800a err="peer is unknown or unhealthy"
ERROR[11-14|20:25:30.386] Reject duplicated disable operation
panic: fatal: MANIFEST flush failed: write /home/alessio/Projects/bsc/bsc-data-minimal/geth/chaindata/MANIFEST-000008: no space left on device

goroutine 701966 [running]:
github.com/ethereum/go-ethereum/ethdb/pebble.panicLogger.Fatalf(...)
	github.com/ethereum/go-ethereum/ethdb/pebble/pebble.go:174
github.com/cockroachdb/pebble.(*versionSet).logAndApply(0xc0004de588, 0xb0c5, 0xc03a22b500, 0xc01947c390, 0x0, 0xc020d5de20)
	github.com/cockroachdb/pebble@v1.1.5/version_set.go:583 +0x456
github.com/cockroachdb/pebble.(*DB).compact1.func2(...)
	github.com/cockroachdb/pebble@v1.1.5/compaction.go:2736
github.com/cockroachdb/pebble.(*DB).compact1(0xc000fb8d88, 0xc018f0ca88, 0x0)
	github.com/cockroachdb/pebble@v1.1.5/compaction.go:2739 +0x305
github.com/cockroachdb/pebble.(*DB).compact.func1({0x3991398?, 0xc01a9227b0?})
	github.com/cockroachdb/pebble@v1.1.5/compaction.go:2680 +0x99
runtime/pprof.Do({0x3991168?, 0x5603a60?}, {{0xc0012c2040?, 0xc00b6c5fb0?, 0x102a0e201?}}, 0xc00b6c5f88)
	runtime/pprof/runtime.go:51 +0x8c
github.com/cockroachdb/pebble.(*DB).compact(0xc00b6c5fd0?, 0xc79c45?, 0xc016a18a40?)
	github.com/cockroachdb/pebble@v1.1.5/compaction.go:2677 +0x56
created by github.com/cockroachdb/pebble.(*DB).maybeScheduleCompactionPicker in goroutine 702037
	github.com/cockroachdb/pebble@v1.1.5/compaction.go:2398 +0x652
INFO [11-16|16:40:57.236] Maximum peer count                       ETH=50 total=50
INFO [11-16|16:40:57.238] Smartcard socket not found, disabling    err="stat /run/pcscd/pcscd.comm: no such file or directory"
INFO [11-16|16:40:57.240] Skipping Go's GC trigger sanitization    total=128,660
INFO [11-16|16:40:57.241] Set global gas cap                       cap=50,000,000
INFO [11-16|16:40:57.241] Initializing the KZG library             backend=gokzg
INFO [11-16|16:40:59.582] Using pebble as the backing database
INFO [11-16|16:40:59.582] Allocated cache and file handles         database=/home/alessio/Projects/bsc/bsc-data-minimal/geth/chaindata cache=204.00MiB handles=524,288
INFO [11-16|16:40:59.582] Allocated memory table size              database=/home/alessio/Projects/bsc/bsc-data-minimal/geth/chaindata "memory table"=17.00MiB
WARN [11-16|16:41:00.477] Truncating dangling head                 database=/home/alessio/Projects/bsc/bsc-data-minimal/geth/chaindata/ancient/chain table=bodies indexed=1,646,091,451 stored=1,646,637,056
INFO [11-16|16:41:00.478] Chain freezer table opened               database=/home/alessio/Projects/bsc/bsc-data-minimal/geth/chaindata/ancient/chain table=bodies items=5,837,021 deleted=0 hidden=0 tailId=0 headId=10 size=1,646,091,451
INFO [11-16|16:41:00.580] Opened ancient database                  database=/home/alessio/Projects/bsc/bsc-data-minimal/geth/chaindata/ancient/chain readonly=false tail=0 frozen=5,837,021 isIncr=false
INFO [11-16|16:41:00.580] Opened Era store                         datadir=/home/alessio/Projects/bsc/bsc-data-minimal/geth/chaindata/ancient/chain/era
INFO [11-16|16:41:00.582] State scheme set to already existing disk db scheme=path
INFO [11-16|16:41:00.582] Allocated memory caches                  state_scheme=path trie_clean_cache=76.00MiB trie_dirty_cache=128.00MiB snapshot_cache=102.00MiB
INFO [11-16|16:41:00.582] Parlia                                   chainConfig="{ChainID: 56, Engine: parlia, Homestead: 0 DAO: <nil> DAOSupport: false EIP150: 0 EIP155: 0 EIP158: 0 Byzantium: 0 Constantinople: 0 Petersburg: 0 Istanbul: 0, Muir Glacier: 0, Ramanujan: 0, Niels: 0, MirrorSync: 5184000, Bruno: 13082000, Berlin: 31302048, YOLO v3: <nil>, CatalystBlock: <nil>, London: 31302048, ArrowGlacier: <nil>, MergeFork:<nil>, Euler: 18907621, Gibbs: 23846001, Nano: 21962149, Moran: 22107423, Planck: 27281024,Luban: 29020050, Plato: 30720096, Hertz: 31302048, Hertzfix: 34140700, ShanghaiTime: 1705996800, KeplerTime: 1705996800, FeynmanTime: 1713419340, FeynmanFixTime: 1713419340, CancunTime: 1718863500, HaberTime: 1718863500, HaberFixTime: 1727316120, BohrTime: 1727317200, PascalTime: 1742436600, PragueTime: 1742436600, LorentzTime: 1745903100, MaxwellTime: 1751250600, FermiTime: <nil>}"
INFO [11-16|16:41:00.588] Initialising Ethereum protocol           network=56 dbversion=9
INFO [11-16|16:41:00.590] New journal reader for journal kv
INFO [11-16|16:41:00.590] New journal reader for journal kv
WARN [11-16|16:41:00.590] Failed to load disk journal with node buffer, discard it err="journal not found"
INFO [11-16|16:41:00.590] Opened ancient database                  database=/home/alessio/Projects/bsc/bsc-data-minimal/geth/chaindata/ancient/state readonly=false tail=0 frozen=1         isIncr=false
INFO [11-16|16:41:00.591] Disabled trie database due to state sync
INFO [11-16|16:41:00.591] State snapshot is not consistent         trie=56e81f..63b421 state=919fcc..03b422
INFO [11-16|16:41:00.591] Initialized path database                triecache=76.00MiB statecache=102.00MiB buffer=128.00MiB history="last 600000 blocks"
INFO [11-16|16:41:00.591] Initialised chain configuration          config="{ChainID: 56, Engine: parlia, Homestead: 0 DAO: <nil> DAOSupport: false EIP150: 0 EIP155: 0 EIP158: 0 Byzantium: 0 Constantinople: 0 Petersburg: 0 Istanbul: 0, Muir Glacier: 0, Ramanujan: 0, Niels: 0, MirrorSync: 5184000, Bruno: 13082000, Berlin: 31302048, YOLO v3: <nil>, CatalystBlock: <nil>, London: 31302048, ArrowGlacier: <nil>, MergeFork:<nil>, Euler: 18907621, Gibbs: 23846001, Nano: 21962149, Moran: 22107423, Planck: 27281024,Luban: 29020050, Plato: 30720096, Hertz: 31302048, Hertzfix: 34140700, ShanghaiTime: 1705996800, KeplerTime: 1705996800, FeynmanTime: 1713419340, FeynmanFixTime: 1713419340, CancunTime: 1718863500, HaberTime: 1718863500, HaberFixTime: 1727316120, BohrTime: 1727317200, PascalTime: 1742436600, PragueTime: 1742436600, LorentzTime: 1745903100, MaxwellTime: 1751250600, FermiTime: <nil>}"
INFO [11-16|16:41:00.608] Loaded most recent local header          number=5,837,020 hash=52e0a6..0061f1 hash=69491e..0fa986 td=11,657,375 age=4y8mo3w
INFO [11-16|16:41:00.608] Loaded most recent local block           number=0         hash=0d2184..d57b5b root=919fcc..03b422 td=1          age=5y7mo3w
INFO [11-16|16:41:00.608] Loaded most recent local snap block      number=5,837,020 hash=52e0a6..0061f1 root=69491e..0fa986 td=11,657,375 age=4y8mo3w
INFO [11-16|16:41:00.608] Loaded most recent local finalized block number=0         hash=0d2184..d57b5b root=919fcc..03b422 td=1          age=5y7mo3w
INFO [11-16|16:41:00.608] Loaded last snap-sync pivot marker       number=68,196,213
INFO [11-16|16:41:00.608] Genesis state is missing, wait state sync
INFO [11-16|16:41:00.610] Initialized transaction indexer          range="last 2350000 blocks"
INFO [11-16|16:41:00.619] Enabled snap sync                        head=0 hash=0d2184..d57b5b
INFO [11-16|16:41:00.619] Create votePool successfully
INFO [11-16|16:41:00.619] Gasprice oracle is ignoring threshold set threshold=4
WARN [11-16|16:41:00.619] Sanitizing invalid gasprice oracle max header history provided=0 updated=1
WARN [11-16|16:41:00.619] Sanitizing invalid gasprice oracle max block history provided=0 updated=1
INFO [11-16|16:41:00.619] Initializing BSC Imbalance Prediction Engine
INFO [11-16|16:41:00.619] Starting BSC Imbalance Predictor         cacheSize=1000 predictionWindow=3s updateInterval=1s
INFO [11-16|16:41:00.619] Imbalance Prediction Engine started successfully
WARN [11-16|16:41:00.620] Unclean shutdown detected                booted=11-14|20:22:41.000 age=1d20h18m
INFO [11-16|16:41:00.621] Starting peer-to-peer node               instance=Geth/v1.6.3-42743f09-20251114/linux-amd64/go1.24.0
INFO [11-16|16:41:00.660] New local node record                    seq=1,763,145,461,428 id=3339b333518634b8 ip=127.0.0.1 udp=30303 tcp=30303
INFO [11-16|16:41:00.660] Started P2P networking                   self=enode://aa666ddb44cdfb5b9808fd5c6fc939baa8b2108cdfc6b05817dcd4491942874ed2c326819294e5d72ef39d3f0ff9f650d63956e1c32b4607f8451ef1c1e99c30@127.0.0.1:30303
INFO [11-16|16:41:00.660] IPC endpoint opened                      url=/home/alessio/Projects/bsc/bsc-data-minimal/geth.ipc
INFO [11-16|16:41:00.661] HTTP server started                      endpoint=127.0.0.1:8545 auth=false prefix= cors=* vhosts=*
INFO [11-16|16:41:00.661] WebSocket enabled                        url=ws://127.0.0.1:8546
INFO [11-16|16:41:00.661] Started log indexer
INFO [11-16|16:41:00.788] New local node record                    seq=1,763,145,461,429 id=3339b333518634b8 ip=37.27.65.57 udp=30303 tcp=30303
INFO [11-16|16:41:11.773] Looking for peers                        peercount=0 tried=7 static=0
INFO [11-16|16:41:21.467] Block synchronisation started
ERROR[11-16|16:41:21.467] Reject duplicated disable operation
INFO [11-16|16:41:22.982] Looking for peers                        peercount=0 tried=5 static=0
INFO [11-16|16:41:32.997] Looking for peers                        peercount=1 tried=5 static=0
INFO [11-16|16:41:43.843] Looking for peers                        peercount=1 tried=7 static=0
WARN [11-16|16:41:50.426] Served eth_call                          conn=127.0.0.1:37718 reqid=1 duration="189.559µs" err="state histories haven't been fully indexed yet" X-Forwarded-For=<nil>
WARN [11-16|16:41:50.431] Served eth_call                          conn=127.0.0.1:37718 reqid=4 duration="46.573µs" err="state histories haven't been fully indexed yet" X-Forwarded-For=<nil>
WARN [11-16|16:41:50.436] Served eth_call                          conn=127.0.0.1:37718 reqid=7 duration="40.16µs" err="state histories haven't been fully indexed yet" X-Forwarded-For=<nil>
WARN [11-16|16:41:50.440] Served eth_call                          conn=127.0.0.1:37718 reqid=10 duration="40.851µs" err="state histories haven't been fully indexed yet" X-Forwarded-For=<nil>
WARN [11-16|16:41:50.445] Served eth_call                          conn=127.0.0.1:37718 reqid=13 duration="40.141µs" err="state histories haven't been fully indexed yet" X-Forwarded-For=<nil>
WARN [11-16|16:41:50.449] Served eth_call                          conn=127.0.0.1:37718 reqid=16 duration="40.872µs" err="state histories haven't been fully indexed yet" X-Forwarded-For=<nil>
WARN [11-16|16:41:50.454] Served eth_call                          conn=127.0.0.1:37718 reqid=19 duration="39.569µs" err="state histories haven't been fully indexed yet" X-Forwarded-For=<nil>
WARN [11-16|16:41:50.458] Served eth_call                          conn=127.0.0.1:37718 reqid=22 duration="49.93µs" err="state histories haven't been fully indexed yet" X-Forwarded-For=<nil>
WARN [11-16|16:41:50.463] Served eth_call                          conn=127.0.0.1:37718 reqid=25 duration="42.905µs" err="state histories haven't been fully indexed yet" X-Forwarded-For=<nil>
WARN [11-16|16:41:50.467] Served eth_call                          conn=127.0.0.1:37718 reqid=28 duration="40.461µs" err="state histories haven't been fully indexed yet" X-Forwarded-For=<nil>
WARN [11-16|16:41:50.472] Served eth_call                          conn=127.0.0.1:37718 reqid=31 duration="39.93µs" err="state histories haven't been fully indexed yet" X-Forwarded-For=<nil>
WARN [11-16|16:41:50.476] Served eth_call                          conn=127.0.0.1:37718 reqid=34 duration="40.881µs" err="state histories haven't been fully indexed yet" X-Forwarded-For=<nil>
WARN [11-16|16:41:50.481] Served eth_call                          conn=127.0.0.1:37718 reqid=37 duration="37.425µs" err="state histories haven't been fully indexed yet" X-Forwarded-For=<nil>
WARN [11-16|16:41:50.485] Served eth_call                          conn=127.0.0.1:37718 reqid=40 duration="31.262µs" err="state histories haven't been fully indexed yet" X-Forwarded-For=<nil>
WARN [11-16|16:41:50.489] Served eth_call                          conn=127.0.0.1:37718 reqid=43 duration="31.854µs" err="state histories haven't been fully indexed yet" X-Forwarded-For=<nil>
WARN [11-16|16:41:50.494] Served eth_call                          conn=127.0.0.1:37718 reqid=46 duration="32.956µs" err="state histories haven't been fully indexed yet" X-Forwarded-For=<nil>
WARN [11-16|16:41:50.499] Served eth_call                          conn=127.0.0.1:37718 reqid=49 duration="46.784µs" err="state histories haven't been fully indexed yet" X-Forwarded-For=<nil>
WARN [11-16|16:41:50.503] Served eth_call                          conn=127.0.0.1:37718 reqid=52 duration="33.627µs" err="state histories haven't been fully indexed yet" X-Forwarded-For=<nil>
WARN [11-16|16:41:50.507] Served eth_call                          conn=127.0.0.1:37718 reqid=55 duration="33.016µs" err="state histories haven't been fully indexed yet" X-Forwarded-For=<nil>
WARN [11-16|16:41:50.512] Served eth_call                          conn=127.0.0.1:37718 reqid=58 duration="30.971µs" err="state histories haven't been fully indexed yet" X-Forwarded-For=<nil>
WARN [11-16|16:41:50.516] Served eth_call                          conn=127.0.0.1:37718 reqid=61 duration="33.257µs" err="state histories haven't been fully indexed yet" X-Forwarded-For=<nil>
WARN [11-16|16:41:50.520] Served eth_call                          conn=127.0.0.1:37718 reqid=64 duration="30.932µs" err="state histories haven't been fully indexed yet" X-Forwarded-For=<nil>
WARN [11-16|16:41:50.524] Served eth_call                          conn=127.0.0.1:37718 reqid=67 duration="33.447µs" err="state histories haven't been fully indexed yet" X-Forwarded-For=<nil>
WARN [11-16|16:41:50.528] Served eth_call                          conn=127.0.0.1:37718 reqid=70 duration="39.97µs" err="state histories haven't been fully indexed yet" X-Forwarded-For=<nil>
WARN [11-16|16:41:50.534] Served eth_call                          conn=127.0.0.1:37718 reqid=73 duration="36.002µs" err="state histories haven't been fully indexed yet" X-Forwarded-For=<nil>
WARN [11-16|16:41:50.538] Served eth_call                          conn=127.0.0.1:37718 reqid=76 duration="32.585µs" err="state histories haven't been fully indexed yet" X-Forwarded-For=<nil>
WARN [11-16|16:41:50.542] Served eth_call                          conn=127.0.0.1:37718 reqid=79 duration="33.277µs" err="state histories haven't been fully indexed yet" X-Forwarded-For=<nil>
WARN [11-16|16:41:50.546] Served eth_call                          conn=127.0.0.1:37718 reqid=82 duration="54.158µs" err="state histories haven't been fully indexed yet" X-Forwarded-For=<nil>
WARN [11-16|16:41:50.551] Served eth_call                          conn=127.0.0.1:37718 reqid=85 duration="33.557µs" err="state histories haven't been fully indexed yet" X-Forwarded-For=<nil>
WARN [11-16|16:41:50.555] Served eth_call                          conn=127.0.0.1:37718 reqid=88 duration="22.065µs" err="state histories haven't been fully indexed yet" X-Forwarded-For=<nil>
WARN [11-16|16:41:50.559] Served eth_call                          conn=127.0.0.1:37718 reqid=91 duration="40.891µs" err="state histories haven't been fully indexed yet" X-Forwarded-For=<nil>
WARN [11-16|16:41:50.563] Served eth_call                          conn=127.0.0.1:37718 reqid=94 duration="34.83µs" err="state histories haven't been fully indexed yet" X-Forwarded-For=<nil>
WARN [11-16|16:41:50.567] Served eth_call                          conn=127.0.0.1:37718 reqid=97 duration="37.876µs" err="state histories haven't been fully indexed yet" X-Forwarded-For=<nil>
WARN [11-16|16:41:50.571] Served eth_call                          conn=127.0.0.1:37718 reqid=100 duration="36.093µs" err="state histories haven't been fully indexed yet" X-Forwarded-For=<nil>
WARN [11-16|16:41:50.575] Served eth_call                          conn=127.0.0.1:37718 reqid=103 duration="31.162µs" err="state histories haven't been fully indexed yet" X-Forwarded-For=<nil>
WARN [11-16|16:41:50.579] Served eth_call                          conn=127.0.0.1:37718 reqid=106 duration="34.99µs" err="state histories haven't been fully indexed yet" X-Forwarded-For=<nil>
WARN [11-16|16:41:50.583] Served eth_call                          conn=127.0.0.1:37718 reqid=109 duration="31.864µs" err="state histories haven't been fully indexed yet" X-Forwarded-For=<nil>
WARN [11-16|16:41:50.587] Served eth_call                          conn=127.0.0.1:37718 reqid=112 duration="33.517µs" err="state histories haven't been fully indexed yet" X-Forwarded-For=<nil>
WARN [11-16|16:41:50.592] Served eth_call                          conn=127.0.0.1:37718 reqid=115 duration="42.374µs" err="state histories haven't been fully indexed yet" X-Forwarded-For=<nil>
WARN [11-16|16:41:50.596] Served eth_call                          conn=127.0.0.1:37718 reqid=118 duration="34.258µs" err="state histories haven't been fully indexed yet" X-Forwarded-For=<nil>
WARN [11-16|16:41:50.600] Served eth_call                          conn=127.0.0.1:37718 reqid=121 duration="36.032µs" err="state histories haven't been fully indexed yet" X-Forwarded-For=<nil>
WARN [11-16|16:41:50.604] Served eth_call                          conn=127.0.0.1:37718 reqid=124 duration="38.667µs" err="state histories haven't been fully indexed yet" X-Forwarded-For=<nil>
WARN [11-16|16:41:50.608] Served eth_call                          conn=127.0.0.1:37718 reqid=127 duration="33.006µs" err="state histories haven't been fully indexed yet" X-Forwarded-For=<nil>
WARN [11-16|16:41:50.612] Served eth_call                          conn=127.0.0.1:37718 reqid=130 duration="32.004µs" err="state histories haven't been fully indexed yet" X-Forwarded-For=<nil>
WARN [11-16|16:41:50.616] Served eth_call                          conn=127.0.0.1:37718 reqid=133 duration="31.253µs" err="state histories haven't been fully indexed yet" X-Forwarded-For=<nil>
WARN [11-16|16:41:50.621] Served eth_call                          conn=127.0.0.1:37718 reqid=136 duration="88.106µs" err="state histories haven't been fully indexed yet" X-Forwarded-For=<nil>
WARN [11-16|16:41:50.625] Served eth_call                          conn=127.0.0.1:37718 reqid=139 duration="31.643µs" err="state histories haven't been fully indexed yet" X-Forwarded-For=<nil>
WARN [11-16|16:41:50.629] Served eth_call                          conn=127.0.0.1:37718 reqid=142 duration="30.541µs" err="state histories haven't been fully indexed yet" X-Forwarded-For=<nil>
WARN [11-16|16:41:50.633] Served eth_call                          conn=127.0.0.1:37718 reqid=145 duration="30.441µs" err="state histories haven't been fully indexed yet" X-Forwarded-For=<nil>
WARN [11-16|16:41:50.637] Served eth_call                          conn=127.0.0.1:37718 reqid=148 duration="31.182µs" err="state histories haven't been fully indexed yet" X-Forwarded-For=<nil>
WARN [11-16|16:41:50.641] Served eth_call                          conn=127.0.0.1:37718 reqid=151 duration="32.966µs" err="state histories haven't been fully indexed yet" X-Forwarded-For=<nil>
WARN [11-16|16:41:50.645] Served eth_call                          conn=127.0.0.1:37718 reqid=154 duration="31.232µs" err="state histories haven't been fully indexed yet" X-Forwarded-For=<nil>
WARN [11-16|16:41:50.650] Served eth_call                          conn=127.0.0.1:37718 reqid=157 duration="46.042µs" err="state histories haven't been fully indexed yet" X-Forwarded-For=<nil>
WARN [11-16|16:41:50.654] Served eth_call                          conn=127.0.0.1:37718 reqid=160 duration="32.936µs" err="state histories haven't been fully indexed yet" X-Forwarded-For=<nil>
WARN [11-16|16:41:50.658] Served eth_call                          conn=127.0.0.1:37718 reqid=163 duration="31.472µs" err="state histories haven't been fully indexed yet" X-Forwarded-For=<nil>
WARN [11-16|16:41:50.662] Served eth_call                          conn=127.0.0.1:37718 reqid=166 duration="30.821µs" err="state histories haven't been fully indexed yet" X-Forwarded-For=<nil>
WARN [11-16|16:41:50.666] Served eth_call                          conn=127.0.0.1:37718 reqid=169 duration="33.086µs" err="state histories haven't been fully indexed yet" X-Forwarded-For=<nil>
WARN [11-16|16:41:50.670] Served eth_call                          conn=127.0.0.1:37718 reqid=172 duration="31.503µs" err="state histories haven't been fully indexed yet" X-Forwarded-For=<nil>
WARN [11-16|16:41:50.674] Served eth_call                          conn=127.0.0.1:37718 reqid=175 duration="30.642µs" err="state histories haven't been fully indexed yet" X-Forwarded-For=<nil>
WARN [11-16|16:41:50.678] Served eth_call                          conn=127.0.0.1:37718 reqid=178 duration="33.527µs" err="state histories haven't been fully indexed yet" X-Forwarded-For=<nil>
WARN [11-16|16:41:50.682] Served eth_call                          conn=127.0.0.1:37718 reqid=181 duration="30.892µs" err="state histories haven't been fully indexed yet" X-Forwarded-For=<nil>
WARN [11-16|16:41:50.686] Served eth_call                          conn=127.0.0.1:37718 reqid=184 duration="31.603µs" err="state histories haven't been fully indexed yet" X-Forwarded-For=<nil>
WARN [11-16|16:41:50.690] Served eth_call                          conn=127.0.0.1:37718 reqid=187 duration="31.813µs" err="state histories haven't been fully indexed yet" X-Forwarded-For=<nil>
WARN [11-16|16:41:50.694] Served eth_call                          conn=127.0.0.1:37718 reqid=190 duration="32.315µs" err="state histories haven't been fully indexed yet" X-Forwarded-For=<nil>
WARN [11-16|16:41:50.699] Served eth_call                          conn=127.0.0.1:37718 reqid=193 duration="54.139µs" err="state histories haven't been fully indexed yet" X-Forwarded-For=<nil>
WARN [11-16|16:41:50.703] Served eth_call                          conn=127.0.0.1:37718 reqid=196 duration="36.683µs" err="state histories haven't been fully indexed yet" X-Forwarded-For=<nil>
WARN [11-16|16:41:50.707] Served eth_call                          conn=127.0.0.1:37718 reqid=199 duration="36.112µs" err="state histories haven't been fully indexed yet" X-Forwarded-For=<nil>
WARN [11-16|16:41:50.711] Served eth_call                          conn=127.0.0.1:37718 reqid=202 duration="42.365µs" err="state histories haven't been fully indexed yet" X-Forwarded-For=<nil>
WARN [11-16|16:41:50.716] Served eth_call                          conn=127.0.0.1:37718 reqid=205 duration="37.976µs" err="state histories haven't been fully indexed yet" X-Forwarded-For=<nil>
WARN [11-16|16:41:50.720] Served eth_call                          conn=127.0.0.1:37718 reqid=208 duration="22.384µs" err="state histories haven't been fully indexed yet" X-Forwarded-For=<nil>
WARN [11-16|16:41:50.724] Served eth_call                          conn=127.0.0.1:37718 reqid=211 duration="31.803µs" err="state histories haven't been fully indexed yet" X-Forwarded-For=<nil>
WARN [11-16|16:41:50.728] Served eth_call                          conn=127.0.0.1:37718 reqid=214 duration="35.641µs" err="state histories haven't been fully indexed yet" X-Forwarded-For=<nil>
WARN [11-16|16:41:50.732] Served eth_call                          conn=127.0.0.1:37718 reqid=217 duration="33.056µs" err="state histories haven't been fully indexed yet" X-Forwarded-For=<nil>
WARN [11-16|16:41:50.736] Served eth_call                          conn=127.0.0.1:37718 reqid=220 duration="30.872µs" err="state histories haven't been fully indexed yet" X-Forwarded-For=<nil>
WARN [11-16|16:41:50.740] Served eth_call                          conn=127.0.0.1:37718 reqid=223 duration="31.503µs" err="state histories haven't been fully indexed yet" X-Forwarded-For=<nil>
WARN [11-16|16:41:50.744] Served eth_call                          conn=127.0.0.1:37718 reqid=226 duration="31.163µs" err="state histories haven't been fully indexed yet" X-Forwarded-For=<nil>
WARN [11-16|16:41:50.748] Served eth_call                          conn=127.0.0.1:37718 reqid=229 duration="28.166µs" err="state histories haven't been fully indexed yet" X-Forwarded-For=<nil>
WARN [11-16|16:41:50.753] Served eth_call                          conn=127.0.0.1:37718 reqid=232 duration="25.28µs" err="state histories haven't been fully indexed yet" X-Forwarded-For=<nil>
WARN [11-16|16:41:50.756] Served eth_call                          conn=127.0.0.1:37718 reqid=235 duration="23.647µs" err="state histories haven't been fully indexed yet" X-Forwarded-For=<nil>
WARN [11-16|16:41:50.761] Served eth_call                          conn=127.0.0.1:37718 reqid=238 duration="25.201µs" err="state histories haven't been fully indexed yet" X-Forwarded-For=<nil>
WARN [11-16|16:41:50.765] Served eth_call                          conn=127.0.0.1:37718 reqid=241 duration="25.05µs" err="state histories haven't been fully indexed yet" X-Forwarded-For=<nil>
WARN [11-16|16:41:50.769] Served eth_call                          conn=127.0.0.1:37718 reqid=244 duration="24.418µs" err="state histories haven't been fully indexed yet" X-Forwarded-For=<nil>
WARN [11-16|16:41:50.772] Served eth_call                          conn=127.0.0.1:37718 reqid=247 duration="25.431µs" err="state histories haven't been fully indexed yet" X-Forwarded-For=<nil>
WARN [11-16|16:41:50.776] Served eth_call                          conn=127.0.0.1:37718 reqid=250 duration="27.365µs" err="state histories haven't been fully indexed yet" X-Forwarded-For=<nil>
WARN [11-16|16:41:50.780] Served eth_call                          conn=127.0.0.1:37718 reqid=253 duration="25.321µs" err="state histories haven't been fully indexed yet" X-Forwarded-For=<nil>
WARN [11-16|16:41:50.784] Served eth_call                          conn=127.0.0.1:37718 reqid=256 duration="24.73µs" err="state histories haven't been fully indexed yet" X-Forwarded-For=<nil>
WARN [11-16|16:41:50.789] Served eth_call                          conn=127.0.0.1:37718 reqid=259 duration="29.218µs" err="state histories haven't been fully indexed yet" X-Forwarded-For=<nil>
WARN [11-16|16:41:50.793] Served eth_call                          conn=127.0.0.1:37718 reqid=262 duration="24.439µs" err="state histories haven't been fully indexed yet" X-Forwarded-For=<nil>
WARN [11-16|16:41:50.797] Served eth_call                          conn=127.0.0.1:37718 reqid=265 duration="23.256µs" err="state histories haven't been fully indexed yet" X-Forwarded-For=<nil>
WARN [11-16|16:41:50.801] Served eth_call                          conn=127.0.0.1:37718 reqid=268 duration="19.389µs" err="state histories haven't been fully indexed yet" X-Forwarded-For=<nil>
WARN [11-16|16:41:50.805] Served eth_call                          conn=127.0.0.1:37718 reqid=271 duration="35.701µs" err="state histories haven't been fully indexed yet" X-Forwarded-For=<nil>
WARN [11-16|16:41:50.813] Served eth_call                          conn=127.0.0.1:37718 reqid=274 duration="66.022µs" err="state histories haven't been fully indexed yet" X-Forwarded-For=<nil>
WARN [11-16|16:41:50.819] Served eth_call                          conn=127.0.0.1:37718 reqid=277 duration="67.786µs" err="state histories haven't been fully indexed yet" X-Forwarded-For=<nil>
WARN [11-16|16:41:50.824] Served eth_call                          conn=127.0.0.1:37718 reqid=280 duration="43.336µs" err="state histories haven't been fully indexed yet" X-Forwarded-For=<nil>
WARN [11-16|16:41:50.829] Served eth_call                          conn=127.0.0.1:37718 reqid=283 duration="43.577µs" err="state histories haven't been fully indexed yet" X-Forwarded-For=<nil>
WARN [11-16|16:41:50.834] Served eth_call                          conn=127.0.0.1:37718 reqid=286 duration="43.327µs" err="state histories haven't been fully indexed yet" X-Forwarded-For=<nil>
WARN [11-16|16:41:50.838] Served eth_call                          conn=127.0.0.1:37718 reqid=289 duration="44.399µs" err="state histories haven't been fully indexed yet" X-Forwarded-For=<nil>
WARN [11-16|16:41:50.843] Served eth_call                          conn=127.0.0.1:37718 reqid=292 duration="42.575µs" err="state histories haven't been fully indexed yet" X-Forwarded-For=<nil>
WARN [11-16|16:41:50.847] Served eth_call                          conn=127.0.0.1:37718 reqid=295 duration="48.517µs" err="state histories haven't been fully indexed yet" X-Forwarded-For=<nil>
WARN [11-16|16:41:50.851] Served eth_call                          conn=127.0.0.1:37718 reqid=298 duration="42.906µs" err="state histories haven't been fully indexed yet" X-Forwarded-For=<nil>
WARN [11-16|16:41:50.856] Served eth_call                          conn=127.0.0.1:37718 reqid=301 duration="65.721µs" err="state histories haven't been fully indexed yet" X-Forwarded-For=<nil>
WARN [11-16|16:41:50.861] Served eth_call                          conn=127.0.0.1:37718 reqid=304 duration="34.489µs" err="state histories haven't been fully indexed yet" X-Forwarded-For=<nil>
WARN [11-16|16:41:50.865] Served eth_call                          conn=127.0.0.1:37718 reqid=307 duration="34.018µs" err="state histories haven't been fully indexed yet" X-Forwarded-For=<nil>
WARN [11-16|16:41:50.869] Served eth_call                          conn=127.0.0.1:37718 reqid=310 duration="35.932µs" err="state histories haven't been fully indexed yet" X-Forwarded-For=<nil>
WARN [11-16|16:41:50.874] Served eth_call                          conn=127.0.0.1:37718 reqid=313 duration="23.207µs" err="state histories haven't been fully indexed yet" X-Forwarded-For=<nil>
WARN [11-16|16:41:50.878] Served eth_call                          conn=127.0.0.1:37718 reqid=316 duration="38.036µs" err="state histories haven't been fully indexed yet" X-Forwarded-For=<nil>
WARN [11-16|16:41:50.882] Served eth_call                          conn=127.0.0.1:37718 reqid=319 duration="35.361µs" err="state histories haven't been fully indexed yet" X-Forwarded-For=<nil>
WARN [11-16|16:41:50.887] Served eth_call                          conn=127.0.0.1:37718 reqid=322 duration="43.838µs" err="state histories haven't been fully indexed yet" X-Forwarded-For=<nil>
WARN [11-16|16:41:50.891] Served eth_call                          conn=127.0.0.1:37718 reqid=325 duration="22.866µs" err="state histories haven't been fully indexed yet" X-Forwarded-For=<nil>
WARN [11-16|16:41:50.895] Served eth_call                          conn=127.0.0.1:37718 reqid=328 duration="43.377µs" err="state histories haven't been fully indexed yet" X-Forwarded-For=<nil>
WARN [11-16|16:41:50.899] Served eth_call                          conn=127.0.0.1:37718 reqid=331 duration="44.379µs" err="state histories haven't been fully indexed yet" X-Forwarded-For=<nil>
WARN [11-16|16:41:50.904] Served eth_call                          conn=127.0.0.1:37718 reqid=334 duration="43.296µs" err="state histories haven't been fully indexed yet" X-Forwarded-For=<nil>
WARN [11-16|16:41:50.908] Served eth_call                          conn=127.0.0.1:37718 reqid=337 duration="43.277µs" err="state histories haven't been fully indexed yet" X-Forwarded-For=<nil>
WARN [11-16|16:41:50.914] Served eth_call                          conn=127.0.0.1:37718 reqid=340 duration="34.229µs" err="state histories haven't been fully indexed yet" X-Forwarded-For=<nil>
WARN [11-16|16:41:50.918] Served eth_call                          conn=127.0.0.1:37718 reqid=343 duration="34.649µs" err="state histories haven't been fully indexed yet" X-Forwarded-For=<nil>
WARN [11-16|16:41:50.923] Served eth_call                          conn=127.0.0.1:37718 reqid=346 duration="35.521µs" err="state histories haven't been fully indexed yet" X-Forwarded-For=<nil>
WARN [11-16|16:41:50.928] Served eth_call                          conn=127.0.0.1:37718 reqid=349 duration="62.735µs" err="state histories haven't been fully indexed yet" X-Forwarded-For=<nil>
WARN [11-16|16:41:50.933] Served eth_call                          conn=127.0.0.1:37718 reqid=352 duration="42.595µs" err="state histories haven't been fully indexed yet" X-Forwarded-For=<nil>
WARN [11-16|16:41:50.937] Served eth_call                          conn=127.0.0.1:37718 reqid=355 duration="40.361µs" err="state histories haven't been fully indexed yet" X-Forwarded-For=<nil>
WARN [11-16|16:41:50.942] Served eth_call                          conn=127.0.0.1:37718 reqid=358 duration="41.152µs" err="state histories haven't been fully indexed yet" X-Forwarded-For=<nil>
WARN [11-16|16:41:50.946] Served eth_call                          conn=127.0.0.1:37718 reqid=361 duration="45.02µs" err="state histories haven't been fully indexed yet" X-Forwarded-For=<nil>
WARN [11-16|16:41:50.951] Served eth_call                          conn=127.0.0.1:37718 reqid=364 duration="45.09µs" err="state histories haven't been fully indexed yet" X-Forwarded-For=<nil>
WARN [11-16|16:41:50.956] Served eth_call                          conn=127.0.0.1:37718 reqid=367 duration="44.86µs" err="state histories haven't been fully indexed yet" X-Forwarded-For=<nil>
WARN [11-16|16:41:50.960] Served eth_call                          conn=127.0.0.1:37718 reqid=370 duration="43.106µs" err="state histories haven't been fully indexed yet" X-Forwarded-For=<nil>
WARN [11-16|16:41:50.964] Served eth_call                          conn=127.0.0.1:37718 reqid=373 duration="41.984µs" err="state histories haven't been fully indexed yet" X-Forwarded-For=<nil>
WARN [11-16|16:41:50.969] Served eth_call                          conn=127.0.0.1:37718 reqid=376 duration="41.252µs" err="state histories haven't been fully indexed yet" X-Forwarded-For=<nil>
WARN [11-16|16:41:50.973] Served eth_call                          conn=127.0.0.1:37718 reqid=379 duration="44.278µs" err="state histories haven't been fully indexed yet" X-Forwarded-For=<nil>
WARN [11-16|16:41:50.977] Served eth_call                          conn=127.0.0.1:37718 reqid=382 duration="35.662µs" err="state histories haven't been fully indexed yet" X-Forwarded-For=<nil>
WARN [11-16|16:41:50.981] Served eth_call                          conn=127.0.0.1:37718 reqid=385 duration="42.946µs" err="state histories haven't been fully indexed yet" X-Forwarded-For=<nil>
WARN [11-16|16:41:50.985] Served eth_call                          conn=127.0.0.1:37718 reqid=388 duration="46.714µs" err="state histories haven't been fully indexed yet" X-Forwarded-For=<nil>
WARN [11-16|16:41:50.989] Served eth_call                          conn=127.0.0.1:37718 reqid=391 duration="42.305µs" err="state histories haven't been fully indexed yet" X-Forwarded-For=<nil>
WARN [11-16|16:41:50.994] Served eth_call                          conn=127.0.0.1:37718 reqid=394 duration="38.477µs" err="state histories haven't been fully indexed yet" X-Forwarded-For=<nil>
WARN [11-16|16:41:50.998] Served eth_call                          conn=127.0.0.1:37718 reqid=397 duration="49.769µs" err="state histories haven't been fully indexed yet" X-Forwarded-For=<nil>
WARN [11-16|16:41:51.002] Served eth_call                          conn=127.0.0.1:37718 reqid=400 duration="42.144µs" err="state histories haven't been fully indexed yet" X-Forwarded-For=<nil>
WARN [11-16|16:41:51.006] Served eth_call                          conn=127.0.0.1:37718 reqid=403 duration="45.27µs" err="state histories haven't been fully indexed yet" X-Forwarded-For=<nil>
WARN [11-16|16:41:51.013] Served eth_call                          conn=127.0.0.1:37718 reqid=406 duration="42.936µs" err="state histories haven't been fully indexed yet" X-Forwarded-For=<nil>
WARN [11-16|16:41:51.017] Served eth_call                          conn=127.0.0.1:37718 reqid=409 duration="45.441µs" err="state histories haven't been fully indexed yet" X-Forwarded-For=<nil>
WARN [11-16|16:41:51.021] Served eth_call                          conn=127.0.0.1:37718 reqid=412 duration="41.773µs" err="state histories haven't been fully indexed yet" X-Forwarded-For=<nil>
WARN [11-16|16:41:51.026] Served eth_call                          conn=127.0.0.1:37718 reqid=415 duration="43.437µs" err="state histories haven't been fully indexed yet" X-Forwarded-For=<nil>
WARN [11-16|16:41:51.030] Served eth_call                          conn=127.0.0.1:37718 reqid=418 duration="42.054µs" err="state histories haven't been fully indexed yet" X-Forwarded-For=<nil>
WARN [11-16|16:41:51.034] Served eth_call                          conn=127.0.0.1:37718 reqid=421 duration="62.014µs" err="state histories haven't been fully indexed yet" X-Forwarded-For=<nil>
WARN [11-16|16:41:51.039] Served eth_call                          conn=127.0.0.1:37718 reqid=424 duration="41.673µs" err="state histories haven't been fully indexed yet" X-Forwarded-For=<nil>
WARN [11-16|16:41:51.044] Served eth_call                          conn=127.0.0.1:37718 reqid=427 duration="45.491µs" err="state histories haven't been fully indexed yet" X-Forwarded-For=<nil>
WARN [11-16|16:41:51.049] Served eth_call                          conn=127.0.0.1:37718 reqid=430 duration="42.064µs" err="state histories haven't been fully indexed yet" X-Forwarded-For=<nil>
WARN [11-16|16:41:51.053] Served eth_call                          conn=127.0.0.1:37718 reqid=433 duration="41.382µs" err="state histories haven't been fully indexed yet" X-Forwarded-For=<nil>
WARN [11-16|16:41:51.058] Served eth_call                          conn=127.0.0.1:37718 reqid=436 duration="41.673µs" err="state histories haven't been fully indexed yet" X-Forwarded-For=<nil>
WARN [11-16|16:41:51.062] Served eth_call                          conn=127.0.0.1:37718 reqid=439 duration="42.816µs" err="state histories haven't been fully indexed yet" X-Forwarded-For=<nil>
WARN [11-16|16:41:51.067] Served eth_call                          conn=127.0.0.1:37718 reqid=442 duration="53.127µs" err="state histories haven't been fully indexed yet" X-Forwarded-For=<nil>
WARN [11-16|16:41:51.071] Served eth_call                          conn=127.0.0.1:37718 reqid=445 duration="50.26µs" err="state histories haven't been fully indexed yet" X-Forwarded-For=<nil>
WARN [11-16|16:41:51.076] Served eth_call                          conn=127.0.0.1:37718 reqid=448 duration="67.955µs" err="state histories haven't been fully indexed yet" X-Forwarded-For=<nil>
WARN [11-16|16:41:51.080] Served eth_call                          conn=127.0.0.1:37718 reqid=451 duration="41.683µs" err="state histories haven't been fully indexed yet" X-Forwarded-For=<nil>
WARN [11-16|16:41:51.084] Served eth_call                          conn=127.0.0.1:37718 reqid=454 duration="38.427µs" err="state histories haven't been fully indexed yet" X-Forwarded-For=<nil>
WARN [11-16|16:41:51.088] Served eth_call                          conn=127.0.0.1:37718 reqid=457 duration="36.142µs" err="state histories haven't been fully indexed yet" X-Forwarded-For=<nil>
WARN [11-16|16:41:51.092] Served eth_call                          conn=127.0.0.1:37718 reqid=460 duration="35.651µs" err="state histories haven't been fully indexed yet" X-Forwarded-For=<nil>
WARN [11-16|16:41:51.097] Served eth_call                          conn=127.0.0.1:37718 reqid=463 duration="36.583µs" err="state histories haven't been fully indexed yet" X-Forwarded-For=<nil>
WARN [11-16|16:41:51.101] Served eth_call                          conn=127.0.0.1:37718 reqid=466 duration="47.454µs" err="state histories haven't been fully indexed yet" X-Forwarded-For=<nil>
WARN [11-16|16:41:51.105] Served eth_call                          conn=127.0.0.1:37718 reqid=469 duration="34.92µs" err="state histories haven't been fully indexed yet" X-Forwarded-For=<nil>
WARN [11-16|16:41:51.109] Served eth_call                          conn=127.0.0.1:37718 reqid=472 duration="34.74µs" err="state histories haven't been fully indexed yet" X-Forwarded-For=<nil>
WARN [11-16|16:41:51.113] Served eth_call                          conn=127.0.0.1:37718 reqid=475 duration="35.711µs" err="state histories haven't been fully indexed yet" X-Forwarded-For=<nil>
WARN [11-16|16:41:51.118] Served eth_call                          conn=127.0.0.1:37718 reqid=478 duration="57.936µs" err="state histories haven't been fully indexed yet" X-Forwarded-For=<nil>
WARN [11-16|16:41:51.122] Served eth_call                          conn=127.0.0.1:37718 reqid=481 duration="36.223µs" err="state histories haven't been fully indexed yet" X-Forwarded-For=<nil>
WARN [11-16|16:41:51.126] Served eth_call                          conn=127.0.0.1:37718 reqid=484 duration="37.595µs" err="state histories haven't been fully indexed yet" X-Forwarded-For=<nil>
WARN [11-16|16:41:51.130] Served eth_call                          conn=127.0.0.1:37718 reqid=487 duration="37.915µs" err="state histories haven't been fully indexed yet" X-Forwarded-For=<nil>
WARN [11-16|16:41:51.134] Served eth_call                          conn=127.0.0.1:37718 reqid=490 duration="35.13µs" err="state histories haven't been fully indexed yet" X-Forwarded-For=<nil>
WARN [11-16|16:41:51.138] Served eth_call                          conn=127.0.0.1:37718 reqid=493 duration="42.796µs" err="state histories haven't been fully indexed yet" X-Forwarded-For=<nil>
WARN [11-16|16:41:51.143] Served eth_call                          conn=127.0.0.1:37718 reqid=496 duration="53.797µs" err="state histories haven't been fully indexed yet" X-Forwarded-For=<nil>
WARN [11-16|16:41:51.147] Served eth_call                          conn=127.0.0.1:37718 reqid=499 duration="35.702µs" err="state histories haven't been fully indexed yet" X-Forwarded-For=<nil>
WARN [11-16|16:41:51.151] Served eth_call                          conn=127.0.0.1:37718 reqid=502 duration="46.132µs" err="state histories haven't been fully indexed yet" X-Forwarded-For=<nil>
WARN [11-16|16:41:51.155] Served eth_call                          conn=127.0.0.1:37718 reqid=505 duration="20.602µs" err="state histories haven't been fully indexed yet" X-Forwarded-For=<nil>
WARN [11-16|16:41:51.159] Served eth_call                          conn=127.0.0.1:37718 reqid=508 duration="52.484µs" err="state histories haven't been fully indexed yet" X-Forwarded-For=<nil>
WARN [11-16|16:41:51.162] Served eth_call                          conn=127.0.0.1:37718 reqid=511 duration="34.198µs" err="state histories haven't been fully indexed yet" X-Forwarded-For=<nil>
WARN [11-16|16:41:51.167] Served eth_call                          conn=127.0.0.1:37718 reqid=514 duration="35.791µs" err="state histories haven't been fully indexed yet" X-Forwarded-For=<nil>
WARN [11-16|16:41:51.171] Served eth_call                          conn=127.0.0.1:37718 reqid=517 duration="22.515µs" err="state histories haven't been fully indexed yet" X-Forwarded-For=<nil>
WARN [11-16|16:41:51.175] Served eth_call                          conn=127.0.0.1:37718 reqid=520 duration="104.559µs" err="state histories haven't been fully indexed yet" X-Forwarded-For=<nil>
WARN [11-16|16:41:51.179] Served eth_call                          conn=127.0.0.1:37718 reqid=523 duration="23.116µs" err="state histories haven't been fully indexed yet" X-Forwarded-For=<nil>
WARN [11-16|16:41:51.183] Served eth_call                          conn=127.0.0.1:37718 reqid=526 duration="38.757µs" err="state histories haven't been fully indexed yet" X-Forwarded-For=<nil>
WARN [11-16|16:41:51.187] Served eth_call                          conn=127.0.0.1:37718 reqid=529 duration="36.803µs" err="state histories haven't been fully indexed yet" X-Forwarded-For=<nil>
WARN [11-16|16:41:51.191] Served eth_call                          conn=127.0.0.1:37718 reqid=532 duration="31.513µs" err="state histories haven't been fully indexed yet" X-Forwarded-For=<nil>
WARN [11-16|16:41:51.195] Served eth_call                          conn=127.0.0.1:37718 reqid=535 duration="31.903µs" err="state histories haven't been fully indexed yet" X-Forwarded-For=<nil>
WARN [11-16|16:41:51.199] Served eth_call                          conn=127.0.0.1:37718 reqid=538 duration="41.994µs" err="state histories haven't been fully indexed yet" X-Forwarded-For=<nil>
WARN [11-16|16:41:51.203] Served eth_call                          conn=127.0.0.1:37718 reqid=541 duration="20.751µs" err="state histories haven't been fully indexed yet" X-Forwarded-For=<nil>
WARN [11-16|16:41:51.207] Served eth_call                          conn=127.0.0.1:37718 reqid=544 duration="34.559µs" err="state histories haven't been fully indexed yet" X-Forwarded-For=<nil>
WARN [11-16|16:41:51.211] Served eth_call                          conn=127.0.0.1:37718 reqid=547 duration="34.159µs" err="state histories haven't been fully indexed yet" X-Forwarded-For=<nil>
WARN [11-16|16:41:51.215] Served eth_call                          conn=127.0.0.1:37718 reqid=550 duration="30.992µs" err="state histories haven't been fully indexed yet" X-Forwarded-For=<nil>
WARN [11-16|16:41:51.219] Served eth_call                          conn=127.0.0.1:37718 reqid=553 duration="30.281µs" err="state histories haven't been fully indexed yet" X-Forwarded-For=<nil>
WARN [11-16|16:41:51.223] Served eth_call                          conn=127.0.0.1:37718 reqid=556 duration="37.374µs" err="state histories haven't been fully indexed yet" X-Forwarded-For=<nil>
WARN [11-16|16:41:51.227] Served eth_call                          conn=127.0.0.1:37718 reqid=559 duration="51.202µs" err="state histories haven't been fully indexed yet" X-Forwarded-For=<nil>
WARN [11-16|16:41:51.231] Served eth_call                          conn=127.0.0.1:37718 reqid=562 duration="33.346µs" err="state histories haven't been fully indexed yet" X-Forwarded-For=<nil>
WARN [11-16|16:41:51.235] Served eth_call                          conn=127.0.0.1:37718 reqid=565 duration="33.718µs" err="state histories haven't been fully indexed yet" X-Forwarded-For=<nil>
WARN [11-16|16:41:51.239] Served eth_call                          conn=127.0.0.1:37718 reqid=568 duration="21.593µs" err="state histories haven't been fully indexed yet" X-Forwarded-For=<nil>
WARN [11-16|16:41:51.243] Served eth_call                          conn=127.0.0.1:37718 reqid=571 duration="37.926µs" err="state histories haven't been fully indexed yet" X-Forwarded-For=<nil>
WARN [11-16|16:41:51.248] Served eth_call                          conn=127.0.0.1:37718 reqid=574 duration="20.692µs" err="state histories haven't been fully indexed yet" X-Forwarded-For=<nil>
WARN [11-16|16:41:51.252] Served eth_call                          conn=127.0.0.1:37718 reqid=577 duration="22.135µs" err="state histories haven't been fully indexed yet" X-Forwarded-For=<nil>
WARN [11-16|16:41:51.255] Served eth_call                          conn=127.0.0.1:37718 reqid=580 duration="22.705µs" err="state histories haven't been fully indexed yet" X-Forwarded-For=<nil>
WARN [11-16|16:41:51.259] Served eth_call                          conn=127.0.0.1:37718 reqid=583 duration="20.481µs" err="state histories haven't been fully indexed yet" X-Forwarded-For=<nil>
WARN [11-16|16:41:51.263] Served eth_call                          conn=127.0.0.1:37718 reqid=586 duration="21.513µs" err="state histories haven't been fully indexed yet" X-Forwarded-For=<nil>
WARN [11-16|16:41:51.267] Served eth_call                          conn=127.0.0.1:37718 reqid=589 duration="18.276µs" err="state histories haven't been fully indexed yet" X-Forwarded-For=<nil>
WARN [11-16|16:41:51.271] Served eth_call                          conn=127.0.0.1:37718 reqid=592 duration="33.607µs" err="state histories haven't been fully indexed yet" X-Forwarded-For=<nil>
WARN [11-16|16:41:51.275] Served eth_call                          conn=127.0.0.1:37718 reqid=595 duration="31.133µs" err="state histories haven't been fully indexed yet" X-Forwarded-For=<nil>
WARN [11-16|16:41:51.279] Served eth_call                          conn=127.0.0.1:37718 reqid=598 duration="36.463µs" err="state histories haven't been fully indexed yet" X-Forwarded-For=<nil>
WARN [11-16|16:41:51.283] Served eth_call                          conn=127.0.0.1:37718 reqid=601 duration="31.272µs" err="state histories haven't been fully indexed yet" X-Forwarded-For=<nil>
WARN [11-16|16:41:51.287] Served eth_call                          conn=127.0.0.1:37718 reqid=604 duration="32.304µs" err="state histories haven't been fully indexed yet" X-Forwarded-For=<nil>
WARN [11-16|16:41:51.291] Served eth_call                          conn=127.0.0.1:37718 reqid=607 duration="30.671µs" err="state histories haven't been fully indexed yet" X-Forwarded-For=<nil>
WARN [11-16|16:41:51.295] Served eth_call                          conn=127.0.0.1:37718 reqid=610 duration="35.972µs" err="state histories haven't been fully indexed yet" X-Forwarded-For=<nil>
WARN [11-16|16:41:51.299] Served eth_call                          conn=127.0.0.1:37718 reqid=613 duration="36.713µs" err="state histories haven't been fully indexed yet" X-Forwarded-For=<nil>
WARN [11-16|16:41:51.303] Served eth_call                          conn=127.0.0.1:37718 reqid=616 duration="45.29µs" err="state histories haven't been fully indexed yet" X-Forwarded-For=<nil>
WARN [11-16|16:41:51.307] Served eth_call                          conn=127.0.0.1:37718 reqid=619 duration="34.79µs" err="state histories haven't been fully indexed yet" X-Forwarded-For=<nil>
WARN [11-16|16:41:51.311] Served eth_call                          conn=127.0.0.1:37718 reqid=622 duration="18.688µs" err="state histories haven't been fully indexed yet" X-Forwarded-For=<nil>
WARN [11-16|16:41:51.315] Served eth_call                          conn=127.0.0.1:37718 reqid=625 duration="20.111µs" err="state histories haven't been fully indexed yet" X-Forwarded-For=<nil>
WARN [11-16|16:41:51.319] Served eth_call                          conn=127.0.0.1:37718 reqid=628 duration="18.417µs" err="state histories haven't been fully indexed yet" X-Forwarded-For=<nil>
WARN [11-16|16:41:51.323] Served eth_call                          conn=127.0.0.1:37718 reqid=631 duration="19.038µs" err="state histories haven't been fully indexed yet" X-Forwarded-For=<nil>
WARN [11-16|16:41:51.327] Served eth_call                          conn=127.0.0.1:37718 reqid=634 duration="17.956µs" err="state histories haven't been fully indexed yet" X-Forwarded-For=<nil>
WARN [11-16|16:41:51.331] Served eth_call                          conn=127.0.0.1:37718 reqid=637 duration="20.351µs" err="state histories haven't been fully indexed yet" X-Forwarded-For=<nil>
WARN [11-16|16:41:51.335] Served eth_call                          conn=127.0.0.1:37718 reqid=640 duration="31.833µs" err="state histories haven't been fully indexed yet" X-Forwarded-For=<nil>
WARN [11-16|16:41:51.339] Served eth_call                          conn=127.0.0.1:37718 reqid=643 duration="36.503µs" err="state histories haven't been fully indexed yet" X-Forwarded-For=<nil>
WARN [11-16|16:41:51.343] Served eth_call                          conn=127.0.0.1:37718 reqid=646 duration="19.9µs" err="state histories haven't been fully indexed yet" X-Forwarded-For=<nil>
WARN [11-16|16:41:51.347] Served eth_call                          conn=127.0.0.1:37718 reqid=649 duration="50.631µs" err="state histories haven't been fully indexed yet" X-Forwarded-For=<nil>
WARN [11-16|16:41:51.351] Served eth_call                          conn=127.0.0.1:37718 reqid=652 duration="22.445µs" err="state histories haven't been fully indexed yet" X-Forwarded-For=<nil>
WARN [11-16|16:41:51.355] Served eth_call                          conn=127.0.0.1:37718 reqid=655 duration="38.708µs" err="state histories haven't been fully indexed yet" X-Forwarded-For=<nil>
WARN [11-16|16:41:51.359] Served eth_call                          conn=127.0.0.1:37718 reqid=658 duration="34.69µs" err="state histories haven't been fully indexed yet" X-Forwarded-For=<nil>
WARN [11-16|16:41:51.363] Served eth_call                          conn=127.0.0.1:37718 reqid=661 duration="30.781µs" err="state histories haven't been fully indexed yet" X-Forwarded-For=<nil>
WARN [11-16|16:41:51.367] Served eth_call                          conn=127.0.0.1:37718 reqid=664 duration="18.718µs" err="state histories haven't been fully indexed yet" X-Forwarded-For=<nil>
WARN [11-16|16:41:51.371] Served eth_call                          conn=127.0.0.1:37718 reqid=667 duration="20.561µs" err="state histories haven't been fully indexed yet" X-Forwarded-For=<nil>
WARN [11-16|16:41:51.375] Served eth_call                          conn=127.0.0.1:37718 reqid=670 duration="19.81µs" err="state histories haven't been fully indexed yet" X-Forwarded-For=<nil>
WARN [11-16|16:41:51.379] Served eth_call                          conn=127.0.0.1:37718 reqid=673 duration="19.379µs" err="state histories haven't been fully indexed yet" X-Forwarded-For=<nil>
WARN [11-16|16:41:51.383] Served eth_call                          conn=127.0.0.1:37718 reqid=676 duration="36.212µs" err="state histories haven't been fully indexed yet" X-Forwarded-For=<nil>
WARN [11-16|16:41:51.387] Served eth_call                          conn=127.0.0.1:37718 reqid=679 duration="32.735µs" err="state histories haven't been fully indexed yet" X-Forwarded-For=<nil>
WARN [11-16|16:41:51.391] Served eth_call                          conn=127.0.0.1:37718 reqid=682 duration="33.737µs" err="state histories haven't been fully indexed yet" X-Forwarded-For=<nil>
WARN [11-16|16:41:51.395] Served eth_call                          conn=127.0.0.1:37718 reqid=685 duration="32.144µs" err="state histories haven't been fully indexed yet" X-Forwarded-For=<nil>
WARN [11-16|16:41:51.399] Served eth_call                          conn=127.0.0.1:37718 reqid=688 duration="41.132µs" err="state histories haven't been fully indexed yet" X-Forwarded-For=<nil>
WARN [11-16|16:41:51.403] Served eth_call                          conn=127.0.0.1:37718 reqid=691 duration="33.186µs" err="state histories haven't been fully indexed yet" X-Forwarded-For=<nil>
WARN [11-16|16:41:51.407] Served eth_call                          conn=127.0.0.1:37718 reqid=694 duration="35.771µs" err="state histories haven't been fully indexed yet" X-Forwarded-For=<nil>
WARN [11-16|16:41:51.411] Served eth_call                          conn=127.0.0.1:37718 reqid=697 duration="34.74µs" err="state histories haven't been fully indexed yet" X-Forwarded-For=<nil>
WARN [11-16|16:41:51.414] Served eth_call                          conn=127.0.0.1:37718 reqid=700 duration="19.519µs" err="state histories haven't been fully indexed yet" X-Forwarded-For=<nil>
WARN [11-16|16:41:51.419] Served eth_call                          conn=127.0.0.1:37718 reqid=703 duration="38.918µs" err="state histories haven't been fully indexed yet" X-Forwarded-For=<nil>
WARN [11-16|16:41:51.423] Served eth_call                          conn=127.0.0.1:37718 reqid=706 duration="36.774µs" err="state histories haven't been fully indexed yet" X-Forwarded-For=<nil>
WARN [11-16|16:41:51.427] Served eth_call                          conn=127.0.0.1:37718 reqid=709 duration="20.291µs" err="state histories haven't been fully indexed yet" X-Forwarded-For=<nil>
WARN [11-16|16:41:51.431] Served eth_call                          conn=127.0.0.1:37718 reqid=712 duration="36.342µs" err="state histories haven't been fully indexed yet" X-Forwarded-For=<nil>
WARN [11-16|16:41:51.435] Served eth_call                          conn=127.0.0.1:37718 reqid=715 duration="18.707µs" err="state histories haven't been fully indexed yet" X-Forwarded-For=<nil>
WARN [11-16|16:41:51.439] Served eth_call                          conn=127.0.0.1:37718 reqid=718 duration="20.801µs" err="state histories haven't been fully indexed yet" X-Forwarded-For=<nil>
WARN [11-16|16:41:51.443] Served eth_call                          conn=127.0.0.1:37718 reqid=721 duration="18.657µs" err="state histories haven't been fully indexed yet" X-Forwarded-For=<nil>
WARN [11-16|16:41:51.447] Served eth_call                          conn=127.0.0.1:37718 reqid=724 duration="19.409µs" err="state histories haven't been fully indexed yet" X-Forwarded-For=<nil>
WARN [11-16|16:41:51.451] Served eth_call                          conn=127.0.0.1:37718 reqid=727 duration="33.327µs" err="state histories haven't been fully indexed yet" X-Forwarded-For=<nil>
WARN [11-16|16:41:51.455] Served eth_call                          conn=127.0.0.1:37718 reqid=730 duration="20.521µs" err="state histories haven't been fully indexed yet" X-Forwarded-For=<nil>
WARN [11-16|16:41:51.459] Served eth_call                          conn=127.0.0.1:37718 reqid=733 duration="33.196µs" err="state histories haven't been fully indexed yet" X-Forwarded-For=<nil>
WARN [11-16|16:41:51.463] Served eth_call                          conn=127.0.0.1:37718 reqid=736 duration="18.297µs" err="state histories haven't been fully indexed yet" X-Forwarded-For=<nil>
WARN [11-16|16:41:51.467] Served eth_call                          conn=127.0.0.1:37718 reqid=739 duration="19.94µs" err="state histories haven't been fully indexed yet" X-Forwarded-For=<nil>
WARN [11-16|16:41:51.471] Served eth_call                          conn=127.0.0.1:37718 reqid=742 duration="34.669µs" err="state histories haven't been fully indexed yet" X-Forwarded-For=<nil>
WARN [11-16|16:41:51.475] Served eth_call                          conn=127.0.0.1:37718 reqid=745 duration="32.214µs" err="state histories haven't been fully indexed yet" X-Forwarded-For=<nil>
WARN [11-16|16:41:51.479] Served eth_call                          conn=127.0.0.1:37718 reqid=748 duration="32.976µs" err="state histories haven't been fully indexed yet" X-Forwarded-For=<nil>
WARN [11-16|16:41:51.483] Served eth_call                          conn=127.0.0.1:37718 reqid=751 duration="19.799µs" err="state histories haven't been fully indexed yet" X-Forwarded-For=<nil>
WARN [11-16|16:41:51.487] Served eth_call                          conn=127.0.0.1:37718 reqid=754 duration="18.407µs" err="state histories haven't been fully indexed yet" X-Forwarded-For=<nil>
WARN [11-16|16:41:51.491] Served eth_call                          conn=127.0.0.1:37718 reqid=757 duration="36.302µs" err="state histories haven't been fully indexed yet" X-Forwarded-For=<nil>
WARN [11-16|16:41:51.495] Served eth_call                          conn=127.0.0.1:37718 reqid=760 duration="35.08µs" err="state histories haven't been fully indexed yet" X-Forwarded-For=<nil>
WARN [11-16|16:41:51.499] Served eth_call                          conn=127.0.0.1:37718 reqid=763 duration="18.517µs" err="state histories haven't been fully indexed yet" X-Forwarded-For=<nil>
WARN [11-16|16:41:51.503] Served eth_call                          conn=127.0.0.1:37718 reqid=766 duration="18.036µs" err="state histories haven't been fully indexed yet" X-Forwarded-For=<nil>
WARN [11-16|16:41:51.507] Served eth_call                          conn=127.0.0.1:37718 reqid=769 duration="19.098µs" err="state histories haven't been fully indexed yet" X-Forwarded-For=<nil>
WARN [11-16|16:41:51.511] Served eth_call                          conn=127.0.0.1:37718 reqid=772 duration="34.379µs" err="state histories haven't been fully indexed yet" X-Forwarded-For=<nil>
WARN [11-16|16:41:51.514] Served eth_call                          conn=127.0.0.1:37718 reqid=775 duration="35.161µs" err="state histories haven't been fully indexed yet" X-Forwarded-For=<nil>
WARN [11-16|16:41:51.518] Served eth_call                          conn=127.0.0.1:37718 reqid=778 duration="32.225µs" err="state histories haven't been fully indexed yet" X-Forwarded-For=<nil>
WARN [11-16|16:41:51.522] Served eth_call                          conn=127.0.0.1:37718 reqid=781 duration="33.517µs" err="state histories haven't been fully indexed yet" X-Forwarded-For=<nil>
WARN [11-16|16:41:51.527] Served eth_call                          conn=127.0.0.1:37718 reqid=784 duration="42.776µs" err="state histories haven't been fully indexed yet" X-Forwarded-For=<nil>
WARN [11-16|16:41:51.531] Served eth_call                          conn=127.0.0.1:37718 reqid=787 duration="31.804µs" err="state histories haven't been fully indexed yet" X-Forwarded-For=<nil>
WARN [11-16|16:41:51.535] Served eth_call                          conn=127.0.0.1:37718 reqid=790 duration="47.816µs" err="state histories haven't been fully indexed yet" X-Forwarded-For=<nil>
WARN [11-16|16:41:51.539] Served eth_call                          conn=127.0.0.1:37718 reqid=793 duration="42.866µs" err="state histories haven't been fully indexed yet" X-Forwarded-For=<nil>
WARN [11-16|16:41:51.542] Served eth_call                          conn=127.0.0.1:37718 reqid=796 duration="32.716µs" err="state histories haven't been fully indexed yet" X-Forwarded-For=<nil>
WARN [11-16|16:41:51.546] Served eth_call                          conn=127.0.0.1:37718 reqid=799 duration="31.673µs" err="state histories haven't been fully indexed yet" X-Forwarded-For=<nil>
WARN [11-16|16:41:51.550] Served eth_call                          conn=127.0.0.1:37718 reqid=802 duration="32.565µs" err="state histories haven't been fully indexed yet" X-Forwarded-For=<nil>
WARN [11-16|16:41:51.555] Served eth_call                          conn=127.0.0.1:37718 reqid=805 duration="44.909µs" err="state histories haven't been fully indexed yet" X-Forwarded-For=<nil>
WARN [11-16|16:41:51.559] Served eth_call                          conn=127.0.0.1:37718 reqid=808 duration="40.861µs" err="state histories haven't been fully indexed yet" X-Forwarded-For=<nil>
WARN [11-16|16:41:51.562] Served eth_call                          conn=127.0.0.1:37718 reqid=811 duration="33.346µs" err="state histories haven't been fully indexed yet" X-Forwarded-For=<nil>
WARN [11-16|16:41:51.566] Served eth_call                          conn=127.0.0.1:37718 reqid=814 duration="30.261µs" err="state histories haven't been fully indexed yet" X-Forwarded-For=<nil>
WARN [11-16|16:41:51.570] Served eth_call                          conn=127.0.0.1:37718 reqid=817 duration="31.744µs" err="state histories haven't been fully indexed yet" X-Forwarded-For=<nil>
WARN [11-16|16:41:51.574] Served eth_call                          conn=127.0.0.1:37718 reqid=820 duration="30.912µs" err="state histories haven't been fully indexed yet" X-Forwarded-For=<nil>
WARN [11-16|16:41:51.578] Served eth_call                          conn=127.0.0.1:37718 reqid=823 duration="19.709µs" err="state histories haven't been fully indexed yet" X-Forwarded-For=<nil>
WARN [11-16|16:41:51.582] Served eth_call                          conn=127.0.0.1:37718 reqid=826 duration="20.261µs" err="state histories haven't been fully indexed yet" X-Forwarded-For=<nil>
WARN [11-16|16:41:51.586] Served eth_call                          conn=127.0.0.1:37718 reqid=829 duration="41.783µs" err="state histories haven't been fully indexed yet" X-Forwarded-For=<nil>
WARN [11-16|16:41:51.590] Served eth_call                          conn=127.0.0.1:37718 reqid=832 duration="18.437µs" err="state histories haven't been fully indexed yet" X-Forwarded-For=<nil>
WARN [11-16|16:41:51.594] Served eth_call                          conn=127.0.0.1:37718 reqid=835 duration="21.152µs" err="state histories haven't been fully indexed yet" X-Forwarded-For=<nil>
WARN [11-16|16:41:51.598] Served eth_call                          conn=127.0.0.1:37718 reqid=838 duration="19.068µs" err="state histories haven't been fully indexed yet" X-Forwarded-For=<nil>
WARN [11-16|16:41:51.602] Served eth_call                          conn=127.0.0.1:37718 reqid=841 duration="19.289µs" err="state histories haven't been fully indexed yet" X-Forwarded-For=<nil>
WARN [11-16|16:41:51.606] Served eth_call                          conn=127.0.0.1:37718 reqid=844 duration="19.63µs" err="state histories haven't been fully indexed yet" X-Forwarded-For=<nil>
WARN [11-16|16:41:51.610] Served eth_call                          conn=127.0.0.1:37718 reqid=847 duration="19.739µs" err="state histories haven't been fully indexed yet" X-Forwarded-For=<nil>
WARN [11-16|16:41:51.614] Served eth_call                          conn=127.0.0.1:37718 reqid=850 duration="19.199µs" err="state histories haven't been fully indexed yet" X-Forwarded-For=<nil>
WARN [11-16|16:41:51.618] Served eth_call                          conn=127.0.0.1:37718 reqid=853 duration="34.469µs" err="state histories haven't been fully indexed yet" X-Forwarded-For=<nil>
WARN [11-16|16:41:51.622] Served eth_call                          conn=127.0.0.1:37718 reqid=856 duration="32.495µs" err="state histories haven't been fully indexed yet" X-Forwarded-For=<nil>
WARN [11-16|16:41:51.626] Served eth_call                          conn=127.0.0.1:37718 reqid=859 duration="34.98µs" err="state histories haven't been fully indexed yet" X-Forwarded-For=<nil>
WARN [11-16|16:41:51.630] Served eth_call                          conn=127.0.0.1:37718 reqid=862 duration="20.04µs" err="state histories haven't been fully indexed yet" X-Forwarded-For=<nil>
WARN [11-16|16:41:51.634] Served eth_call                          conn=127.0.0.1:37718 reqid=865 duration="40.942µs" err="state histories haven't been fully indexed yet" X-Forwarded-For=<nil>
WARN [11-16|16:41:51.638] Served eth_call                          conn=127.0.0.1:37718 reqid=868 duration="35.731µs" err="state histories haven't been fully indexed yet" X-Forwarded-For=<nil>
WARN [11-16|16:41:51.642] Served eth_call                          conn=127.0.0.1:37718 reqid=871 duration="21.493µs" err="state histories haven't been fully indexed yet" X-Forwarded-For=<nil>
WARN [11-16|16:41:51.646] Served eth_call                          conn=127.0.0.1:37718 reqid=874 duration="37.545µs" err="state histories haven't been fully indexed yet" X-Forwarded-For=<nil>
WARN [11-16|16:41:51.650] Served eth_call                          conn=127.0.0.1:37718 reqid=877 duration="32.044µs" err="state histories haven't been fully indexed yet" X-Forwarded-For=<nil>
WARN [11-16|16:41:51.654] Served eth_call                          conn=127.0.0.1:37718 reqid=880 duration="31.012µs" err="state histories haven't been fully indexed yet" X-Forwarded-For=<nil>
WARN [11-16|16:41:51.658] Served eth_call                          conn=127.0.0.1:37718 reqid=883 duration="32.044µs" err="state histories haven't been fully indexed yet" X-Forwarded-For=<nil>
WARN [11-16|16:41:51.662] Served eth_call                          conn=127.0.0.1:37718 reqid=886 duration="20.23µs" err="state histories haven't been fully indexed yet" X-Forwarded-For=<nil>
WARN [11-16|16:41:51.666] Served eth_call                          conn=127.0.0.1:37718 reqid=889 duration="34.789µs" err="state histories haven't been fully indexed yet" X-Forwarded-For=<nil>
WARN [11-16|16:41:51.670] Served eth_call                          conn=127.0.0.1:37718 reqid=892 duration="41.202µs" err="state histories haven't been fully indexed yet" X-Forwarded-For=<nil>
WARN [11-16|16:41:51.674] Served eth_call                          conn=127.0.0.1:37718 reqid=895 duration="32.655µs" err="state histories haven't been fully indexed yet" X-Forwarded-For=<nil>
WARN [11-16|16:41:51.678] Served eth_call                          conn=127.0.0.1:37718 reqid=898 duration="30.241µs" err="state histories haven't been fully indexed yet" X-Forwarded-For=<nil>
WARN [11-16|16:41:51.682] Served eth_call                          conn=127.0.0.1:37718 reqid=901 duration="30.06µs" err="state histories haven't been fully indexed yet" X-Forwarded-For=<nil>
WARN [11-16|16:41:51.686] Served eth_call                          conn=127.0.0.1:37718 reqid=904 duration="19.629µs" err="state histories haven't been fully indexed yet" X-Forwarded-For=<nil>
WARN [11-16|16:41:51.690] Served eth_call                          conn=127.0.0.1:37718 reqid=907 duration="20.14µs" err="state histories haven't been fully indexed yet" X-Forwarded-For=<nil>
WARN [11-16|16:41:51.694] Served eth_call                          conn=127.0.0.1:37718 reqid=910 duration="36.032µs" err="state histories haven't been fully indexed yet" X-Forwarded-For=<nil>
WARN [11-16|16:41:51.698] Served eth_call                          conn=127.0.0.1:37718 reqid=913 duration="34.96µs" err="state histories haven't been fully indexed yet" X-Forwarded-For=<nil>
WARN [11-16|16:41:51.702] Served eth_call                          conn=127.0.0.1:37718 reqid=916 duration="30.16µs" err="state histories haven't been fully indexed yet" X-Forwarded-For=<nil>
WARN [11-16|16:41:51.706] Served eth_call                          conn=127.0.0.1:37718 reqid=919 duration="29.98µs" err="state histories haven't been fully indexed yet" X-Forwarded-For=<nil>
WARN [11-16|16:41:51.710] Served eth_call                          conn=127.0.0.1:37718 reqid=922 duration="30.401µs" err="state histories haven't been fully indexed yet" X-Forwarded-For=<nil>
WARN [11-16|16:41:51.714] Served eth_call                          conn=127.0.0.1:37718 reqid=925 duration="35.05µs" err="state histories haven't been fully indexed yet" X-Forwarded-For=<nil>
WARN [11-16|16:41:51.718] Served eth_call                          conn=127.0.0.1:37718 reqid=928 duration="31.694µs" err="state histories haven't been fully indexed yet" X-Forwarded-For=<nil>
WARN [11-16|16:41:51.722] Served eth_call                          conn=127.0.0.1:37718 reqid=931 duration="34.289µs" err="state histories haven't been fully indexed yet" X-Forwarded-For=<nil>
WARN [11-16|16:41:51.726] Served eth_call                          conn=127.0.0.1:37718 reqid=934 duration="32.655µs" err="state histories haven't been fully indexed yet" X-Forwarded-For=<nil>
WARN [11-16|16:41:51.730] Served eth_call                          conn=127.0.0.1:37718 reqid=937 duration="32.625µs" err="state histories haven't been fully indexed yet" X-Forwarded-For=<nil>
WARN [11-16|16:41:51.734] Served eth_call                          conn=127.0.0.1:37718 reqid=940 duration="31.753µs" err="state histories haven't been fully indexed yet" X-Forwarded-For=<nil>
WARN [11-16|16:41:51.738] Served eth_call                          conn=127.0.0.1:37718 reqid=943 duration="30.932µs" err="state histories haven't been fully indexed yet" X-Forwarded-For=<nil>
WARN [11-16|16:41:51.742] Served eth_call                          conn=127.0.0.1:37718 reqid=946 duration="19.288µs" err="state histories haven't been fully indexed yet" X-Forwarded-For=<nil>
WARN [11-16|16:41:51.746] Served eth_call                          conn=127.0.0.1:37718 reqid=949 duration="33.837µs" err="state histories haven't been fully indexed yet" X-Forwarded-For=<nil>
WARN [11-16|16:41:51.750] Served eth_call                          conn=127.0.0.1:37718 reqid=952 duration="19.249µs" err="state histories haven't been fully indexed yet" X-Forwarded-For=<nil>
WARN [11-16|16:41:51.754] Served eth_call                          conn=127.0.0.1:37718 reqid=955 duration="21.624µs" err="state histories haven't been fully indexed yet" X-Forwarded-For=<nil>
WARN [11-16|16:41:51.758] Served eth_call                          conn=127.0.0.1:37718 reqid=958 duration="20.171µs" err="state histories haven't been fully indexed yet" X-Forwarded-For=<nil>
WARN [11-16|16:41:51.762] Served eth_call                          conn=127.0.0.1:37718 reqid=961 duration="18.677µs" err="state histories haven't been fully indexed yet" X-Forwarded-For=<nil>
WARN [11-16|16:41:51.766] Served eth_call                          conn=127.0.0.1:37718 reqid=964 duration="18.257µs" err="state histories haven't been fully indexed yet" X-Forwarded-For=<nil>
WARN [11-16|16:41:51.770] Served eth_call                          conn=127.0.0.1:37718 reqid=967 duration="39.359µs" err="state histories haven't been fully indexed yet" X-Forwarded-For=<nil>
WARN [11-16|16:41:51.774] Served eth_call                          conn=127.0.0.1:37718 reqid=970 duration="31.663µs" err="state histories haven't been fully indexed yet" X-Forwarded-For=<nil>
WARN [11-16|16:41:51.778] Served eth_call                          conn=127.0.0.1:37718 reqid=973 duration="39.589µs" err="state histories haven't been fully indexed yet" X-Forwarded-For=<nil>
WARN [11-16|16:41:51.782] Served eth_call                          conn=127.0.0.1:37718 reqid=976 duration="19.219µs" err="state histories haven't been fully indexed yet" X-Forwarded-For=<nil>
WARN [11-16|16:41:51.786] Served eth_call                          conn=127.0.0.1:37718 reqid=979 duration="18.226µs" err="state histories haven't been fully indexed yet" X-Forwarded-For=<nil>
WARN [11-16|16:41:51.790] Served eth_call                          conn=127.0.0.1:37718 reqid=982 duration="19.158µs" err="state histories haven't been fully indexed yet" X-Forwarded-For=<nil>
WARN [11-16|16:41:51.794] Served eth_call                          conn=127.0.0.1:37718 reqid=985 duration="36.643µs" err="state histories haven't been fully indexed yet" X-Forwarded-For=<nil>
WARN [11-16|16:41:51.798] Served eth_call                          conn=127.0.0.1:37718 reqid=988 duration="31.694µs" err="state histories haven't been fully indexed yet" X-Forwarded-For=<nil>
WARN [11-16|16:41:51.802] Served eth_call                          conn=127.0.0.1:37718 reqid=991 duration="19.499µs" err="state histories haven't been fully indexed yet" X-Forwarded-For=<nil>
WARN [11-16|16:41:51.806] Served eth_call                          conn=127.0.0.1:37718 reqid=994 duration="42.284µs" err="state histories haven't been fully indexed yet" X-Forwarded-For=<nil>
WARN [11-16|16:41:51.810] Served eth_call                          conn=127.0.0.1:37718 reqid=997 duration="41.072µs" err="state histories haven't been fully indexed yet" X-Forwarded-For=<nil>
WARN [11-16|16:41:51.814] Served eth_call                          conn=127.0.0.1:37718 reqid=1000 duration="37.204µs" err="state histories haven't been fully indexed yet" X-Forwarded-For=<nil>
WARN [11-16|16:41:51.819] Served eth_call                          conn=127.0.0.1:37718 reqid=1003 duration="51.223µs" err="state histories haven't been fully indexed yet" X-Forwarded-For=<nil>
WARN [11-16|16:41:51.823] Served eth_call                          conn=127.0.0.1:37718 reqid=1006 duration="39.829µs" err="state histories haven't been fully indexed yet" X-Forwarded-For=<nil>
WARN [11-16|16:41:51.827] Served eth_call                          conn=127.0.0.1:37718 reqid=1009 duration="36.974µs" err="state histories haven't been fully indexed yet" X-Forwarded-For=<nil>
WARN [11-16|16:41:51.831] Served eth_call                          conn=127.0.0.1:37718 reqid=1012 duration="20.25µs" err="state histories haven't been fully indexed yet" X-Forwarded-For=<nil>
WARN [11-16|16:41:51.835] Served eth_call                          conn=127.0.0.1:37718 reqid=1015 duration="36.513µs" err="state histories haven't been fully indexed yet" X-Forwarded-For=<nil>
WARN [11-16|16:41:51.839] Served eth_call                          conn=127.0.0.1:37718 reqid=1018 duration="34.538µs" err="state histories haven't been fully indexed yet" X-Forwarded-For=<nil>
WARN [11-16|16:41:51.843] Served eth_call                          conn=127.0.0.1:37718 reqid=1021 duration="32.625µs" err="state histories haven't been fully indexed yet" X-Forwarded-For=<nil>
WARN [11-16|16:41:51.847] Served eth_call                          conn=127.0.0.1:37718 reqid=1024 duration="33.077µs" err="state histories haven't been fully indexed yet" X-Forwarded-For=<nil>
WARN [11-16|16:41:51.851] Served eth_call                          conn=127.0.0.1:37718 reqid=1027 duration="34.128µs" err="state histories haven't been fully indexed yet" X-Forwarded-For=<nil>
WARN [11-16|16:41:51.855] Served eth_call                          conn=127.0.0.1:37718 reqid=1030 duration="38.026µs" err="state histories haven't been fully indexed yet" X-Forwarded-For=<nil>
WARN [11-16|16:41:51.859] Served eth_call                          conn=127.0.0.1:37718 reqid=1033 duration="33.848µs" err="state histories haven't been fully indexed yet" X-Forwarded-For=<nil>
WARN [11-16|16:41:51.864] Served eth_call                          conn=127.0.0.1:37718 reqid=1036 duration="55.631µs" err="state histories haven't been fully indexed yet" X-Forwarded-For=<nil>
WARN [11-16|16:41:51.869] Served eth_call                          conn=127.0.0.1:37718 reqid=1039 duration="38.376µs" err="state histories haven't been fully indexed yet" X-Forwarded-For=<nil>
WARN [11-16|16:41:51.874] Served eth_call                          conn=127.0.0.1:37718 reqid=1042 duration="63.376µs" err="state histories haven't been fully indexed yet" X-Forwarded-For=<nil>
WARN [11-16|16:41:51.878] Served eth_call                          conn=127.0.0.1:37718 reqid=1045 duration="50.652µs" err="state histories haven't been fully indexed yet" X-Forwarded-For=<nil>
WARN [11-16|16:41:51.882] Served eth_call                          conn=127.0.0.1:37718 reqid=1048 duration="41.483µs" err="state histories haven't been fully indexed yet" X-Forwarded-For=<nil>
WARN [11-16|16:41:51.886] Served eth_call                          conn=127.0.0.1:37718 reqid=1051 duration="51.924µs" err="state histories haven't been fully indexed yet" X-Forwarded-For=<nil>
WARN [11-16|16:41:51.891] Served eth_call                          conn=127.0.0.1:37718 reqid=1054 duration="35.631µs" err="state histories haven't been fully indexed yet" X-Forwarded-For=<nil>
WARN [11-16|16:41:51.895] Served eth_call                          conn=127.0.0.1:37718 reqid=1057 duration="37.395µs" err="state histories haven't been fully indexed yet" X-Forwarded-For=<nil>
WARN [11-16|16:41:51.899] Served eth_call                          conn=127.0.0.1:37718 reqid=1060 duration="37.014µs" err="state histories haven't been fully indexed yet" X-Forwarded-For=<nil>
WARN [11-16|16:41:51.903] Served eth_call                          conn=127.0.0.1:37718 reqid=1063 duration="35.15µs" err="state histories haven't been fully indexed yet" X-Forwarded-For=<nil>
WARN [11-16|16:41:51.907] Served eth_call                          conn=127.0.0.1:37718 reqid=1066 duration="49.83µs" err="state histories haven't been fully indexed yet" X-Forwarded-For=<nil>
WARN [11-16|16:41:51.912] Served eth_call                          conn=127.0.0.1:37718 reqid=1069 duration="60.331µs" err="state histories haven't been fully indexed yet" X-Forwarded-For=<nil>
WARN [11-16|16:41:51.916] Served eth_call                          conn=127.0.0.1:37718 reqid=1072 duration="42.906µs" err="state histories haven't been fully indexed yet" X-Forwarded-For=<nil>
WARN [11-16|16:41:51.920] Served eth_call                          conn=127.0.0.1:37718 reqid=1075 duration="44.609µs" err="state histories haven't been fully indexed yet" X-Forwarded-For=<nil>
WARN [11-16|16:41:51.924] Served eth_call                          conn=127.0.0.1:37718 reqid=1078 duration="42.444µs" err="state histories haven't been fully indexed yet" X-Forwarded-For=<nil>
WARN [11-16|16:41:51.928] Served eth_call                          conn=127.0.0.1:37718 reqid=1081 duration="38.958µs" err="state histories haven't been fully indexed yet" X-Forwarded-For=<nil>
WARN [11-16|16:41:51.933] Served eth_call                          conn=127.0.0.1:37718 reqid=1084 duration="36.192µs" err="state histories haven't been fully indexed yet" X-Forwarded-For=<nil>
WARN [11-16|16:41:51.937] Served eth_call                          conn=127.0.0.1:37718 reqid=1087 duration="43.016µs" err="state histories haven't been fully indexed yet" X-Forwarded-For=<nil>
WARN [11-16|16:41:51.941] Served eth_call                          conn=127.0.0.1:37718 reqid=1090 duration="37.605µs" err="state histories haven't been fully indexed yet" X-Forwarded-For=<nil>
WARN [11-16|16:41:51.945] Served eth_call                          conn=127.0.0.1:37718 reqid=1093 duration="56.162µs" err="state histories haven't been fully indexed yet" X-Forwarded-For=<nil>
WARN [11-16|16:41:51.949] Served eth_call                          conn=127.0.0.1:37718 reqid=1096 duration="43.767µs" err="state histories haven't been fully indexed yet" X-Forwarded-For=<nil>
WARN [11-16|16:41:51.954] Served eth_call                          conn=127.0.0.1:37718 reqid=1099 duration="41.513µs" err="state histories haven't been fully indexed yet" X-Forwarded-For=<nil>
WARN [11-16|16:41:51.958] Served eth_call                          conn=127.0.0.1:37718 reqid=1102 duration="46.392µs" err="state histories haven't been fully indexed yet" X-Forwarded-For=<nil>
WARN [11-16|16:41:51.962] Served eth_call                          conn=127.0.0.1:37718 reqid=1105 duration="39.849µs" err="state histories haven't been fully indexed yet" X-Forwarded-For=<nil>
WARN [11-16|16:41:51.967] Served eth_call                          conn=127.0.0.1:37718 reqid=1108 duration="42.254µs" err="state histories haven't been fully indexed yet" X-Forwarded-For=<nil>
WARN [11-16|16:41:51.971] Served eth_call                          conn=127.0.0.1:37718 reqid=1111 duration="52.044µs" err="state histories haven't been fully indexed yet" X-Forwarded-For=<nil>
WARN [11-16|16:41:51.975] Served eth_call                          conn=127.0.0.1:37718 reqid=1114 duration="21.403µs" err="state histories haven't been fully indexed yet" X-Forwarded-For=<nil>
WARN [11-16|16:41:51.981] Served eth_call                          conn=127.0.0.1:37718 reqid=1117 duration="50.651µs" err="state histories haven't been fully indexed yet" X-Forwarded-For=<nil>
WARN [11-16|16:41:51.986] Served eth_call                          conn=127.0.0.1:37718 reqid=1120 duration="37.034µs" err="state histories haven't been fully indexed yet" X-Forwarded-For=<nil>
WARN [11-16|16:41:51.991] Served eth_call                          conn=127.0.0.1:37718 reqid=1123 duration="33.016µs" err="state histories haven't been fully indexed yet" X-Forwarded-For=<nil>
WARN [11-16|16:41:51.995] Served eth_call                          conn=127.0.0.1:37718 reqid=1126 duration="32.144µs" err="state histories haven't been fully indexed yet" X-Forwarded-For=<nil>
WARN [11-16|16:41:51.999] Served eth_call                          conn=127.0.0.1:37718 reqid=1129 duration="32.154µs" err="state histories haven't been fully indexed yet" X-Forwarded-For=<nil>
WARN [11-16|16:41:52.004] Served eth_call                          conn=127.0.0.1:37718 reqid=1132 duration="52.746µs" err="state histories haven't been fully indexed yet" X-Forwarded-For=<nil>
WARN [11-16|16:41:52.009] Served eth_call                          conn=127.0.0.1:37718 reqid=1135 duration="37.285µs" err="state histories haven't been fully indexed yet" X-Forwarded-For=<nil>
WARN [11-16|16:41:52.013] Served eth_call                          conn=127.0.0.1:37718 reqid=1138 duration="36.643µs" err="state histories haven't been fully indexed yet" X-Forwarded-For=<nil>
WARN [11-16|16:41:52.017] Served eth_call                          conn=127.0.0.1:37718 reqid=1141 duration="53.026µs" err="state histories haven't been fully indexed yet" X-Forwarded-For=<nil>
WARN [11-16|16:41:52.022] Served eth_call                          conn=127.0.0.1:37718 reqid=1144 duration="44.138µs" err="state histories haven't been fully indexed yet" X-Forwarded-For=<nil>
WARN [11-16|16:41:52.026] Served eth_call                          conn=127.0.0.1:37718 reqid=1147 duration="39.849µs" err="state histories haven't been fully indexed yet" X-Forwarded-For=<nil>
WARN [11-16|16:41:52.031] Served eth_call                          conn=127.0.0.1:37718 reqid=1150 duration="39.68µs" err="state histories haven't been fully indexed yet" X-Forwarded-For=<nil>
WARN [11-16|16:41:52.035] Served eth_call                          conn=127.0.0.1:37718 reqid=1153 duration="34.84µs" err="state histories haven't been fully indexed yet" X-Forwarded-For=<nil>
WARN [11-16|16:41:52.040] Served eth_call                          conn=127.0.0.1:37718 reqid=1156 duration="38.026µs" err="state histories haven't been fully indexed yet" X-Forwarded-For=<nil>
WARN [11-16|16:41:52.044] Served eth_call                          conn=127.0.0.1:37718 reqid=1159 duration="38.778µs" err="state histories haven't been fully indexed yet" X-Forwarded-For=<nil>
WARN [11-16|16:41:52.048] Served eth_call                          conn=127.0.0.1:37718 reqid=1162 duration="34.448µs" err="state histories haven't been fully indexed yet" X-Forwarded-For=<nil>
WARN [11-16|16:41:52.052] Served eth_call                          conn=127.0.0.1:37718 reqid=1165 duration="37.925µs" err="state histories haven't been fully indexed yet" X-Forwarded-For=<nil>
WARN [11-16|16:41:52.056] Served eth_call                          conn=127.0.0.1:37718 reqid=1168 duration="32.194µs" err="state histories haven't been fully indexed yet" X-Forwarded-For=<nil>
WARN [11-16|16:41:52.060] Served eth_call                          conn=127.0.0.1:37718 reqid=1171 duration="35.521µs" err="state histories haven't been fully indexed yet" X-Forwarded-For=<nil>
WARN [11-16|16:41:52.064] Served eth_call                          conn=127.0.0.1:37718 reqid=1174 duration="34.308µs" err="state histories haven't been fully indexed yet" X-Forwarded-For=<nil>
WARN [11-16|16:41:52.068] Served eth_call                          conn=127.0.0.1:37718 reqid=1177 duration="35.08µs" err="state histories haven't been fully indexed yet" X-Forwarded-For=<nil>
WARN [11-16|16:41:52.072] Served eth_call                          conn=127.0.0.1:37718 reqid=1180 duration="33.707µs" err="state histories haven't been fully indexed yet" X-Forwarded-For=<nil>
WARN [11-16|16:41:52.076] Served eth_call                          conn=127.0.0.1:37718 reqid=1183 duration="37.566µs" err="state histories haven't been fully indexed yet" X-Forwarded-For=<nil>
WARN [11-16|16:41:52.080] Served eth_call                          conn=127.0.0.1:37718 reqid=1186 duration="36.092µs" err="state histories haven't been fully indexed yet" X-Forwarded-For=<nil>
WARN [11-16|16:41:52.084] Served eth_call                          conn=127.0.0.1:37718 reqid=1189 duration="33.357µs" err="state histories haven't been fully indexed yet" X-Forwarded-For=<nil>
WARN [11-16|16:41:52.088] Served eth_call                          conn=127.0.0.1:37718 reqid=1192 duration="35.441µs" err="state histories haven't been fully indexed yet" X-Forwarded-For=<nil>
WARN [11-16|16:41:52.092] Served eth_call                          conn=127.0.0.1:37718 reqid=1195 duration="35µs" err="state histories haven't been fully indexed yet" X-Forwarded-For=<nil>
WARN [11-16|16:41:52.096] Served eth_call                          conn=127.0.0.1:37718 reqid=1198 duration="36.132µs" err="state histories haven't been fully indexed yet" X-Forwarded-For=<nil>
WARN [11-16|16:41:52.100] Served eth_call                          conn=127.0.0.1:37718 reqid=1201 duration="40.841µs" err="state histories haven't been fully indexed yet" X-Forwarded-For=<nil>
WARN [11-16|16:41:52.104] Served eth_call                          conn=127.0.0.1:37718 reqid=1204 duration="36.864µs" err="state histories haven't been fully indexed yet" X-Forwarded-For=<nil>
WARN [11-16|16:41:52.108] Served eth_call                          conn=127.0.0.1:37718 reqid=1207 duration="35.33µs" err="state histories haven't been fully indexed yet" X-Forwarded-For=<nil>
WARN [11-16|16:41:52.113] Served eth_call                          conn=127.0.0.1:37718 reqid=1210 duration="48.917µs" err="state histories haven't been fully indexed yet" X-Forwarded-For=<nil>
WARN [11-16|16:41:52.117] Served eth_call                          conn=127.0.0.1:37718 reqid=1213 duration="33.818µs" err="state histories haven't been fully indexed yet" X-Forwarded-For=<nil>
WARN [11-16|16:41:52.121] Served eth_call                          conn=127.0.0.1:37718 reqid=1216 duration="35.14µs" err="state histories haven't been fully indexed yet" X-Forwarded-For=<nil>
WARN [11-16|16:41:52.125] Served eth_call                          conn=127.0.0.1:37718 reqid=1219 duration="19.258µs" err="state histories haven't been fully indexed yet" X-Forwarded-For=<nil>
WARN [11-16|16:41:52.129] Served eth_call                          conn=127.0.0.1:37718 reqid=1222 duration="37.735µs" err="state histories haven't been fully indexed yet" X-Forwarded-For=<nil>
WARN [11-16|16:41:52.133] Served eth_call                          conn=127.0.0.1:37718 reqid=1225 duration="37.415µs" err="state histories haven't been fully indexed yet" X-Forwarded-For=<nil>
WARN [11-16|16:41:52.137] Served eth_call                          conn=127.0.0.1:37718 reqid=1228 duration="20.34µs" err="state histories haven't been fully indexed yet" X-Forwarded-For=<nil>
WARN [11-16|16:41:52.141] Served eth_call                          conn=127.0.0.1:37718 reqid=1231 duration="20.962µs" err="state histories haven't been fully indexed yet" X-Forwarded-For=<nil>
WARN [11-16|16:41:52.145] Served eth_call                          conn=127.0.0.1:37718 reqid=1234 duration="36.403µs" err="state histories haven't been fully indexed yet" X-Forwarded-For=<nil>
WARN [11-16|16:41:52.150] Served eth_call                          conn=127.0.0.1:37718 reqid=1237 duration="52.815µs" err="state histories haven't been fully indexed yet" X-Forwarded-For=<nil>
WARN [11-16|16:41:52.154] Served eth_call                          conn=127.0.0.1:37718 reqid=1240 duration="36.002µs" err="state histories haven't been fully indexed yet" X-Forwarded-For=<nil>
WARN [11-16|16:41:52.158] Served eth_call                          conn=127.0.0.1:37718 reqid=1243 duration="18.467µs" err="state histories haven't been fully indexed yet" X-Forwarded-For=<nil>
WARN [11-16|16:41:52.162] Served eth_call                          conn=127.0.0.1:37718 reqid=1246 duration="37.886µs" err="state histories haven't been fully indexed yet" X-Forwarded-For=<nil>
WARN [11-16|16:41:52.166] Served eth_call                          conn=127.0.0.1:37718 reqid=1249 duration="39.8µs" err="state histories haven't been fully indexed yet" X-Forwarded-For=<nil>
WARN [11-16|16:41:52.170] Served eth_call                          conn=127.0.0.1:37718 reqid=1252 duration="36.313µs" err="state histories haven't been fully indexed yet" X-Forwarded-For=<nil>
WARN [11-16|16:41:52.174] Served eth_call                          conn=127.0.0.1:37718 reqid=1255 duration="18.557µs" err="state histories haven't been fully indexed yet" X-Forwarded-For=<nil>
WARN [11-16|16:41:52.178] Served eth_call                          conn=127.0.0.1:37718 reqid=1258 duration="40.241µs" err="state histories haven't been fully indexed yet" X-Forwarded-For=<nil>
WARN [11-16|16:41:52.182] Served eth_call                          conn=127.0.0.1:37718 reqid=1261 duration="19.078µs" err="state histories haven't been fully indexed yet" X-Forwarded-For=<nil>
WARN [11-16|16:41:52.186] Served eth_call                          conn=127.0.0.1:37718 reqid=1264 duration="37.575µs" err="state histories haven't been fully indexed yet" X-Forwarded-For=<nil>
WARN [11-16|16:41:52.190] Served eth_call                          conn=127.0.0.1:37718 reqid=1267 duration="21.172µs" err="state histories haven't been fully indexed yet" X-Forwarded-For=<nil>
WARN [11-16|16:41:52.194] Served eth_call                          conn=127.0.0.1:37718 reqid=1270 duration="39.017µs" err="state histories haven't been fully indexed yet" X-Forwarded-For=<nil>
WARN [11-16|16:41:52.198] Served eth_call                          conn=127.0.0.1:37718 reqid=1273 duration="20.01µs" err="state histories haven't been fully indexed yet" X-Forwarded-For=<nil>
WARN [11-16|16:41:52.202] Served eth_call                          conn=127.0.0.1:37718 reqid=1276 duration="37.215µs" err="state histories haven't been fully indexed yet" X-Forwarded-For=<nil>
WARN [11-16|16:41:52.206] Served eth_call                          conn=127.0.0.1:37718 reqid=1279 duration="18.307µs" err="state histories haven't been fully indexed yet" X-Forwarded-For=<nil>
WARN [11-16|16:41:52.210] Served eth_call                          conn=127.0.0.1:37718 reqid=1282 duration="36.322µs" err="state histories haven't been fully indexed yet" X-Forwarded-For=<nil>
WARN [11-16|16:41:52.214] Served eth_call                          conn=127.0.0.1:37718 reqid=1285 duration="18.276µs" err="state histories haven't been fully indexed yet" X-Forwarded-For=<nil>
WARN [11-16|16:41:52.218] Served eth_call                          conn=127.0.0.1:37718 reqid=1288 duration="38.607µs" err="state histories haven't been fully indexed yet" X-Forwarded-For=<nil>
WARN [11-16|16:41:52.222] Served eth_call                          conn=127.0.0.1:37718 reqid=1291 duration="18.096µs" err="state histories haven't been fully indexed yet" X-Forwarded-For=<nil>
WARN [11-16|16:41:52.227] Served eth_call                          conn=127.0.0.1:37718 reqid=1294 duration="17.825µs" err="state histories haven't been fully indexed yet" X-Forwarded-For=<nil>
WARN [11-16|16:41:52.231] Served eth_call                          conn=127.0.0.1:37718 reqid=1297 duration="18.707µs" err="state histories haven't been fully indexed yet" X-Forwarded-For=<nil>
WARN [11-16|16:41:52.235] Served eth_call                          conn=127.0.0.1:37718 reqid=1300 duration="36.994µs" err="state histories haven't been fully indexed yet" X-Forwarded-For=<nil>
WARN [11-16|16:41:52.239] Served eth_call                          conn=127.0.0.1:37718 reqid=1303 duration="39.418µs" err="state histories haven't been fully indexed yet" X-Forwarded-For=<nil>
WARN [11-16|16:41:52.243] Served eth_call                          conn=127.0.0.1:37718 reqid=1306 duration="40.641µs" err="state histories haven't been fully indexed yet" X-Forwarded-For=<nil>
WARN [11-16|16:41:52.247] Served eth_call                          conn=127.0.0.1:37718 reqid=1309 duration="33.056µs" err="state histories haven't been fully indexed yet" X-Forwarded-For=<nil>
WARN [11-16|16:41:52.251] Served eth_call                          conn=127.0.0.1:37718 reqid=1312 duration="32.024µs" err="state histories haven't been fully indexed yet" X-Forwarded-For=<nil>
WARN [11-16|16:41:52.255] Served eth_call                          conn=127.0.0.1:37718 reqid=1315 duration="33.367µs" err="state histories haven't been fully indexed yet" X-Forwarded-For=<nil>
WARN [11-16|16:41:52.259] Served eth_call                          conn=127.0.0.1:37718 reqid=1318 duration="32.755µs" err="state histories haven't been fully indexed yet" X-Forwarded-For=<nil>
WARN [11-16|16:41:52.263] Served eth_call                          conn=127.0.0.1:37718 reqid=1321 duration="31.312µs" err="state histories haven't been fully indexed yet" X-Forwarded-For=<nil>
WARN [11-16|16:41:52.267] Served eth_call                          conn=127.0.0.1:37718 reqid=1324 duration="18.888µs" err="state histories haven't been fully indexed yet" X-Forwarded-For=<nil>
WARN [11-16|16:41:52.271] Served eth_call                          conn=127.0.0.1:37718 reqid=1327 duration="35.11µs" err="state histories haven't been fully indexed yet" X-Forwarded-For=<nil>
WARN [11-16|16:41:52.275] Served eth_call                          conn=127.0.0.1:37718 reqid=1330 duration="43.457µs" err="state histories haven't been fully indexed yet" X-Forwarded-For=<nil>
WARN [11-16|16:41:52.279] Served eth_call                          conn=127.0.0.1:37718 reqid=1333 duration="37.495µs" err="state histories haven't been fully indexed yet" X-Forwarded-For=<nil>
WARN [11-16|16:41:52.283] Served eth_call                          conn=127.0.0.1:37718 reqid=1336 duration="18.577µs" err="state histories haven't been fully indexed yet" X-Forwarded-For=<nil>
WARN [11-16|16:41:52.287] Served eth_call                          conn=127.0.0.1:37718 reqid=1339 duration="19.729µs" err="state histories haven't been fully indexed yet" X-Forwarded-For=<nil>
WARN [11-16|16:41:52.291] Served eth_call                          conn=127.0.0.1:37718 reqid=1342 duration="17.925µs" err="state histories haven't been fully indexed yet" X-Forwarded-For=<nil>
WARN [11-16|16:41:52.295] Served eth_call                          conn=127.0.0.1:37718 reqid=1345 duration="37.004µs" err="state histories haven't been fully indexed yet" X-Forwarded-For=<nil>
WARN [11-16|16:41:52.299] Served eth_call                          conn=127.0.0.1:37718 reqid=1348 duration="19.8µs" err="state histories haven't been fully indexed yet" X-Forwarded-For=<nil>
WARN [11-16|16:41:52.303] Served eth_call                          conn=127.0.0.1:37718 reqid=1351 duration="33.598µs" err="state histories haven't been fully indexed yet" X-Forwarded-For=<nil>
WARN [11-16|16:41:52.307] Served eth_call                          conn=127.0.0.1:37718 reqid=1354 duration="30.811µs" err="state histories haven't been fully indexed yet" X-Forwarded-For=<nil>
WARN [11-16|16:41:52.311] Served eth_call                          conn=127.0.0.1:37718 reqid=1357 duration="33.668µs" err="state histories haven't been fully indexed yet" X-Forwarded-For=<nil>
WARN [11-16|16:41:52.315] Served eth_call                          conn=127.0.0.1:37718 reqid=1360 duration="37.235µs" err="state histories haven't been fully indexed yet" X-Forwarded-For=<nil>
WARN [11-16|16:41:52.319] Served eth_call                          conn=127.0.0.1:37718 reqid=1363 duration="32.104µs" err="state histories haven't been fully indexed yet" X-Forwarded-For=<nil>
WARN [11-16|16:41:52.323] Served eth_call                          conn=127.0.0.1:37718 reqid=1366 duration="41.684µs" err="state histories haven't been fully indexed yet" X-Forwarded-For=<nil>
WARN [11-16|16:41:52.327] Served eth_call                          conn=127.0.0.1:37718 reqid=1369 duration="35.762µs" err="state histories haven't been fully indexed yet" X-Forwarded-For=<nil>
WARN [11-16|16:41:52.331] Served eth_call                          conn=127.0.0.1:37718 reqid=1372 duration="19.138µs" err="state histories haven't been fully indexed yet" X-Forwarded-For=<nil>
WARN [11-16|16:41:52.335] Served eth_call                          conn=127.0.0.1:37718 reqid=1375 duration="33.476µs" err="state histories haven't been fully indexed yet" X-Forwarded-For=<nil>
WARN [11-16|16:41:52.339] Served eth_call                          conn=127.0.0.1:37718 reqid=1378 duration="33.707µs" err="state histories haven't been fully indexed yet" X-Forwarded-For=<nil>
WARN [11-16|16:41:52.343] Served eth_call                          conn=127.0.0.1:37718 reqid=1381 duration="30.932µs" err="state histories haven't been fully indexed yet" X-Forwarded-For=<nil>
WARN [11-16|16:41:52.347] Served eth_call                          conn=127.0.0.1:37718 reqid=1384 duration="47.084µs" err="state histories haven't been fully indexed yet" X-Forwarded-For=<nil>
WARN [11-16|16:41:52.350] Served eth_call                          conn=127.0.0.1:37718 reqid=1387 duration="30.581µs" err="state histories haven't been fully indexed yet" X-Forwarded-For=<nil>
WARN [11-16|16:41:52.354] Served eth_call                          conn=127.0.0.1:37718 reqid=1390 duration="32.595µs" err="state histories haven't been fully indexed yet" X-Forwarded-For=<nil>
WARN [11-16|16:41:52.358] Served eth_call                          conn=127.0.0.1:37718 reqid=1393 duration="33.517µs" err="state histories haven't been fully indexed yet" X-Forwarded-For=<nil>
WARN [11-16|16:41:52.362] Served eth_call                          conn=127.0.0.1:37718 reqid=1396 duration="42.616µs" err="state histories haven't been fully indexed yet" X-Forwarded-For=<nil>
WARN [11-16|16:41:52.367] Served eth_call                          conn=127.0.0.1:37718 reqid=1399 duration="34.388µs" err="state histories haven't been fully indexed yet" X-Forwarded-For=<nil>
WARN [11-16|16:41:52.371] Served eth_call                          conn=127.0.0.1:37718 reqid=1402 duration="33.056µs" err="state histories haven't been fully indexed yet" X-Forwarded-For=<nil>
WARN [11-16|16:41:52.375] Served eth_call                          conn=127.0.0.1:37718 reqid=1405 duration="31.022µs" err="state histories haven't been fully indexed yet" X-Forwarded-For=<nil>
WARN [11-16|16:41:52.379] Served eth_call                          conn=127.0.0.1:37718 reqid=1408 duration="30.25µs" err="state histories haven't been fully indexed yet" X-Forwarded-For=<nil>
WARN [11-16|16:41:52.383] Served eth_call                          conn=127.0.0.1:37718 reqid=1411 duration="19.899µs" err="state histories haven't been fully indexed yet" X-Forwarded-For=<nil>
WARN [11-16|16:41:52.387] Served eth_call                          conn=127.0.0.1:37718 reqid=1414 duration="42.014µs" err="state histories haven't been fully indexed yet" X-Forwarded-For=<nil>
WARN [11-16|16:41:52.391] Served eth_call                          conn=127.0.0.1:37718 reqid=1417 duration="36.833µs" err="state histories haven't been fully indexed yet" X-Forwarded-For=<nil>
WARN [11-16|16:41:52.395] Served eth_call                          conn=127.0.0.1:37718 reqid=1420 duration="32.064µs" err="state histories haven't been fully indexed yet" X-Forwarded-For=<nil>
WARN [11-16|16:41:52.399] Served eth_call                          conn=127.0.0.1:37718 reqid=1423 duration="34.489µs" err="state histories haven't been fully indexed yet" X-Forwarded-For=<nil>
WARN [11-16|16:41:52.403] Served eth_call                          conn=127.0.0.1:37718 reqid=1426 duration="31.032µs" err="state histories haven't been fully indexed yet" X-Forwarded-For=<nil>
WARN [11-16|16:41:52.407] Served eth_call                          conn=127.0.0.1:37718 reqid=1429 duration="20.03µs" err="state histories haven't been fully indexed yet" X-Forwarded-For=<nil>
WARN [11-16|16:41:52.411] Served eth_call                          conn=127.0.0.1:37718 reqid=1432 duration="36.603µs" err="state histories haven't been fully indexed yet" X-Forwarded-For=<nil>
WARN [11-16|16:41:52.415] Served eth_call                          conn=127.0.0.1:37718 reqid=1435 duration="38.517µs" err="state histories haven't been fully indexed yet" X-Forwarded-For=<nil>
WARN [11-16|16:41:52.420] Served eth_call                          conn=127.0.0.1:37718 reqid=1438 duration="19.218µs" err="state histories haven't been fully indexed yet" X-Forwarded-For=<nil>
WARN [11-16|16:41:52.424] Served eth_call                          conn=127.0.0.1:37718 reqid=1441 duration="37.615µs" err="state histories haven't been fully indexed yet" X-Forwarded-For=<nil>
WARN [11-16|16:41:52.428] Served eth_call                          conn=127.0.0.1:37718 reqid=1444 duration="18.337µs" err="state histories haven't been fully indexed yet" X-Forwarded-For=<nil>
WARN [11-16|16:41:52.432] Served eth_call                          conn=127.0.0.1:37718 reqid=1447 duration="17.785µs" err="state histories haven't been fully indexed yet" X-Forwarded-For=<nil>
WARN [11-16|16:41:52.436] Served eth_call                          conn=127.0.0.1:37718 reqid=1450 duration="33.327µs" err="state histories haven't been fully indexed yet" X-Forwarded-For=<nil>
WARN [11-16|16:41:52.440] Served eth_call                          conn=127.0.0.1:37718 reqid=1453 duration="31.402µs" err="state histories haven't been fully indexed yet" X-Forwarded-For=<nil>
WARN [11-16|16:41:52.444] Served eth_call                          conn=127.0.0.1:37718 reqid=1456 duration="35.992µs" err="state histories haven't been fully indexed yet" X-Forwarded-For=<nil>
WARN [11-16|16:41:52.448] Served eth_call                          conn=127.0.0.1:37718 reqid=1459 duration="32.255µs" err="state histories haven't been fully indexed yet" X-Forwarded-For=<nil>
WARN [11-16|16:41:52.452] Served eth_call                          conn=127.0.0.1:37718 reqid=1462 duration="37.295µs" err="state histories haven't been fully indexed yet" X-Forwarded-For=<nil>
WARN [11-16|16:41:52.456] Served eth_call                          conn=127.0.0.1:37718 reqid=1465 duration="20.561µs" err="state histories haven't been fully indexed yet" X-Forwarded-For=<nil>
WARN [11-16|16:41:52.460] Served eth_call                          conn=127.0.0.1:37718 reqid=1468 duration="34.619µs" err="state histories haven't been fully indexed yet" X-Forwarded-For=<nil>
WARN [11-16|16:41:52.464] Served eth_call                          conn=127.0.0.1:37718 reqid=1471 duration="32.956µs" err="state histories haven't been fully indexed yet" X-Forwarded-For=<nil>
WARN [11-16|16:41:52.468] Served eth_call                          conn=127.0.0.1:37718 reqid=1474 duration="31.273µs" err="state histories haven't been fully indexed yet" X-Forwarded-For=<nil>
WARN [11-16|16:41:52.472] Served eth_call                          conn=127.0.0.1:37718 reqid=1477 duration="35.13µs" err="state histories haven't been fully indexed yet" X-Forwarded-For=<nil>
WARN [11-16|16:41:52.476] Served eth_call                          conn=127.0.0.1:37718 reqid=1480 duration="33.177µs" err="state histories haven't been fully indexed yet" X-Forwarded-For=<nil>
WARN [11-16|16:41:52.481] Served eth_call                          conn=127.0.0.1:37718 reqid=1483 duration="71.373µs" err="state histories haven't been fully indexed yet" X-Forwarded-For=<nil>
WARN [11-16|16:41:52.485] Served eth_call                          conn=127.0.0.1:37718 reqid=1486 duration="35.782µs" err="state histories haven't been fully indexed yet" X-Forwarded-For=<nil>
WARN [11-16|16:41:52.489] Served eth_call                          conn=127.0.0.1:37718 reqid=1489 duration="66.252µs" err="state histories haven't been fully indexed yet" X-Forwarded-For=<nil>
WARN [11-16|16:41:52.493] Served eth_call                          conn=127.0.0.1:37718 reqid=1492 duration="31.352µs" err="state histories haven't been fully indexed yet" X-Forwarded-For=<nil>
WARN [11-16|16:41:52.497] Served eth_call                          conn=127.0.0.1:37718 reqid=1495 duration="33.737µs" err="state histories haven't been fully indexed yet" X-Forwarded-For=<nil>
WARN [11-16|16:41:52.501] Served eth_call                          conn=127.0.0.1:37718 reqid=1498 duration="36.483µs" err="state histories haven't been fully indexed yet" X-Forwarded-For=<nil>
WARN [11-16|16:41:52.505] Served eth_call                          conn=127.0.0.1:37718 reqid=1501 duration="31.513µs" err="state histories haven't been fully indexed yet" X-Forwarded-For=<nil>
WARN [11-16|16:41:52.509] Served eth_call                          conn=127.0.0.1:37718 reqid=1504 duration="37.685µs" err="state histories haven't been fully indexed yet" X-Forwarded-For=<nil>
WARN [11-16|16:41:52.513] Served eth_call                          conn=127.0.0.1:37718 reqid=1507 duration="32.625µs" err="state histories haven't been fully indexed yet" X-Forwarded-For=<nil>
WARN [11-16|16:41:52.517] Served eth_call                          conn=127.0.0.1:37718 reqid=1510 duration="19.178µs" err="state histories haven't been fully indexed yet" X-Forwarded-For=<nil>
WARN [11-16|16:41:52.521] Served eth_call                          conn=127.0.0.1:37718 reqid=1513 duration="33.737µs" err="state histories haven't been fully indexed yet" X-Forwarded-For=<nil>
WARN [11-16|16:41:52.525] Served eth_call                          conn=127.0.0.1:37718 reqid=1516 duration="34.108µs" err="state histories haven't been fully indexed yet" X-Forwarded-For=<nil>
WARN [11-16|16:41:52.529] Served eth_call                          conn=127.0.0.1:37718 reqid=1519 duration="39.889µs" err="state histories haven't been fully indexed yet" X-Forwarded-For=<nil>
WARN [11-16|16:41:52.533] Served eth_call                          conn=127.0.0.1:37718 reqid=1522 duration="20.531µs" err="state histories haven't been fully indexed yet" X-Forwarded-For=<nil>
WARN [11-16|16:41:52.537] Served eth_call                          conn=127.0.0.1:37718 reqid=1525 duration="32.815µs" err="state histories haven't been fully indexed yet" X-Forwarded-For=<nil>
WARN [11-16|16:41:52.541] Served eth_call                          conn=127.0.0.1:37718 reqid=1528 duration="34.279µs" err="state histories haven't been fully indexed yet" X-Forwarded-For=<nil>
WARN [11-16|16:41:52.545] Served eth_call                          conn=127.0.0.1:37718 reqid=1531 duration="34.249µs" err="state histories haven't been fully indexed yet" X-Forwarded-For=<nil>
WARN [11-16|16:41:52.549] Served eth_call                          conn=127.0.0.1:37718 reqid=1534 duration="32.676µs" err="state histories haven't been fully indexed yet" X-Forwarded-For=<nil>
WARN [11-16|16:41:52.553] Served eth_call                          conn=127.0.0.1:37718 reqid=1537 duration="33.447µs" err="state histories haven't been fully indexed yet" X-Forwarded-For=<nil>
WARN [11-16|16:41:52.557] Served eth_call                          conn=127.0.0.1:37718 reqid=1540 duration="33.257µs" err="state histories haven't been fully indexed yet" X-Forwarded-For=<nil>
WARN [11-16|16:41:52.561] Served eth_call                          conn=127.0.0.1:37718 reqid=1543 duration="33.838µs" err="state histories haven't been fully indexed yet" X-Forwarded-For=<nil>
WARN [11-16|16:41:52.565] Served eth_call                          conn=127.0.0.1:37718 reqid=1546 duration="18.728µs" err="state histories haven't been fully indexed yet" X-Forwarded-For=<nil>
WARN [11-16|16:41:52.569] Served eth_call                          conn=127.0.0.1:37718 reqid=1549 duration="36.804µs" err="state histories haven't been fully indexed yet" X-Forwarded-For=<nil>
WARN [11-16|16:41:52.573] Served eth_call                          conn=127.0.0.1:37718 reqid=1552 duration="41.293µs" err="state histories haven't been fully indexed yet" X-Forwarded-For=<nil>
WARN [11-16|16:41:52.577] Served eth_call                          conn=127.0.0.1:37718 reqid=1555 duration="40.22µs" err="state histories haven't been fully indexed yet" X-Forwarded-For=<nil>
WARN [11-16|16:41:52.582] Served eth_call                          conn=127.0.0.1:37718 reqid=1558 duration="56.973µs" err="state histories haven't been fully indexed yet" X-Forwarded-For=<nil>
WARN [11-16|16:41:52.586] Served eth_call                          conn=127.0.0.1:37718 reqid=1561 duration="33.887µs" err="state histories haven't been fully indexed yet" X-Forwarded-For=<nil>
WARN [11-16|16:41:52.590] Served eth_call                          conn=127.0.0.1:37718 reqid=1564 duration="31.212µs" err="state histories haven't been fully indexed yet" X-Forwarded-For=<nil>
WARN [11-16|16:41:52.594] Served eth_call                          conn=127.0.0.1:37718 reqid=1567 duration="30.892µs" err="state histories haven't been fully indexed yet" X-Forwarded-For=<nil>
WARN [11-16|16:41:52.598] Served eth_call                          conn=127.0.0.1:37718 reqid=1570 duration="30.331µs" err="state histories haven't been fully indexed yet" X-Forwarded-For=<nil>
WARN [11-16|16:41:52.602] Served eth_call                          conn=127.0.0.1:37718 reqid=1573 duration="35.03µs" err="state histories haven't been fully indexed yet" X-Forwarded-For=<nil>
WARN [11-16|16:41:52.606] Served eth_call                          conn=127.0.0.1:37718 reqid=1576 duration="18.788µs" err="state histories haven't been fully indexed yet" X-Forwarded-For=<nil>
WARN [11-16|16:41:52.610] Served eth_call                          conn=127.0.0.1:37718 reqid=1579 duration="31.884µs" err="state histories haven't been fully indexed yet" X-Forwarded-For=<nil>
WARN [11-16|16:41:52.614] Served eth_call                          conn=127.0.0.1:37718 reqid=1582 duration="19.82µs" err="state histories haven't been fully indexed yet" X-Forwarded-For=<nil>
WARN [11-16|16:41:52.619] Served eth_call                          conn=127.0.0.1:37718 reqid=1585 duration="18.808µs" err="state histories haven't been fully indexed yet" X-Forwarded-For=<nil>
WARN [11-16|16:41:52.623] Served eth_call                          conn=127.0.0.1:37718 reqid=1588 duration="42.735µs" err="state histories haven't been fully indexed yet" X-Forwarded-For=<nil>
WARN [11-16|16:41:52.627] Served eth_call                          conn=127.0.0.1:37718 reqid=1591 duration="18.267µs" err="state histories haven't been fully indexed yet" X-Forwarded-For=<nil>
WARN [11-16|16:41:52.631] Served eth_call                          conn=127.0.0.1:37718 reqid=1594 duration="20.08µs" err="state histories haven't been fully indexed yet" X-Forwarded-For=<nil>
WARN [11-16|16:41:52.635] Served eth_call                          conn=127.0.0.1:37718 reqid=1597 duration="35.471µs" err="state histories haven't been fully indexed yet" X-Forwarded-For=<nil>
WARN [11-16|16:41:52.639] Served eth_call                          conn=127.0.0.1:37718 reqid=1600 duration="34.9µs" err="state histories haven't been fully indexed yet" X-Forwarded-For=<nil>
WARN [11-16|16:41:52.643] Served eth_call                          conn=127.0.0.1:37718 reqid=1603 duration="36.513µs" err="state histories haven't been fully indexed yet" X-Forwarded-For=<nil>
WARN [11-16|16:41:52.647] Served eth_call                          conn=127.0.0.1:37718 reqid=1606 duration="36.072µs" err="state histories haven't been fully indexed yet" X-Forwarded-For=<nil>
WARN [11-16|16:41:52.651] Served eth_call                          conn=127.0.0.1:37718 reqid=1609 duration="34.749µs" err="state histories haven't been fully indexed yet" X-Forwarded-For=<nil>
WARN [11-16|16:41:52.655] Served eth_call                          conn=127.0.0.1:37718 reqid=1612 duration="19.138µs" err="state histories haven't been fully indexed yet" X-Forwarded-For=<nil>
WARN [11-16|16:41:52.659] Served eth_call                          conn=127.0.0.1:37718 reqid=1615 duration="18.968µs" err="state histories haven't been fully indexed yet" X-Forwarded-For=<nil>
WARN [11-16|16:41:52.663] Served eth_call                          conn=127.0.0.1:37718 reqid=1618 duration="18.857µs" err="state histories haven't been fully indexed yet" X-Forwarded-For=<nil>
WARN [11-16|16:41:52.667] Served eth_call                          conn=127.0.0.1:37718 reqid=1621 duration="34.579µs" err="state histories haven't been fully indexed yet" X-Forwarded-For=<nil>
WARN [11-16|16:41:52.671] Served eth_call                          conn=127.0.0.1:37718 reqid=1624 duration="31.353µs" err="state histories haven't been fully indexed yet" X-Forwarded-For=<nil>
WARN [11-16|16:41:52.675] Served eth_call                          conn=127.0.0.1:37718 reqid=1627 duration="31.694µs" err="state histories haven't been fully indexed yet" X-Forwarded-For=<nil>
WARN [11-16|16:41:52.679] Served eth_call                          conn=127.0.0.1:37718 reqid=1630 duration="31.052µs" err="state histories haven't been fully indexed yet" X-Forwarded-For=<nil>
WARN [11-16|16:41:52.683] Served eth_call                          conn=127.0.0.1:37718 reqid=1633 duration="32.845µs" err="state histories haven't been fully indexed yet" X-Forwarded-For=<nil>
WARN [11-16|16:41:52.687] Served eth_call                          conn=127.0.0.1:37718 reqid=1636 duration="18.708µs" err="state histories haven't been fully indexed yet" X-Forwarded-For=<nil>
WARN [11-16|16:41:52.691] Served eth_call                          conn=127.0.0.1:37718 reqid=1639 duration="42.064µs" err="state histories haven't been fully indexed yet" X-Forwarded-For=<nil>
WARN [11-16|16:41:52.695] Served eth_call                          conn=127.0.0.1:37718 reqid=1642 duration="40.421µs" err="state histories haven't been fully indexed yet" X-Forwarded-For=<nil>
WARN [11-16|16:41:52.699] Served eth_call                          conn=127.0.0.1:37718 reqid=1645 duration="39.499µs" err="state histories haven't been fully indexed yet" X-Forwarded-For=<nil>
WARN [11-16|16:41:52.703] Served eth_call                          conn=127.0.0.1:37718 reqid=1648 duration="40.511µs" err="state histories haven't been fully indexed yet" X-Forwarded-For=<nil>
WARN [11-16|16:41:52.707] Served eth_call                          conn=127.0.0.1:37718 reqid=1651 duration="18.206µs" err="state histories haven't been fully indexed yet" X-Forwarded-For=<nil>
WARN [11-16|16:41:52.711] Served eth_call                          conn=127.0.0.1:37718 reqid=1654 duration="19.169µs" err="state histories haven't been fully indexed yet" X-Forwarded-For=<nil>
WARN [11-16|16:41:52.715] Served eth_call                          conn=127.0.0.1:37718 reqid=1657 duration="48.848µs" err="state histories haven't been fully indexed yet" X-Forwarded-For=<nil>
WARN [11-16|16:41:52.719] Served eth_call                          conn=127.0.0.1:37718 reqid=1660 duration="37.575µs" err="state histories haven't been fully indexed yet" X-Forwarded-For=<nil>
WARN [11-16|16:41:52.723] Served eth_call                          conn=127.0.0.1:37718 reqid=1663 duration="41.142µs" err="state histories haven't been fully indexed yet" X-Forwarded-For=<nil>
WARN [11-16|16:41:52.727] Served eth_call                          conn=127.0.0.1:37718 reqid=1666 duration="18.216µs" err="state histories haven't been fully indexed yet" X-Forwarded-For=<nil>
WARN [11-16|16:41:52.731] Served eth_call                          conn=127.0.0.1:37718 reqid=1669 duration="48.407µs" err="state histories haven't been fully indexed yet" X-Forwarded-For=<nil>
WARN [11-16|16:41:52.735] Served eth_call                          conn=127.0.0.1:37718 reqid=1672 duration="31.232µs" err="state histories haven't been fully indexed yet" X-Forwarded-For=<nil>
WARN [11-16|16:41:52.739] Served eth_call                          conn=127.0.0.1:37718 reqid=1675 duration="41.473µs" err="state histories haven't been fully indexed yet" X-Forwarded-For=<nil>
WARN [11-16|16:41:52.743] Served eth_call                          conn=127.0.0.1:37718 reqid=1678 duration="27.866µs" err="state histories haven't been fully indexed yet" X-Forwarded-For=<nil>
WARN [11-16|16:41:52.747] Served eth_call                          conn=127.0.0.1:37718 reqid=1681 duration="18.797µs" err="state histories haven't been fully indexed yet" X-Forwarded-For=<nil>
WARN [11-16|16:41:52.751] Served eth_call                          conn=127.0.0.1:37718 reqid=1684 duration="18.727µs" err="state histories haven't been fully indexed yet" X-Forwarded-For=<nil>
WARN [11-16|16:41:52.755] Served eth_call                          conn=127.0.0.1:37718 reqid=1687 duration="18.467µs" err="state histories haven't been fully indexed yet" X-Forwarded-For=<nil>
WARN [11-16|16:41:52.760] Served eth_call                          conn=127.0.0.1:37718 reqid=1690 duration="42.876µs" err="state histories haven't been fully indexed yet" X-Forwarded-For=<nil>
WARN [11-16|16:41:52.764] Served eth_call                          conn=127.0.0.1:37718 reqid=1693 duration="34.048µs" err="state histories haven't been fully indexed yet" X-Forwarded-For=<nil>
WARN [11-16|16:41:52.768] Served eth_call                          conn=127.0.0.1:37718 reqid=1696 duration="18.267µs" err="state histories haven't been fully indexed yet" X-Forwarded-For=<nil>
WARN [11-16|16:41:52.772] Served eth_call                          conn=127.0.0.1:37718 reqid=1699 duration="18.236µs" err="state histories haven't been fully indexed yet" X-Forwarded-For=<nil>
WARN [11-16|16:41:52.776] Served eth_call                          conn=127.0.0.1:37718 reqid=1702 duration="48.216µs" err="state histories haven't been fully indexed yet" X-Forwarded-For=<nil>
WARN [11-16|16:41:52.780] Served eth_call                          conn=127.0.0.1:37718 reqid=1705 duration="42.314µs" err="state histories haven't been fully indexed yet" X-Forwarded-For=<nil>
WARN [11-16|16:41:52.784] Served eth_call                          conn=127.0.0.1:37718 reqid=1708 duration="35.471µs" err="state histories haven't been fully indexed yet" X-Forwarded-For=<nil>
WARN [11-16|16:41:52.789] Served eth_call                          conn=127.0.0.1:37718 reqid=1711 duration="46.082µs" err="state histories haven't been fully indexed yet" X-Forwarded-For=<nil>
WARN [11-16|16:41:52.793] Served eth_call                          conn=127.0.0.1:37718 reqid=1714 duration="42.044µs" err="state histories haven't been fully indexed yet" X-Forwarded-For=<nil>
WARN [11-16|16:41:52.797] Served eth_call                          conn=127.0.0.1:37718 reqid=1717 duration="18.858µs" err="state histories haven't been fully indexed yet" X-Forwarded-For=<nil>
WARN [11-16|16:41:52.801] Served eth_call                          conn=127.0.0.1:37718 reqid=1720 duration="36.383µs" err="state histories haven't been fully indexed yet" X-Forwarded-For=<nil>
WARN [11-16|16:41:52.805] Served eth_call                          conn=127.0.0.1:37718 reqid=1723 duration="28.587µs" err="state histories haven't been fully indexed yet" X-Forwarded-For=<nil>
WARN [11-16|16:41:52.809] Served eth_call                          conn=127.0.0.1:37718 reqid=1726 duration="34.92µs" err="state histories haven't been fully indexed yet" X-Forwarded-For=<nil>
WARN [11-16|16:41:52.813] Served eth_call                          conn=127.0.0.1:37718 reqid=1729 duration="40.551µs" err="state histories haven't been fully indexed yet" X-Forwarded-For=<nil>
WARN [11-16|16:41:52.817] Served eth_call                          conn=127.0.0.1:37718 reqid=1732 duration="38.257µs" err="state histories haven't been fully indexed yet" X-Forwarded-For=<nil>
WARN [11-16|16:41:52.821] Served eth_call                          conn=127.0.0.1:37718 reqid=1735 duration="33.046µs" err="state histories haven't been fully indexed yet" X-Forwarded-For=<nil>
WARN [11-16|16:41:52.825] Served eth_call                          conn=127.0.0.1:37718 reqid=1738 duration="18.888µs" err="state histories haven't been fully indexed yet" X-Forwarded-For=<nil>
WARN [11-16|16:41:52.829] Served eth_call                          conn=127.0.0.1:37718 reqid=1741 duration="18.707µs" err="state histories haven't been fully indexed yet" X-Forwarded-For=<nil>
WARN [11-16|16:41:52.833] Served eth_call                          conn=127.0.0.1:37718 reqid=1744 duration="36.994µs" err="state histories haven't been fully indexed yet" X-Forwarded-For=<nil>
WARN [11-16|16:41:52.837] Served eth_call                          conn=127.0.0.1:37718 reqid=1747 duration="18.497µs" err="state histories haven't been fully indexed yet" X-Forwarded-For=<nil>
WARN [11-16|16:41:52.841] Served eth_call                          conn=127.0.0.1:37718 reqid=1750 duration="35.511µs" err="state histories haven't been fully indexed yet" X-Forwarded-For=<nil>
WARN [11-16|16:41:52.846] Served eth_call                          conn=127.0.0.1:37718 reqid=1753 duration="48.948µs" err="state histories haven't been fully indexed yet" X-Forwarded-For=<nil>
WARN [11-16|16:41:52.850] Served eth_call                          conn=127.0.0.1:37718 reqid=1756 duration="35.281µs" err="state histories haven't been fully indexed yet" X-Forwarded-For=<nil>
WARN [11-16|16:41:52.854] Served eth_call                          conn=127.0.0.1:37718 reqid=1759 duration="31.453µs" err="state histories haven't been fully indexed yet" X-Forwarded-For=<nil>
WARN [11-16|16:41:52.858] Served eth_call                          conn=127.0.0.1:37718 reqid=1762 duration="35.661µs" err="state histories haven't been fully indexed yet" X-Forwarded-For=<nil>
WARN [11-16|16:41:52.862] Served eth_call                          conn=127.0.0.1:37718 reqid=1765 duration="35.08µs" err="state histories haven't been fully indexed yet" X-Forwarded-For=<nil>
WARN [11-16|16:41:52.866] Served eth_call                          conn=127.0.0.1:37718 reqid=1768 duration="35.271µs" err="state histories haven't been fully indexed yet" X-Forwarded-For=<nil>
WARN [11-16|16:41:52.870] Served eth_call                          conn=127.0.0.1:37718 reqid=1771 duration="32.064µs" err="state histories haven't been fully indexed yet" X-Forwarded-For=<nil>
WARN [11-16|16:41:52.874] Served eth_call                          conn=127.0.0.1:37718 reqid=1774 duration="32.705µs" err="state histories haven't been fully indexed yet" X-Forwarded-For=<nil>
WARN [11-16|16:41:52.878] Served eth_call                          conn=127.0.0.1:37718 reqid=1777 duration="32.675µs" err="state histories haven't been fully indexed yet" X-Forwarded-For=<nil>
WARN [11-16|16:41:52.883] Served eth_call                          conn=127.0.0.1:37718 reqid=1780 duration="55.851µs" err="state histories haven't been fully indexed yet" X-Forwarded-For=<nil>
WARN [11-16|16:41:52.887] Served eth_call                          conn=127.0.0.1:37718 reqid=1783 duration="37.064µs" err="state histories haven't been fully indexed yet" X-Forwarded-For=<nil>
WARN [11-16|16:41:52.891] Served eth_call                          conn=127.0.0.1:37718 reqid=1786 duration="29.128µs" err="state histories haven't been fully indexed yet" X-Forwarded-For=<nil>
WARN [11-16|16:41:52.895] Served eth_call                          conn=127.0.0.1:37718 reqid=1789 duration="33.136µs" err="state histories haven't been fully indexed yet" X-Forwarded-For=<nil>
WARN [11-16|16:41:52.899] Served eth_call                          conn=127.0.0.1:37718 reqid=1792 duration="33.107µs" err="state histories haven't been fully indexed yet" X-Forwarded-For=<nil>
WARN [11-16|16:41:52.904] Served eth_call                          conn=127.0.0.1:37718 reqid=1795 duration="19.78µs" err="state histories haven't been fully indexed yet" X-Forwarded-For=<nil>
WARN [11-16|16:41:52.908] Served eth_call                          conn=127.0.0.1:37718 reqid=1798 duration="21.724µs" err="state histories haven't been fully indexed yet" X-Forwarded-For=<nil>
WARN [11-16|16:41:52.912] Served eth_call                          conn=127.0.0.1:37718 reqid=1801 duration="32.896µs" err="state histories haven't been fully indexed yet" X-Forwarded-For=<nil>
WARN [11-16|16:41:52.916] Served eth_call                          conn=127.0.0.1:37718 reqid=1804 duration="34.469µs" err="state histories haven't been fully indexed yet" X-Forwarded-For=<nil>
WARN [11-16|16:41:52.920] Served eth_call                          conn=127.0.0.1:37718 reqid=1807 duration="25.3µs" err="state histories haven't been fully indexed yet" X-Forwarded-For=<nil>
WARN [11-16|16:41:52.925] Served eth_call                          conn=127.0.0.1:37718 reqid=1810 duration="52.044µs" err="state histories haven't been fully indexed yet" X-Forwarded-For=<nil>
WARN [11-16|16:41:52.929] Served eth_call                          conn=127.0.0.1:37718 reqid=1813 duration="44.188µs" err="state histories haven't been fully indexed yet" X-Forwarded-For=<nil>
WARN [11-16|16:41:52.934] Served eth_call                          conn=127.0.0.1:37718 reqid=1816 duration="61.292µs" err="state histories haven't been fully indexed yet" X-Forwarded-For=<nil>
WARN [11-16|16:41:52.938] Served eth_call                          conn=127.0.0.1:37718 reqid=1819 duration="37.775µs" err="state histories haven't been fully indexed yet" X-Forwarded-For=<nil>
WARN [11-16|16:41:52.942] Served eth_call                          conn=127.0.0.1:37718 reqid=1822 duration="37.795µs" err="state histories haven't been fully indexed yet" X-Forwarded-For=<nil>
WARN [11-16|16:41:52.946] Served eth_call                          conn=127.0.0.1:37718 reqid=1825 duration="26.292µs" err="state histories haven't been fully indexed yet" X-Forwarded-For=<nil>
WARN [11-16|16:41:52.950] Served eth_call                          conn=127.0.0.1:37718 reqid=1828 duration="43.978µs" err="state histories haven't been fully indexed yet" X-Forwarded-For=<nil>
WARN [11-16|16:41:52.954] Served eth_call                          conn=127.0.0.1:37718 reqid=1831 duration="65.08µs" err="state histories haven't been fully indexed yet" X-Forwarded-For=<nil>
WARN [11-16|16:41:52.959] Served eth_call                          conn=127.0.0.1:37718 reqid=1834 duration="32.224µs" err="state histories haven't been fully indexed yet" X-Forwarded-For=<nil>
WARN [11-16|16:41:52.963] Served eth_call                          conn=127.0.0.1:37718 reqid=1837 duration="36.633µs" err="state histories haven't been fully indexed yet" X-Forwarded-For=<nil>
WARN [11-16|16:41:52.967] Served eth_call                          conn=127.0.0.1:37718 reqid=1840 duration="35.661µs" err="state histories haven't been fully indexed yet" X-Forwarded-For=<nil>
WARN [11-16|16:41:52.971] Served eth_call                          conn=127.0.0.1:37718 reqid=1843 duration="36.694µs" err="state histories haven't been fully indexed yet" X-Forwarded-For=<nil>
WARN [11-16|16:41:52.978] Served eth_call                          conn=127.0.0.1:37718 reqid=1846 duration="69.409µs" err="state histories haven't been fully indexed yet" X-Forwarded-For=<nil>
WARN [11-16|16:41:52.982] Served eth_call                          conn=127.0.0.1:37718 reqid=1849 duration="64.509µs" err="state histories haven't been fully indexed yet" X-Forwarded-For=<nil>
WARN [11-16|16:41:52.988] Served eth_call                          conn=127.0.0.1:37718 reqid=1852 duration="40.751µs" err="state histories haven't been fully indexed yet" X-Forwarded-For=<nil>
WARN [11-16|16:41:52.993] Served eth_call                          conn=127.0.0.1:37718 reqid=1855 duration="62.014µs" err="state histories haven't been fully indexed yet" X-Forwarded-For=<nil>
WARN [11-16|16:41:53.020] Served eth_call                          conn=127.0.0.1:37718 reqid=1858 duration="65.772µs" err="state histories haven't been fully indexed yet" X-Forwarded-For=<nil>
WARN [11-16|16:41:53.024] Served eth_call                          conn=127.0.0.1:37718 reqid=1861 duration="39.97µs" err="state histories haven't been fully indexed yet" X-Forwarded-For=<nil>
WARN [11-16|16:41:53.028] Served eth_call                          conn=127.0.0.1:37718 reqid=1864 duration="19.609µs" err="state histories haven't been fully indexed yet" X-Forwarded-For=<nil>
WARN [11-16|16:41:53.032] Served eth_call                          conn=127.0.0.1:37718 reqid=1867 duration="18.507µs" err="state histories haven't been fully indexed yet" X-Forwarded-For=<nil>
WARN [11-16|16:41:53.036] Served eth_call                          conn=127.0.0.1:37718 reqid=1870 duration="18.397µs" err="state histories haven't been fully indexed yet" X-Forwarded-For=<nil>
WARN [11-16|16:41:53.041] Served eth_call                          conn=127.0.0.1:37718 reqid=1873 duration="24.75µs" err="state histories haven't been fully indexed yet" X-Forwarded-For=<nil>
WARN [11-16|16:41:53.045] Served eth_call                          conn=127.0.0.1:37718 reqid=1876 duration="21.743µs" err="state histories haven't been fully indexed yet" X-Forwarded-For=<nil>
WARN [11-16|16:41:53.049] Served eth_call                          conn=127.0.0.1:37718 reqid=1879 duration="19.368µs" err="state histories haven't been fully indexed yet" X-Forwarded-For=<nil>
WARN [11-16|16:41:53.053] Served eth_call                          conn=127.0.0.1:37718 reqid=1882 duration="18.718µs" err="state histories haven't been fully indexed yet" X-Forwarded-For=<nil>
WARN [11-16|16:41:53.057] Served eth_call                          conn=127.0.0.1:37718 reqid=1885 duration="35.812µs" err="state histories haven't been fully indexed yet" X-Forwarded-For=<nil>
WARN [11-16|16:41:53.061] Served eth_call                          conn=127.0.0.1:37718 reqid=1888 duration="47.725µs" err="state histories haven't been fully indexed yet" X-Forwarded-For=<nil>
WARN [11-16|16:41:53.065] Served eth_call                          conn=127.0.0.1:37718 reqid=1891 duration="33.196µs" err="state histories haven't been fully indexed yet" X-Forwarded-For=<nil>
WARN [11-16|16:41:53.069] Served eth_call                          conn=127.0.0.1:37718 reqid=1894 duration="34.9µs" err="state histories haven't been fully indexed yet" X-Forwarded-For=<nil>
WARN [11-16|16:41:53.073] Served eth_call                          conn=127.0.0.1:37718 reqid=1897 duration="43.377µs" err="state histories haven't been fully indexed yet" X-Forwarded-For=<nil>
WARN [11-16|16:41:53.077] Served eth_call                          conn=127.0.0.1:37718 reqid=1900 duration="51.463µs" err="state histories haven't been fully indexed yet" X-Forwarded-For=<nil>
WARN [11-16|16:41:53.081] Served eth_call                          conn=127.0.0.1:37718 reqid=1903 duration="44.91µs" err="state histories haven't been fully indexed yet" X-Forwarded-For=<nil>
WARN [11-16|16:41:53.085] Served eth_call                          conn=127.0.0.1:37718 reqid=1906 duration="34.599µs" err="state histories haven't been fully indexed yet" X-Forwarded-For=<nil>
WARN [11-16|16:41:53.089] Served eth_call                          conn=127.0.0.1:37718 reqid=1909 duration="38.847µs" err="state histories haven't been fully indexed yet" X-Forwarded-For=<nil>
WARN [11-16|16:41:53.094] Served eth_call                          conn=127.0.0.1:37718 reqid=1912 duration="45.161µs" err="state histories haven't been fully indexed yet" X-Forwarded-For=<nil>
WARN [11-16|16:41:53.098] Served eth_call                          conn=127.0.0.1:37718 reqid=1915 duration="19.018µs" err="state histories haven't been fully indexed yet" X-Forwarded-For=<nil>
WARN [11-16|16:41:53.102] Served eth_call                          conn=127.0.0.1:37718 reqid=1918 duration="19.87µs" err="state histories haven't been fully indexed yet" X-Forwarded-For=<nil>
WARN [11-16|16:41:53.106] Served eth_call                          conn=127.0.0.1:37718 reqid=1921 duration="39.148µs" err="state histories haven't been fully indexed yet" X-Forwarded-For=<nil>
WARN [11-16|16:41:53.110] Served eth_call                          conn=127.0.0.1:37718 reqid=1924 duration="31.503µs" err="state histories haven't been fully indexed yet" X-Forwarded-For=<nil>
WARN [11-16|16:41:53.114] Served eth_call                          conn=127.0.0.1:37718 reqid=1927 duration="44.639µs" err="state histories haven't been fully indexed yet" X-Forwarded-For=<nil>
WARN [11-16|16:41:53.118] Served eth_call                          conn=127.0.0.1:37718 reqid=1930 duration="52.595µs" err="state histories haven't been fully indexed yet" X-Forwarded-For=<nil>
WARN [11-16|16:41:53.122] Served eth_call                          conn=127.0.0.1:37718 reqid=1933 duration="30.922µs" err="state histories haven't been fully indexed yet" X-Forwarded-For=<nil>
WARN [11-16|16:41:53.126] Served eth_call                          conn=127.0.0.1:37718 reqid=1936 duration="18.186µs" err="state histories haven't been fully indexed yet" X-Forwarded-For=<nil>
WARN [11-16|16:41:53.130] Served eth_call                          conn=127.0.0.1:37718 reqid=1939 duration="35.281µs" err="state histories haven't been fully indexed yet" X-Forwarded-For=<nil>
WARN [11-16|16:41:53.134] Served eth_call                          conn=127.0.0.1:37718 reqid=1942 duration="42.414µs" err="state histories haven't been fully indexed yet" X-Forwarded-For=<nil>
WARN [11-16|16:41:53.138] Served eth_call                          conn=127.0.0.1:37718 reqid=1945 duration="59.268µs" err="state histories haven't been fully indexed yet" X-Forwarded-For=<nil>
WARN [11-16|16:41:53.142] Served eth_call                          conn=127.0.0.1:37718 reqid=1948 duration="34.8µs" err="state histories haven't been fully indexed yet" X-Forwarded-For=<nil>
WARN [11-16|16:41:53.147] Served eth_call                          conn=127.0.0.1:37718 reqid=1951 duration="53.477µs" err="state histories haven't been fully indexed yet" X-Forwarded-For=<nil>
WARN [11-16|16:41:53.151] Served eth_call                          conn=127.0.0.1:37718 reqid=1954 duration="34.629µs" err="state histories haven't been fully indexed yet" X-Forwarded-For=<nil>
WARN [11-16|16:41:53.155] Served eth_call                          conn=127.0.0.1:37718 reqid=1957 duration="43.226µs" err="state histories haven't been fully indexed yet" X-Forwarded-For=<nil>
WARN [11-16|16:41:53.160] Served eth_call                          conn=127.0.0.1:37718 reqid=1960 duration="33.377µs" err="state histories haven't been fully indexed yet" X-Forwarded-For=<nil>
WARN [11-16|16:41:53.164] Served eth_call                          conn=127.0.0.1:37718 reqid=1963 duration="31.082µs" err="state histories haven't been fully indexed yet" X-Forwarded-For=<nil>
WARN [11-16|16:41:53.168] Served eth_call                          conn=127.0.0.1:37718 reqid=1966 duration="47.716µs" err="state histories haven't been fully indexed yet" X-Forwarded-For=<nil>
WARN [11-16|16:41:53.172] Served eth_call                          conn=127.0.0.1:37718 reqid=1969 duration="33.096µs" err="state histories haven't been fully indexed yet" X-Forwarded-For=<nil>
WARN [11-16|16:41:53.176] Served eth_call                          conn=127.0.0.1:37718 reqid=1972 duration="48.968µs" err="state histories haven't been fully indexed yet" X-Forwarded-For=<nil>
WARN [11-16|16:41:53.181] Served eth_call                          conn=127.0.0.1:37718 reqid=1975 duration="23.918µs" err="state histories haven't been fully indexed yet" X-Forwarded-For=<nil>
WARN [11-16|16:41:53.185] Served eth_call                          conn=127.0.0.1:37718 reqid=1978 duration="20.08µs" err="state histories haven't been fully indexed yet" X-Forwarded-For=<nil>
WARN [11-16|16:41:53.189] Served eth_call                          conn=127.0.0.1:37718 reqid=1981 duration="18.637µs" err="state histories haven't been fully indexed yet" X-Forwarded-For=<nil>
WARN [11-16|16:41:53.195] Served eth_call                          conn=127.0.0.1:37718 reqid=1984 duration="42.074µs" err="state histories haven't been fully indexed yet" X-Forwarded-For=<nil>
WARN [11-16|16:41:53.200] Served eth_call                          conn=127.0.0.1:37718 reqid=1987 duration="87.745µs" err="state histories haven't been fully indexed yet" X-Forwarded-For=<nil>
WARN [11-16|16:41:53.204] Served eth_call                          conn=127.0.0.1:37718 reqid=1990 duration="42.955µs" err="state histories haven't been fully indexed yet" X-Forwarded-For=<nil>
WARN [11-16|16:41:53.208] Served eth_call                          conn=127.0.0.1:37718 reqid=1993 duration="28.176µs" err="state histories haven't been fully indexed yet" X-Forwarded-For=<nil>
WARN [11-16|16:41:53.213] Served eth_call                          conn=127.0.0.1:37718 reqid=1996 duration="45.541µs" err="state histories haven't been fully indexed yet" X-Forwarded-For=<nil>
WARN [11-16|16:41:53.217] Served eth_call                          conn=127.0.0.1:37718 reqid=1999 duration="48.296µs" err="state histories haven't been fully indexed yet" X-Forwarded-For=<nil>
WARN [11-16|16:41:53.221] Served eth_call                          conn=127.0.0.1:37718 reqid=2002 duration="52.906µs" err="state histories haven't been fully indexed yet" X-Forwarded-For=<nil>
WARN [11-16|16:41:53.226] Served eth_call                          conn=127.0.0.1:37718 reqid=2005 duration="46.263µs" err="state histories haven't been fully indexed yet" X-Forwarded-For=<nil>
WARN [11-16|16:41:53.230] Served eth_call                          conn=127.0.0.1:37718 reqid=2008 duration="20.04µs" err="state histories haven't been fully indexed yet" X-Forwarded-For=<nil>
WARN [11-16|16:41:53.234] Served eth_call                          conn=127.0.0.1:37718 reqid=2011 duration="18.156µs" err="state histories haven't been fully indexed yet" X-Forwarded-For=<nil>
WARN [11-16|16:41:53.238] Served eth_call                          conn=127.0.0.1:37718 reqid=2014 duration="19.259µs" err="state histories haven't been fully indexed yet" X-Forwarded-For=<nil>
WARN [11-16|16:41:53.242] Served eth_call                          conn=127.0.0.1:37718 reqid=2017 duration="22.966µs" err="state histories haven't been fully indexed yet" X-Forwarded-For=<nil>
WARN [11-16|16:41:53.245] Served eth_call                          conn=127.0.0.1:37718 reqid=2020 duration="18.928µs" err="state histories haven't been fully indexed yet" X-Forwarded-For=<nil>
WARN [11-16|16:41:53.249] Served eth_call                          conn=127.0.0.1:37718 reqid=2023 duration="21.223µs" err="state histories haven't been fully indexed yet" X-Forwarded-For=<nil>
WARN [11-16|16:41:53.253] Served eth_call                          conn=127.0.0.1:37718 reqid=2026 duration="15.722µs" err="state histories haven't been fully indexed yet" X-Forwarded-For=<nil>
WARN [11-16|16:41:53.257] Served eth_call                          conn=127.0.0.1:37718 reqid=2029 duration="20.982µs" err="state histories haven't been fully indexed yet" X-Forwarded-For=<nil>
WARN [11-16|16:41:53.261] Served eth_call                          conn=127.0.0.1:37718 reqid=2032 duration="43.227µs" err="state histories haven't been fully indexed yet" X-Forwarded-For=<nil>
WARN [11-16|16:41:53.264] Served eth_call                          conn=127.0.0.1:37718 reqid=2035 duration="18.938µs" err="state histories haven't been fully indexed yet" X-Forwarded-For=<nil>
WARN [11-16|16:41:53.270] Served eth_call                          conn=127.0.0.1:37718 reqid=2038 duration="18.136µs" err="state histories haven't been fully indexed yet" X-Forwarded-For=<nil>
WARN [11-16|16:41:53.274] Served eth_call                          conn=127.0.0.1:37718 reqid=2041 duration="40.45µs" err="state histories haven't been fully indexed yet" X-Forwarded-For=<nil>
WARN [11-16|16:41:53.278] Served eth_call                          conn=127.0.0.1:37718 reqid=2044 duration="38.417µs" err="state histories haven't been fully indexed yet" X-Forwarded-For=<nil>
WARN [11-16|16:41:53.283] Served eth_call                          conn=127.0.0.1:37718 reqid=2047 duration="46.262µs" err="state histories haven't been fully indexed yet" X-Forwarded-For=<nil>
WARN [11-16|16:41:53.287] Served eth_call                          conn=127.0.0.1:37718 reqid=2050 duration="36.293µs" err="state histories haven't been fully indexed yet" X-Forwarded-For=<nil>
WARN [11-16|16:41:53.291] Served eth_call                          conn=127.0.0.1:37718 reqid=2053 duration="37.505µs" err="state histories haven't been fully indexed yet" X-Forwarded-For=<nil>
WARN [11-16|16:41:53.295] Served eth_call                          conn=127.0.0.1:37718 reqid=2056 duration="37.795µs" err="state histories haven't been fully indexed yet" X-Forwarded-For=<nil>
WARN [11-16|16:41:53.300] Served eth_call                          conn=127.0.0.1:37718 reqid=2059 duration="41.232µs" err="state histories haven't been fully indexed yet" X-Forwarded-For=<nil>
WARN [11-16|16:41:53.304] Served eth_call                          conn=127.0.0.1:37718 reqid=2062 duration="18.627µs" err="state histories haven't been fully indexed yet" X-Forwarded-For=<nil>
WARN [11-16|16:41:53.308] Served eth_call                          conn=127.0.0.1:37718 reqid=2065 duration="57.415µs" err="state histories haven't been fully indexed yet" X-Forwarded-For=<nil>
WARN [11-16|16:41:53.313] Served eth_call                          conn=127.0.0.1:37718 reqid=2068 duration="56.904µs" err="state histories haven't been fully indexed yet" X-Forwarded-For=<nil>
WARN [11-16|16:41:53.317] Served eth_call                          conn=127.0.0.1:37718 reqid=2071 duration="35.681µs" err="state histories haven't been fully indexed yet" X-Forwarded-For=<nil>
WARN [11-16|16:41:53.321] Served eth_call                          conn=127.0.0.1:37718 reqid=2074 duration="33.708µs" err="state histories haven't been fully indexed yet" X-Forwarded-For=<nil>
WARN [11-16|16:41:53.325] Served eth_call                          conn=127.0.0.1:37718 reqid=2077 duration="32.505µs" err="state histories haven't been fully indexed yet" X-Forwarded-For=<nil>
WARN [11-16|16:41:53.329] Served eth_call                          conn=127.0.0.1:37718 reqid=2080 duration="20.561µs" err="state histories haven't been fully indexed yet" X-Forwarded-For=<nil>
WARN [11-16|16:41:53.333] Served eth_call                          conn=127.0.0.1:37718 reqid=2083 duration="19.509µs" err="state histories haven't been fully indexed yet" X-Forwarded-For=<nil>
WARN [11-16|16:41:53.338] Served eth_call                          conn=127.0.0.1:37718 reqid=2086 duration="18.628µs" err="state histories haven't been fully indexed yet" X-Forwarded-For=<nil>
WARN [11-16|16:41:53.342] Served eth_call                          conn=127.0.0.1:37718 reqid=2089 duration="33.306µs" err="state histories haven't been fully indexed yet" X-Forwarded-For=<nil>
WARN [11-16|16:41:53.346] Served eth_call                          conn=127.0.0.1:37718 reqid=2092 duration="22.465µs" err="state histories haven't been fully indexed yet" X-Forwarded-For=<nil>
WARN [11-16|16:41:53.350] Served eth_call                          conn=127.0.0.1:37718 reqid=2095 duration="19.479µs" err="state histories haven't been fully indexed yet" X-Forwarded-For=<nil>
WARN [11-16|16:41:53.355] Served eth_call                          conn=127.0.0.1:37718 reqid=2098 duration="47.004µs" err="state histories haven't been fully indexed yet" X-Forwarded-For=<nil>
WARN [11-16|16:41:53.359] Served eth_call                          conn=127.0.0.1:37718 reqid=2101 duration="19.099µs" err="state histories haven't been fully indexed yet" X-Forwarded-For=<nil>
WARN [11-16|16:41:53.363] Served eth_call                          conn=127.0.0.1:37718 reqid=2104 duration="46.203µs" err="state histories haven't been fully indexed yet" X-Forwarded-For=<nil>
WARN [11-16|16:41:53.367] Served eth_call                          conn=127.0.0.1:37718 reqid=2107 duration="46.944µs" err="state histories haven't been fully indexed yet" X-Forwarded-For=<nil>
WARN [11-16|16:41:53.371] Served eth_call                          conn=127.0.0.1:37718 reqid=2110 duration="20.551µs" err="state histories haven't been fully indexed yet" X-Forwarded-For=<nil>
WARN [11-16|16:41:53.375] Served eth_call                          conn=127.0.0.1:37718 reqid=2113 duration="18.818µs" err="state histories haven't been fully indexed yet" X-Forwarded-For=<nil>
WARN [11-16|16:41:53.379] Served eth_call                          conn=127.0.0.1:37718 reqid=2116 duration="21.452µs" err="state histories haven't been fully indexed yet" X-Forwarded-For=<nil>
WARN [11-16|16:41:53.383] Served eth_call                          conn=127.0.0.1:37718 reqid=2119 duration="27.925µs" err="state histories haven't been fully indexed yet" X-Forwarded-For=<nil>
WARN [11-16|16:41:53.387] Served eth_call                          conn=127.0.0.1:37718 reqid=2122 duration="34.459µs" err="state histories haven't been fully indexed yet" X-Forwarded-For=<nil>
WARN [11-16|16:41:53.392] Served eth_call                          conn=127.0.0.1:37718 reqid=2125 duration="34.358µs" err="state histories haven't been fully indexed yet" X-Forwarded-For=<nil>
WARN [11-16|16:41:53.396] Served eth_call                          conn=127.0.0.1:37718 reqid=2128 duration="32.465µs" err="state histories haven't been fully indexed yet" X-Forwarded-For=<nil>
WARN [11-16|16:41:53.400] Served eth_call                          conn=127.0.0.1:37718 reqid=2131 duration="19.589µs" err="state histories haven't been fully indexed yet" X-Forwarded-For=<nil>
WARN [11-16|16:41:53.404] Served eth_call                          conn=127.0.0.1:37718 reqid=2134 duration="19.679µs" err="state histories haven't been fully indexed yet" X-Forwarded-For=<nil>
WARN [11-16|16:41:53.408] Served eth_call                          conn=127.0.0.1:37718 reqid=2137 duration="18.808µs" err="state histories haven't been fully indexed yet" X-Forwarded-For=<nil>
WARN [11-16|16:41:53.412] Served eth_call                          conn=127.0.0.1:37718 reqid=2140 duration="19.098µs" err="state histories haven't been fully indexed yet" X-Forwarded-For=<nil>
WARN [11-16|16:41:53.416] Served eth_call                          conn=127.0.0.1:37718 reqid=2143 duration="39.719µs" err="state histories haven't been fully indexed yet" X-Forwarded-For=<nil>
WARN [11-16|16:41:53.420] Served eth_call                          conn=127.0.0.1:37718 reqid=2146 duration="18.407µs" err="state histories haven't been fully indexed yet" X-Forwarded-For=<nil>
WARN [11-16|16:41:53.424] Served eth_call                          conn=127.0.0.1:37718 reqid=2149 duration="105.661µs" err="state histories haven't been fully indexed yet" X-Forwarded-For=<nil>
WARN [11-16|16:41:53.428] Served eth_call                          conn=127.0.0.1:37718 reqid=2152 duration="37.585µs" err="state histories haven't been fully indexed yet" X-Forwarded-For=<nil>
WARN [11-16|16:41:53.433] Served eth_call                          conn=127.0.0.1:37718 reqid=2155 duration="59.268µs" err="state histories haven't been fully indexed yet" X-Forwarded-For=<nil>
WARN [11-16|16:41:53.437] Served eth_call                          conn=127.0.0.1:37718 reqid=2158 duration="61.723µs" err="state histories haven't been fully indexed yet" X-Forwarded-For=<nil>
WARN [11-16|16:41:53.441] Served eth_call                          conn=127.0.0.1:37718 reqid=2161 duration="60.06µs" err="state histories haven't been fully indexed yet" X-Forwarded-For=<nil>
WARN [11-16|16:41:53.445] Served eth_call                          conn=127.0.0.1:37718 reqid=2164 duration="33.537µs" err="state histories haven't been fully indexed yet" X-Forwarded-For=<nil>
WARN [11-16|16:41:53.450] Served eth_call                          conn=127.0.0.1:37718 reqid=2167 duration="32.134µs" err="state histories haven't been fully indexed yet" X-Forwarded-For=<nil>
WARN [11-16|16:41:53.454] Served eth_call                          conn=127.0.0.1:37718 reqid=2170 duration="31.012µs" err="state histories haven't been fully indexed yet" X-Forwarded-For=<nil>
WARN [11-16|16:41:53.458] Served eth_call                          conn=127.0.0.1:37718 reqid=2173 duration="31.032µs" err="state histories haven't been fully indexed yet" X-Forwarded-For=<nil>
WARN [11-16|16:41:53.462] Served eth_call                          conn=127.0.0.1:37718 reqid=2176 duration="31.954µs" err="state histories haven't been fully indexed yet" X-Forwarded-For=<nil>
WARN [11-16|16:41:53.467] Served eth_call                          conn=127.0.0.1:37718 reqid=2179 duration="42.996µs" err="state histories haven't been fully indexed yet" X-Forwarded-For=<nil>
WARN [11-16|16:41:53.471] Served eth_call                          conn=127.0.0.1:37718 reqid=2182 duration="48.226µs" err="state histories haven't been fully indexed yet" X-Forwarded-For=<nil>
WARN [11-16|16:41:53.475] Served eth_call                          conn=127.0.0.1:37718 reqid=2185 duration="46.773µs" err="state histories haven't been fully indexed yet" X-Forwarded-For=<nil>
WARN [11-16|16:41:53.479] Served eth_call                          conn=127.0.0.1:37718 reqid=2188 duration="31.192µs" err="state histories haven't been fully indexed yet" X-Forwarded-For=<nil>
WARN [11-16|16:41:53.483] Served eth_call                          conn=127.0.0.1:37718 reqid=2191 duration="47.956µs" err="state histories haven't been fully indexed yet" X-Forwarded-For=<nil>
WARN [11-16|16:41:53.487] Served eth_call                          conn=127.0.0.1:37718 reqid=2194 duration="52.214µs" err="state histories haven't been fully indexed yet" X-Forwarded-For=<nil>
WARN [11-16|16:41:53.492] Served eth_call                          conn=127.0.0.1:37718 reqid=2197 duration="42.766µs" err="state histories haven't been fully indexed yet" X-Forwarded-For=<nil>
WARN [11-16|16:41:53.496] Served eth_call                          conn=127.0.0.1:37718 reqid=2200 duration="34.048µs" err="state histories haven't been fully indexed yet" X-Forwarded-For=<nil>
WARN [11-16|16:41:53.500] Served eth_call                          conn=127.0.0.1:37718 reqid=2203 duration="41.343µs" err="state histories haven't been fully indexed yet" X-Forwarded-For=<nil>
WARN [11-16|16:41:53.504] Served eth_call                          conn=127.0.0.1:37718 reqid=2206 duration="32.174µs" err="state histories haven't been fully indexed yet" X-Forwarded-For=<nil>
WARN [11-16|16:41:53.509] Served eth_call                          conn=127.0.0.1:37718 reqid=2209 duration="50.31µs" err="state histories haven't been fully indexed yet" X-Forwarded-For=<nil>
WARN [11-16|16:41:53.513] Served eth_call                          conn=127.0.0.1:37718 reqid=2212 duration="33.356µs" err="state histories haven't been fully indexed yet" X-Forwarded-For=<nil>
WARN [11-16|16:41:53.517] Served eth_call                          conn=127.0.0.1:37718 reqid=2215 duration="50.01µs" err="state histories haven't been fully indexed yet" X-Forwarded-For=<nil>
WARN [11-16|16:41:53.521] Served eth_call                          conn=127.0.0.1:37718 reqid=2218 duration="39.118µs" err="state histories haven't been fully indexed yet" X-Forwarded-For=<nil>
WARN [11-16|16:41:53.526] Served eth_call                          conn=127.0.0.1:37718 reqid=2221 duration="36.142µs" err="state histories haven't been fully indexed yet" X-Forwarded-For=<nil>
WARN [11-16|16:41:53.530] Served eth_call                          conn=127.0.0.1:37718 reqid=2224 duration="18.958µs" err="state histories haven't been fully indexed yet" X-Forwarded-For=<nil>
WARN [11-16|16:41:53.534] Served eth_call                          conn=127.0.0.1:37718 reqid=2227 duration="33.858µs" err="state histories haven't been fully indexed yet" X-Forwarded-For=<nil>
WARN [11-16|16:41:53.538] Served eth_call                          conn=127.0.0.1:37718 reqid=2230 duration="20.06µs" err="state histories haven't been fully indexed yet" X-Forwarded-For=<nil>
WARN [11-16|16:41:53.542] Served eth_call                          conn=127.0.0.1:37718 reqid=2233 duration="19.429µs" err="state histories haven't been fully indexed yet" X-Forwarded-For=<nil>
WARN [11-16|16:41:53.546] Served eth_call                          conn=127.0.0.1:37718 reqid=2236 duration="19.108µs" err="state histories haven't been fully indexed yet" X-Forwarded-For=<nil>
WARN [11-16|16:41:53.550] Served eth_call                          conn=127.0.0.1:37718 reqid=2239 duration="33.797µs" err="state histories haven't been fully indexed yet" X-Forwarded-For=<nil>
WARN [11-16|16:41:53.554] Served eth_call                          conn=127.0.0.1:37718 reqid=2242 duration="59.589µs" err="state histories haven't been fully indexed yet" X-Forwarded-For=<nil>
WARN [11-16|16:41:53.558] Served eth_call                          conn=127.0.0.1:37718 reqid=2245 duration="37.295µs" err="state histories haven't been fully indexed yet" X-Forwarded-For=<nil>
WARN [11-16|16:41:53.563] Served eth_call                          conn=127.0.0.1:37718 reqid=2248 duration="46.914µs" err="state histories haven't been fully indexed yet" X-Forwarded-For=<nil>
WARN [11-16|16:41:53.567] Served eth_call                          conn=127.0.0.1:37718 reqid=2251 duration="31.002µs" err="state histories haven't been fully indexed yet" X-Forwarded-For=<nil>
WARN [11-16|16:41:53.571] Served eth_call                          conn=127.0.0.1:37718 reqid=2254 duration="47.485µs" err="state histories haven't been fully indexed yet" X-Forwarded-For=<nil>
WARN [11-16|16:41:53.575] Served eth_call                          conn=127.0.0.1:37718 reqid=2257 duration="25.17µs" err="state histories haven't been fully indexed yet" X-Forwarded-For=<nil>
WARN [11-16|16:41:53.579] Served eth_call                          conn=127.0.0.1:37718 reqid=2260 duration="23.337µs" err="state histories haven't been fully indexed yet" X-Forwarded-For=<nil>
WARN [11-16|16:41:53.583] Served eth_call                          conn=127.0.0.1:37718 reqid=2263 duration="19.439µs" err="state histories haven't been fully indexed yet" X-Forwarded-For=<nil>
WARN [11-16|16:41:53.587] Served eth_call                          conn=127.0.0.1:37718 reqid=2266 duration="55.531µs" err="state histories haven't been fully indexed yet" X-Forwarded-For=<nil>
WARN [11-16|16:41:53.591] Served eth_call                          conn=127.0.0.1:37718 reqid=2269 duration="35.772µs" err="state histories haven't been fully indexed yet" X-Forwarded-For=<nil>
WARN [11-16|16:41:53.595] Served eth_call                          conn=127.0.0.1:37718 reqid=2272 duration="53.948µs" err="state histories haven't been fully indexed yet" X-Forwarded-For=<nil>
WARN [11-16|16:41:53.600] Served eth_call                          conn=127.0.0.1:37718 reqid=2275 duration="46.463µs" err="state histories haven't been fully indexed yet" X-Forwarded-For=<nil>
WARN [11-16|16:41:53.604] Served eth_call                          conn=127.0.0.1:37718 reqid=2278 duration="55.31µs" err="state histories haven't been fully indexed yet" X-Forwarded-For=<nil>
WARN [11-16|16:41:53.608] Served eth_call                          conn=127.0.0.1:37718 reqid=2281 duration="50.2µs" err="state histories haven't been fully indexed yet" X-Forwarded-For=<nil>
WARN [11-16|16:41:53.612] Served eth_call                          conn=127.0.0.1:37718 reqid=2284 duration="35.301µs" err="state histories haven't been fully indexed yet" X-Forwarded-For=<nil>
WARN [11-16|16:41:53.616] Served eth_call                          conn=127.0.0.1:37718 reqid=2287 duration="60.3µs" err="state histories haven't been fully indexed yet" X-Forwarded-For=<nil>
WARN [11-16|16:41:53.621] Served eth_call                          conn=127.0.0.1:37718 reqid=2290 duration="35.801µs" err="state histories haven't been fully indexed yet" X-Forwarded-For=<nil>
WARN [11-16|16:41:53.625] Served eth_call                          conn=127.0.0.1:37718 reqid=2293 duration="46.463µs" err="state histories haven't been fully indexed yet" X-Forwarded-For=<nil>
WARN [11-16|16:41:53.629] Served eth_call                          conn=127.0.0.1:37718 reqid=2296 duration="45.802µs" err="state histories haven't been fully indexed yet" X-Forwarded-For=<nil>
WARN [11-16|16:41:53.633] Served eth_call                          conn=127.0.0.1:37718 reqid=2299 duration="32.635µs" err="state histories haven't been fully indexed yet" X-Forwarded-For=<nil>
WARN [11-16|16:41:53.638] Served eth_call                          conn=127.0.0.1:37718 reqid=2302 duration="41.754µs" err="state histories haven't been fully indexed yet" X-Forwarded-For=<nil>
WARN [11-16|16:41:53.642] Served eth_call                          conn=127.0.0.1:37718 reqid=2305 duration="31.643µs" err="state histories haven't been fully indexed yet" X-Forwarded-For=<nil>
WARN [11-16|16:41:53.646] Served eth_call                          conn=127.0.0.1:37718 reqid=2308 duration="56.453µs" err="state histories haven't been fully indexed yet" X-Forwarded-For=<nil>
WARN [11-16|16:41:53.650] Served eth_call                          conn=127.0.0.1:37718 reqid=2311 duration="35.601µs" err="state histories haven't been fully indexed yet" X-Forwarded-For=<nil>
WARN [11-16|16:41:53.654] Served eth_call                          conn=127.0.0.1:37718 reqid=2314 duration="47.905µs" err="state histories haven't been fully indexed yet" X-Forwarded-For=<nil>
WARN [11-16|16:41:53.658] Served eth_call                          conn=127.0.0.1:37718 reqid=2317 duration="31.904µs" err="state histories haven't been fully indexed yet" X-Forwarded-For=<nil>
WARN [11-16|16:41:53.662] Served eth_call                          conn=127.0.0.1:37718 reqid=2320 duration="82.655µs" err="state histories haven't been fully indexed yet" X-Forwarded-For=<nil>
WARN [11-16|16:41:53.666] Served eth_call                          conn=127.0.0.1:37718 reqid=2323 duration="31.403µs" err="state histories haven't been fully indexed yet" X-Forwarded-For=<nil>
WARN [11-16|16:41:53.670] Served eth_call                          conn=127.0.0.1:37718 reqid=2326 duration="30.08µs" err="state histories haven't been fully indexed yet" X-Forwarded-For=<nil>
WARN [11-16|16:41:53.674] Served eth_call                          conn=127.0.0.1:37718 reqid=2329 duration="30.17µs" err="state histories haven't been fully indexed yet" X-Forwarded-For=<nil>
WARN [11-16|16:41:53.678] Served eth_call                          conn=127.0.0.1:37718 reqid=2332 duration="30.692µs" err="state histories haven't been fully indexed yet" X-Forwarded-For=<nil>
WARN [11-16|16:41:53.682] Served eth_call                          conn=127.0.0.1:37718 reqid=2335 duration="51.433µs" err="state histories haven't been fully indexed yet" X-Forwarded-For=<nil>
WARN [11-16|16:41:53.686] Served eth_call                          conn=127.0.0.1:37718 reqid=2338 duration="30.561µs" err="state histories haven't been fully indexed yet" X-Forwarded-For=<nil>
WARN [11-16|16:41:53.690] Served eth_call                          conn=127.0.0.1:37718 reqid=2341 duration="20.16µs" err="state histories haven't been fully indexed yet" X-Forwarded-For=<nil>
WARN [11-16|16:41:53.695] Served eth_call                          conn=127.0.0.1:37718 reqid=2344 duration="19.669µs" err="state histories haven't been fully indexed yet" X-Forwarded-For=<nil>
WARN [11-16|16:41:53.699] Served eth_call                          conn=127.0.0.1:37718 reqid=2347 duration="34.81µs" err="state histories haven't been fully indexed yet" X-Forwarded-For=<nil>
WARN [11-16|16:41:53.703] Served eth_call                          conn=127.0.0.1:37718 reqid=2350 duration="31.633µs" err="state histories haven't been fully indexed yet" X-Forwarded-For=<nil>
WARN [11-16|16:41:53.707] Served eth_call                          conn=127.0.0.1:37718 reqid=2353 duration="31.743µs" err="state histories haven't been fully indexed yet" X-Forwarded-For=<nil>
WARN [11-16|16:41:53.711] Served eth_call                          conn=127.0.0.1:37718 reqid=2356 duration="31.934µs" err="state histories haven't been fully indexed yet" X-Forwarded-For=<nil>
WARN [11-16|16:41:53.715] Served eth_call                          conn=127.0.0.1:37718 reqid=2359 duration="44.118µs" err="state histories haven't been fully indexed yet" X-Forwarded-For=<nil>
WARN [11-16|16:41:53.719] Served eth_call                          conn=127.0.0.1:37718 reqid=2362 duration="19.018µs" err="state histories haven't been fully indexed yet" X-Forwarded-For=<nil>
WARN [11-16|16:41:53.723] Served eth_call                          conn=127.0.0.1:37718 reqid=2365 duration="53.647µs" err="state histories haven't been fully indexed yet" X-Forwarded-For=<nil>
WARN [11-16|16:41:53.727] Served eth_call                          conn=127.0.0.1:37718 reqid=2368 duration="42.876µs" err="state histories haven't been fully indexed yet" X-Forwarded-For=<nil>
WARN [11-16|16:41:53.731] Served eth_call                          conn=127.0.0.1:37718 reqid=2371 duration="31.272µs" err="state histories haven't been fully indexed yet" X-Forwarded-For=<nil>
WARN [11-16|16:41:53.735] Served eth_call                          conn=127.0.0.1:37718 reqid=2374 duration="41.543µs" err="state histories haven't been fully indexed yet" X-Forwarded-For=<nil>
WARN [11-16|16:41:53.739] Served eth_call                          conn=127.0.0.1:37718 reqid=2377 duration="30.29µs" err="state histories haven't been fully indexed yet" X-Forwarded-For=<nil>
WARN [11-16|16:41:53.743] Served eth_call                          conn=127.0.0.1:37718 reqid=2380 duration="41.432µs" err="state histories haven't been fully indexed yet" X-Forwarded-For=<nil>
WARN [11-16|16:41:53.747] Served eth_call                          conn=127.0.0.1:37718 reqid=2383 duration="26.212µs" err="state histories haven't been fully indexed yet" X-Forwarded-For=<nil>
WARN [11-16|16:41:53.751] Served eth_call                          conn=127.0.0.1:37718 reqid=2386 duration="33.046µs" err="state histories haven't been fully indexed yet" X-Forwarded-For=<nil>
WARN [11-16|16:41:53.755] Served eth_call                          conn=127.0.0.1:37718 reqid=2389 duration="32.755µs" err="state histories haven't been fully indexed yet" X-Forwarded-For=<nil>
WARN [11-16|16:41:53.759] Served eth_call                          conn=127.0.0.1:37718 reqid=2392 duration="38.016µs" err="state histories haven't been fully indexed yet" X-Forwarded-For=<nil>
WARN [11-16|16:41:53.763] Served eth_call                          conn=127.0.0.1:37718 reqid=2395 duration="38.737µs" err="state histories haven't been fully indexed yet" X-Forwarded-For=<nil>
WARN [11-16|16:41:53.767] Served eth_call                          conn=127.0.0.1:37718 reqid=2398 duration="31.412µs" err="state histories haven't been fully indexed yet" X-Forwarded-For=<nil>
WARN [11-16|16:41:53.771] Served eth_call                          conn=127.0.0.1:37718 reqid=2401 duration="32.425µs" err="state histories haven't been fully indexed yet" X-Forwarded-For=<nil>
WARN [11-16|16:41:53.775] Served eth_call                          conn=127.0.0.1:37718 reqid=2404 duration="42.856µs" err="state histories haven't been fully indexed yet" X-Forwarded-For=<nil>
WARN [11-16|16:41:53.780] Served eth_call                          conn=127.0.0.1:37718 reqid=2407 duration="34.269µs" err="state histories haven't been fully indexed yet" X-Forwarded-For=<nil>
WARN [11-16|16:41:53.784] Served eth_call                          conn=127.0.0.1:37718 reqid=2410 duration="18.547µs" err="state histories haven't been fully indexed yet" X-Forwarded-For=<nil>
WARN [11-16|16:41:53.788] Served eth_call                          conn=127.0.0.1:37718 reqid=2413 duration="37.444µs" err="state histories haven't been fully indexed yet" X-Forwarded-For=<nil>
WARN [11-16|16:41:53.792] Served eth_call                          conn=127.0.0.1:37718 reqid=2416 duration="41.563µs" err="state histories haven't been fully indexed yet" X-Forwarded-For=<nil>
WARN [11-16|16:41:53.796] Served eth_call                          conn=127.0.0.1:37718 reqid=2419 duration="20.992µs" err="state histories haven't been fully indexed yet" X-Forwarded-For=<nil>
WARN [11-16|16:41:53.800] Served eth_call                          conn=127.0.0.1:37718 reqid=2422 duration="18.477µs" err="state histories haven't been fully indexed yet" X-Forwarded-For=<nil>
WARN [11-16|16:41:53.804] Served eth_call                          conn=127.0.0.1:37718 reqid=2425 duration="18.236µs" err="state histories haven't been fully indexed yet" X-Forwarded-For=<nil>
WARN [11-16|16:41:53.808] Served eth_call                          conn=127.0.0.1:37718 reqid=2428 duration="23.287µs" err="state histories haven't been fully indexed yet" X-Forwarded-For=<nil>
WARN [11-16|16:41:53.812] Served eth_call                          conn=127.0.0.1:37718 reqid=2431 duration="37.084µs" err="state histories haven't been fully indexed yet" X-Forwarded-For=<nil>
WARN [11-16|16:41:53.816] Served eth_call                          conn=127.0.0.1:37718 reqid=2434 duration="18.968µs" err="state histories haven't been fully indexed yet" X-Forwarded-For=<nil>
WARN [11-16|16:41:53.820] Served eth_call                          conn=127.0.0.1:37718 reqid=2437 duration="25.18µs" err="state histories haven't been fully indexed yet" X-Forwarded-For=<nil>
WARN [11-16|16:41:53.824] Served eth_call                          conn=127.0.0.1:37718 reqid=2440 duration="29.278µs" err="state histories haven't been fully indexed yet" X-Forwarded-For=<nil>
WARN [11-16|16:41:53.828] Served eth_call                          conn=127.0.0.1:37718 reqid=2443 duration="18.457µs" err="state histories haven't been fully indexed yet" X-Forwarded-For=<nil>
WARN [11-16|16:41:53.832] Served eth_call                          conn=127.0.0.1:37718 reqid=2446 duration="35.36µs" err="state histories haven't been fully indexed yet" X-Forwarded-For=<nil>
WARN [11-16|16:41:53.836] Served eth_call                          conn=127.0.0.1:37718 reqid=2449 duration="23.748µs" err="state histories haven't been fully indexed yet" X-Forwarded-For=<nil>
WARN [11-16|16:41:53.840] Served eth_call                          conn=127.0.0.1:37718 reqid=2452 duration="39.118µs" err="state histories haven't been fully indexed yet" X-Forwarded-For=<nil>
WARN [11-16|16:41:53.844] Served eth_call                          conn=127.0.0.1:37718 reqid=2455 duration="19.589µs" err="state histories haven't been fully indexed yet" X-Forwarded-For=<nil>
WARN [11-16|16:41:53.848] Served eth_call                          conn=127.0.0.1:37718 reqid=2458 duration="20.07µs" err="state histories haven't been fully indexed yet" X-Forwarded-For=<nil>
WARN [11-16|16:41:53.852] Served eth_call                          conn=127.0.0.1:37718 reqid=2461 duration="53.807µs" err="state histories haven't been fully indexed yet" X-Forwarded-For=<nil>
WARN [11-16|16:41:53.856] Served eth_call                          conn=127.0.0.1:37718 reqid=2464 duration="42.765µs" err="state histories haven't been fully indexed yet" X-Forwarded-For=<nil>
WARN [11-16|16:41:53.860] Served eth_call                          conn=127.0.0.1:37718 reqid=2467 duration="27.455µs" err="state histories haven't been fully indexed yet" X-Forwarded-For=<nil>
WARN [11-16|16:41:53.865] Served eth_call                          conn=127.0.0.1:37718 reqid=2470 duration="40.04µs" err="state histories haven't been fully indexed yet" X-Forwarded-For=<nil>
WARN [11-16|16:41:53.869] Served eth_call                          conn=127.0.0.1:37718 reqid=2473 duration="37.184µs" err="state histories haven't been fully indexed yet" X-Forwarded-For=<nil>
WARN [11-16|16:41:53.873] Served eth_call                          conn=127.0.0.1:37718 reqid=2476 duration="18.858µs" err="state histories haven't been fully indexed yet" X-Forwarded-For=<nil>
WARN [11-16|16:41:53.877] Served eth_call                          conn=127.0.0.1:37718 reqid=2479 duration="62.315µs" err="state histories haven't been fully indexed yet" X-Forwarded-For=<nil>
WARN [11-16|16:41:53.881] Served eth_call                          conn=127.0.0.1:37718 reqid=2482 duration="102.405µs" err="state histories haven't been fully indexed yet" X-Forwarded-For=<nil>
WARN [11-16|16:41:53.885] Served eth_call                          conn=127.0.0.1:37718 reqid=2485 duration="19.109µs" err="state histories haven't been fully indexed yet" X-Forwarded-For=<nil>
WARN [11-16|16:41:53.889] Served eth_call                          conn=127.0.0.1:37718 reqid=2488 duration="37.425µs" err="state histories haven't been fully indexed yet" X-Forwarded-For=<nil>
INFO [11-16|16:41:53.891] Looking for peers                        peercount=2 tried=4 static=0
WARN [11-16|16:41:53.894] Served eth_call                          conn=127.0.0.1:37718 reqid=2491 duration="38.417µs" err="state histories haven't been fully indexed yet" X-Forwarded-For=<nil>
WARN [11-16|16:41:53.898] Served eth_call                          conn=127.0.0.1:37718 reqid=2494 duration="40.02µs" err="state histories haven't been fully indexed yet" X-Forwarded-For=<nil>
WARN [11-16|16:41:53.902] Served eth_call                          conn=127.0.0.1:37718 reqid=2497 duration="36.052µs" err="state histories haven't been fully indexed yet" X-Forwarded-For=<nil>
WARN [11-16|16:41:53.907] Served eth_call                          conn=127.0.0.1:37718 reqid=2500 duration="35.551µs" err="state histories haven't been fully indexed yet" X-Forwarded-For=<nil>
WARN [11-16|16:41:53.911] Served eth_call                          conn=127.0.0.1:37718 reqid=2503 duration="36.242µs" err="state histories haven't been fully indexed yet" X-Forwarded-For=<nil>
WARN [11-16|16:41:53.915] Served eth_call                          conn=127.0.0.1:37718 reqid=2506 duration="47.114µs" err="state histories haven't been fully indexed yet" X-Forwarded-For=<nil>
WARN [11-16|16:41:53.919] Served eth_call                          conn=127.0.0.1:37718 reqid=2509 duration="36.964µs" err="state histories haven't been fully indexed yet" X-Forwarded-For=<nil>
WARN [11-16|16:41:53.923] Served eth_call                          conn=127.0.0.1:37718 reqid=2512 duration="40.15µs" err="state histories haven't been fully indexed yet" X-Forwarded-For=<nil>
WARN [11-16|16:41:53.928] Served eth_call                          conn=127.0.0.1:37718 reqid=2515 duration="37.194µs" err="state histories haven't been fully indexed yet" X-Forwarded-For=<nil>
WARN [11-16|16:41:53.932] Served eth_call                          conn=127.0.0.1:37718 reqid=2518 duration="33.476µs" err="state histories haven't been fully indexed yet" X-Forwarded-For=<nil>
WARN [11-16|16:41:53.936] Served eth_call                          conn=127.0.0.1:37718 reqid=2521 duration="43.797µs" err="state histories haven't been fully indexed yet" X-Forwarded-For=<nil>
WARN [11-16|16:41:53.940] Served eth_call                          conn=127.0.0.1:37718 reqid=2524 duration="31.793µs" err="state histories haven't been fully indexed yet" X-Forwarded-For=<nil>
WARN [11-16|16:41:53.944] Served eth_call                          conn=127.0.0.1:37718 reqid=2527 duration="32.515µs" err="state histories haven't been fully indexed yet" X-Forwarded-For=<nil>
WARN [11-16|16:41:53.949] Served eth_call                          conn=127.0.0.1:37718 reqid=2530 duration="43.928µs" err="state histories haven't been fully indexed yet" X-Forwarded-For=<nil>
WARN [11-16|16:41:53.953] Served eth_call                          conn=127.0.0.1:37718 reqid=2533 duration="40.361µs" err="state histories haven't been fully indexed yet" X-Forwarded-For=<nil>
WARN [11-16|16:41:53.957] Served eth_call                          conn=127.0.0.1:37718 reqid=2536 duration="43.407µs" err="state histories haven't been fully indexed yet" X-Forwarded-For=<nil>
WARN [11-16|16:41:53.961] Served eth_call                          conn=127.0.0.1:37718 reqid=2539 duration="48.327µs" err="state histories haven't been fully indexed yet" X-Forwarded-For=<nil>
WARN [11-16|16:41:53.965] Served eth_call                          conn=127.0.0.1:37718 reqid=2542 duration="30.681µs" err="state histories haven't been fully indexed yet" X-Forwarded-For=<nil>
WARN [11-16|16:41:53.970] Served eth_call                          conn=127.0.0.1:37718 reqid=2545 duration="38.277µs" err="state histories haven't been fully indexed yet" X-Forwarded-For=<nil>
WARN [11-16|16:41:53.974] Served eth_call                          conn=127.0.0.1:37718 reqid=2548 duration="41.904µs" err="state histories haven't been fully indexed yet" X-Forwarded-For=<nil>
WARN [11-16|16:41:53.978] Served eth_call                          conn=127.0.0.1:37718 reqid=2551 duration="34.759µs" err="state histories haven't been fully indexed yet" X-Forwarded-For=<nil>
WARN [11-16|16:41:53.982] Served eth_call                          conn=127.0.0.1:37718 reqid=2554 duration="36.973µs" err="state histories haven't been fully indexed yet" X-Forwarded-For=<nil>
WARN [11-16|16:41:53.986] Served eth_call                          conn=127.0.0.1:37718 reqid=2557 duration="36.654µs" err="state histories haven't been fully indexed yet" X-Forwarded-For=<nil>
WARN [11-16|16:41:53.991] Served eth_call                          conn=127.0.0.1:37718 reqid=2560 duration="42.525µs" err="state histories haven't been fully indexed yet" X-Forwarded-For=<nil>
WARN [11-16|16:41:53.995] Served eth_call                          conn=127.0.0.1:37718 reqid=2563 duration="35.731µs" err="state histories haven't been fully indexed yet" X-Forwarded-For=<nil>
WARN [11-16|16:41:53.999] Served eth_call                          conn=127.0.0.1:37718 reqid=2566 duration="40.601µs" err="state histories haven't been fully indexed yet" X-Forwarded-For=<nil>
WARN [11-16|16:41:54.003] Served eth_call                          conn=127.0.0.1:37718 reqid=2569 duration="50.12µs" err="state histories haven't been fully indexed yet" X-Forwarded-For=<nil>
WARN [11-16|16:41:54.007] Served eth_call                          conn=127.0.0.1:37718 reqid=2572 duration="49.529µs" err="state histories haven't been fully indexed yet" X-Forwarded-For=<nil>
WARN [11-16|16:41:54.012] Served eth_call                          conn=127.0.0.1:37718 reqid=2575 duration="34.8µs" err="state histories haven't been fully indexed yet" X-Forwarded-For=<nil>
WARN [11-16|16:41:54.016] Served eth_call                          conn=127.0.0.1:37718 reqid=2578 duration="34.78µs" err="state histories haven't been fully indexed yet" X-Forwarded-For=<nil>
WARN [11-16|16:41:54.020] Served eth_call                          conn=127.0.0.1:37718 reqid=2581 duration="42.134µs" err="state histories haven't been fully indexed yet" X-Forwarded-For=<nil>
WARN [11-16|16:41:54.024] Served eth_call                          conn=127.0.0.1:37718 reqid=2584 duration="42.735µs" err="state histories haven't been fully indexed yet" X-Forwarded-For=<nil>
WARN [11-16|16:41:54.029] Served eth_call                          conn=127.0.0.1:37718 reqid=2587 duration="73.757µs" err="state histories haven't been fully indexed yet" X-Forwarded-For=<nil>
WARN [11-16|16:41:54.033] Served eth_call                          conn=127.0.0.1:37718 reqid=2590 duration="37.474µs" err="state histories haven't been fully indexed yet" X-Forwarded-For=<nil>
WARN [11-16|16:41:54.037] Served eth_call                          conn=127.0.0.1:37718 reqid=2593 duration="70.812µs" err="state histories haven't been fully indexed yet" X-Forwarded-For=<nil>
WARN [11-16|16:41:54.042] Served eth_call                          conn=127.0.0.1:37718 reqid=2596 duration="50µs" err="state histories haven't been fully indexed yet" X-Forwarded-For=<nil>
WARN [11-16|16:41:54.046] Served eth_call                          conn=127.0.0.1:37718 reqid=2599 duration="36.253µs" err="state histories haven't been fully indexed yet" X-Forwarded-For=<nil>
WARN [11-16|16:41:54.050] Served eth_call                          conn=127.0.0.1:37718 reqid=2602 duration="37.966µs" err="state histories haven't been fully indexed yet" X-Forwarded-For=<nil>
WARN [11-16|16:41:54.054] Served eth_call                          conn=127.0.0.1:37718 reqid=2605 duration="36.784µs" err="state histories haven't been fully indexed yet" X-Forwarded-For=<nil>
WARN [11-16|16:41:54.058] Served eth_call                          conn=127.0.0.1:37718 reqid=2608 duration="33.697µs" err="state histories haven't been fully indexed yet" X-Forwarded-For=<nil>
WARN [11-16|16:41:54.063] Served eth_call                          conn=127.0.0.1:37718 reqid=2611 duration="36.302µs" err="state histories haven't been fully indexed yet" X-Forwarded-For=<nil>
WARN [11-16|16:41:54.067] Served eth_call                          conn=127.0.0.1:37718 reqid=2614 duration="36.633µs" err="state histories haven't been fully indexed yet" X-Forwarded-For=<nil>
WARN [11-16|16:41:54.071] Served eth_call                          conn=127.0.0.1:37718 reqid=2617 duration="35.721µs" err="state histories haven't been fully indexed yet" X-Forwarded-For=<nil>
WARN [11-16|16:41:54.076] Served eth_call                          conn=127.0.0.1:37718 reqid=2620 duration="42.805µs" err="state histories haven't been fully indexed yet" X-Forwarded-For=<nil>
WARN [11-16|16:41:54.080] Served eth_call                          conn=127.0.0.1:37718 reqid=2623 duration="41.022µs" err="state histories haven't been fully indexed yet" X-Forwarded-For=<nil>
WARN [11-16|16:41:54.084] Served eth_call                          conn=127.0.0.1:37718 reqid=2626 duration="39.709µs" err="state histories haven't been fully indexed yet" X-Forwarded-For=<nil>
WARN [11-16|16:41:54.088] Served eth_call                          conn=127.0.0.1:37718 reqid=2629 duration="42.435µs" err="state histories haven't been fully indexed yet" X-Forwarded-For=<nil>
WARN [11-16|16:41:54.093] Served eth_call                          conn=127.0.0.1:37718 reqid=2632 duration="40.861µs" err="state histories haven't been fully indexed yet" X-Forwarded-For=<nil>
WARN [11-16|16:41:54.097] Served eth_call                          conn=127.0.0.1:37718 reqid=2635 duration="47.385µs" err="state histories haven't been fully indexed yet" X-Forwarded-For=<nil>
WARN [11-16|16:41:54.101] Served eth_call                          conn=127.0.0.1:37718 reqid=2638 duration="34.88µs" err="state histories haven't been fully indexed yet" X-Forwarded-For=<nil>
WARN [11-16|16:41:54.105] Served eth_call                          conn=127.0.0.1:37718 reqid=2641 duration="56.914µs" err="state histories haven't been fully indexed yet" X-Forwarded-For=<nil>
WARN [11-16|16:41:54.109] Served eth_call                          conn=127.0.0.1:37718 reqid=2644 duration="37.715µs" err="state histories haven't been fully indexed yet" X-Forwarded-For=<nil>
WARN [11-16|16:41:54.114] Served eth_call                          conn=127.0.0.1:37718 reqid=2647 duration="33.858µs" err="state histories haven't been fully indexed yet" X-Forwarded-For=<nil>
WARN [11-16|16:41:54.118] Served eth_call                          conn=127.0.0.1:37718 reqid=2650 duration="45.2µs" err="state histories haven't been fully indexed yet" X-Forwarded-For=<nil>
WARN [11-16|16:41:54.122] Served eth_call                          conn=127.0.0.1:37718 reqid=2653 duration="51.223µs" err="state histories haven't been fully indexed yet" X-Forwarded-For=<nil>
WARN [11-16|16:41:54.126] Served eth_call                          conn=127.0.0.1:37718 reqid=2656 duration="33.697µs" err="state histories haven't been fully indexed yet" X-Forwarded-For=<nil>
WARN [11-16|16:41:54.131] Served eth_call                          conn=127.0.0.1:37718 reqid=2659 duration="32.135µs" err="state histories haven't been fully indexed yet" X-Forwarded-For=<nil>
WARN [11-16|16:41:54.135] Served eth_call                          conn=127.0.0.1:37718 reqid=2662 duration="43.868µs" err="state histories haven't been fully indexed yet" X-Forwarded-For=<nil>
WARN [11-16|16:41:54.139] Served eth_call                          conn=127.0.0.1:37718 reqid=2665 duration="43.887µs" err="state histories haven't been fully indexed yet" X-Forwarded-For=<nil>
WARN [11-16|16:41:54.143] Served eth_call                          conn=127.0.0.1:37718 reqid=2668 duration="43.367µs" err="state histories haven't been fully indexed yet" X-Forwarded-For=<nil>
WARN [11-16|16:41:54.148] Served eth_call                          conn=127.0.0.1:37718 reqid=2671 duration="36.843µs" err="state histories haven't been fully indexed yet" X-Forwarded-For=<nil>
WARN [11-16|16:41:54.152] Served eth_call                          conn=127.0.0.1:37718 reqid=2674 duration="62.605µs" err="state histories haven't been fully indexed yet" X-Forwarded-For=<nil>
WARN [11-16|16:41:54.156] Served eth_call                          conn=127.0.0.1:37718 reqid=2677 duration="35.01µs" err="state histories haven't been fully indexed yet" X-Forwarded-For=<nil>
WARN [11-16|16:41:54.160] Served eth_call                          conn=127.0.0.1:37718 reqid=2680 duration="34.579µs" err="state histories haven't been fully indexed yet" X-Forwarded-For=<nil>
WARN [11-16|16:41:54.165] Served eth_call                          conn=127.0.0.1:37718 reqid=2683 duration="33.818µs" err="state histories haven't been fully indexed yet" X-Forwarded-For=<nil>
WARN [11-16|16:41:54.169] Served eth_call                          conn=127.0.0.1:37718 reqid=2686 duration="56.412µs" err="state histories haven't been fully indexed yet" X-Forwarded-For=<nil>
INFO [11-16|16:42:05.738] Looking for peers                        peercount=2 tried=4 static=0
INFO [11-16|16:42:17.569] Looking for peers                        peercount=2 tried=4 static=0
WARN [11-16|16:42:21.468] Synchronisation failed, dropping peer    peer=e9a3341d24be1bf627b316be25c5d8d4c1c97b27f8efb6eac506c4d9def423fa name=Geth/v1.5.13-1b75648... td=136,234,835 err=timeout
INFO [11-16|16:42:27.646] Looking for peers                        peercount=2 tried=5 static=0
ERROR[11-16|16:42:31.469] Reject duplicated disable operation
WARN [11-16|16:42:31.765] Multiple headers for single request      peer=74f5c09d headers=0
WARN [11-16|16:42:31.765] Synchronisation failed, dropping peer    peer=74f5c09df4c007305baad9a64fade7dd58a0e9105512223b533ce43da587f348 name=Geth/v1.5.19-19e571e... td=136,235,015 err="action from bad peer ignored: multiple headers (0) for single request"
INFO [11-16|16:42:37.654] Looking for peers                        peercount=2 tried=6 static=0
ERROR[11-16|16:42:41.766] Reject duplicated disable operation
WARN [11-16|16:42:42.088] Multiple headers for single request      peer=665c960e headers=0
WARN [11-16|16:42:42.088] Synchronisation failed, dropping peer    peer=665c960e70f92011c7737535ae7fabd86394c8e77d109b983b7a3564df8560f6 name=Geth/v1.5.19-e7b198c... td=136,235,031 err="action from bad peer ignored: multiple headers (0) for single request"
INFO [11-16|16:42:48.081] Looking for peers                        peercount=1 tried=5 static=0
ERROR[11-16|16:42:52.088] Reject duplicated disable operation
WARN [11-16|16:42:52.408] Multiple headers for single request      peer=476eb2dc headers=0
WARN [11-16|16:42:52.408] Synchronisation failed, dropping peer    peer=476eb2dc9cd124a85ed23ac7a0aa8844f534c789bf3efa9ec1e72fdf6bb23e1e name=Geth/v1.4.15-ec318b9... td=94,657,602  err="action from bad peer ignored: multiple headers (0) for single request"
INFO [11-16|16:43:01.113] Looking for peers                        peercount=0 tried=8 static=0
ERROR[11-16|16:43:06.548] Reject duplicated disable operation
WARN [11-16|16:43:06.548] Synchronisation failed, retrying         peer=d41d0da098489224deeb3aab512a656e424472e4735b54af5a591a0221454ff3 err="peer is unknown or unhealthy"
INFO [11-16|16:43:11.802] Looking for peers                        peercount=0 tried=7 static=0
ERROR[11-16|16:43:20.574] Reject duplicated disable operation
WARN [11-16|16:43:20.575] Synchronisation failed, retrying         peer=fc3c59d7d90b15b3a793cebb3de6226a2c029603269e733f848cc01a431aa6c9 err="peer is unknown or unhealthy"
INFO [11-16|16:43:21.824] Looking for peers                        peercount=0 tried=2 static=0
ERROR[11-16|16:43:30.575] Reject duplicated disable operation
INFO [11-16|16:43:32.163] Looking for peers                        peercount=1 tried=6 static=0
WARN [11-16|16:44:30.576] Synchronisation failed, dropping peer    peer=756dc31387492ca7dac89ddbbad141280618d0ea56436948613f061b1bce35ed name=Geth/v1.6.3-90d4e8e8... td=136,235,159 err=timeout
ERROR[11-16|16:44:30.576] Reject duplicated disable operation
INFO [11-16|16:44:33.236] Syncing: state download in progress      synced=7.40% state=72.16GiB       accounts=50,183,373@8.32GiB slots=298,295,079@61.49GiB codes=315,145@2.35GiB eta=-77.759ms
ERROR[11-16|16:44:39.684] Bsc extension Handshake failed           peer=d8130fa3 err=EOF
INFO [11-16|16:44:41.275] Syncing: state download in progress      synced=7.45% state=72.40GiB       accounts=50,435,456@8.37GiB slots=299,156,995@61.67GiB codes=317,009@2.37GiB eta=-8.116s
INFO [11-16|16:44:49.301] Syncing: state download in progress      synced=7.50% state=72.68GiB       accounts=50,714,226@8.43GiB slots=300,146,316@61.87GiB codes=318,987@2.38GiB eta=-16.142s
INFO [11-16|16:44:57.322] Syncing: state download in progress      synced=7.54% state=73.04GiB       accounts=50,939,278@8.47GiB slots=301,587,235@62.17GiB codes=320,662@2.39GiB eta=-24.163s
INFO [11-16|16:45:05.361] Syncing: state download in progress      synced=7.60% state=73.38GiB       accounts=51,261,160@8.54GiB slots=302,853,486@62.44GiB codes=322,891@2.41GiB eta=-32.201s
INFO [11-16|16:45:13.383] Syncing: state download in progress      synced=7.66% state=73.77GiB       accounts=51,593,336@8.61GiB slots=304,303,905@62.73GiB codes=325,270@2.43GiB eta=-40.224s
INFO [11-16|16:45:33.415] Syncing: chain download in progress      synced=8.53% chain=40.18GiB headers=5,837,023@2.90GiB bodies=5,837,023@20.19GiB receipts=5,837,023@17.08GiB eta=343159h1m29.130s
WARN [11-16|16:45:37.786] Pivot seemingly stale, moving            old=68,408,958 new=68,409,022
INFO [11-16|16:45:38.120] Syncing: state download in progress      synced=7.68% state=73.99GiB       accounts=51,689,880@8.63GiB slots=305,270,649@62.93GiB codes=326,090@2.44GiB eta=-1m4.961s
INFO [11-16|16:45:41.936] Syncing: chain download in progress      synced=8.55% chain=40.44GiB headers=5,847,733@2.91GiB bodies=5,847,733@20.34GiB receipts=5,847,733@17.19GiB eta=109h54m12.731s
INFO [11-16|16:45:46.149] Syncing: state download in progress      synced=7.72% state=74.26GiB       accounts=52,062,080@8.67GiB slots=306,317,856@63.15GiB codes=327,422@2.45GiB eta=-1m12.990s
INFO [11-16|16:45:50.536] Syncing: chain download in progress      synced=8.55% chain=40.53GiB headers=5,850,805@2.91GiB bodies=5,850,805@20.39GiB receipts=5,850,805@17.23GiB eta=96h14m53.511s
INFO [11-16|16:45:54.175] Syncing: state download in progress      synced=7.76% state=74.58GiB       accounts=52,308,707@8.72GiB slots=307,522,933@63.40GiB codes=329,356@2.46GiB eta=15m50.829s
INFO [11-16|16:45:58.876] Syncing: chain download in progress      synced=8.56% chain=40.68GiB headers=5,856,932@2.92GiB bodies=5,856,932@20.47GiB receipts=5,856,932@17.29GiB eta=73h54m10.302s
INFO [11-16|16:46:02.185] Syncing: state download in progress      synced=7.78% state=74.96GiB       accounts=52,437,525@8.75GiB slots=309,214,411@63.75GiB codes=330,278@2.47GiB eta=15m44.931s
INFO [11-16|16:46:07.443] Syncing: chain download in progress      synced=8.57% chain=40.82GiB headers=5,863,249@2.92GiB bodies=5,863,249@20.55GiB receipts=5,863,249@17.35GiB eta=61h46m22.559s
INFO [11-16|16:46:15.976] Syncing: chain download in progress      synced=8.58% chain=40.98GiB headers=5,870,825@2.92GiB bodies=5,870,825@20.64GiB receipts=5,870,825@17.42GiB eta=52h18m29.577s
WARN [11-16|16:46:18.721] Pivot seemingly stale, moving            old=68,409,022 new=68,409,086
INFO [11-16|16:46:18.842] Syncing: state download in progress      synced=7.80% state=75.12GiB       accounts=52,512,600@8.76GiB slots=309,900,222@63.88GiB codes=330,740@2.47GiB eta=15m28.603s
INFO [11-16|16:46:24.253] Syncing: chain download in progress      synced=8.59% chain=41.11GiB headers=5,875,615@2.93GiB bodies=5,875,615@20.71GiB receipts=5,875,615@17.47GiB eta=49h32m16.829s
INFO [11-16|16:46:26.846] Syncing: state download in progress      synced=7.83% state=75.41GiB       accounts=52,826,143@8.79GiB slots=311,031,839@64.14GiB codes=331,827@2.48GiB eta=15m20.972s
INFO [11-16|16:46:32.587] Syncing: chain download in progress      synced=8.59% chain=41.21GiB headers=5,879,132@2.93GiB bodies=5,879,132@20.77GiB receipts=5,879,132@17.51GiB eta=48h50m9.343s
INFO [11-16|16:46:34.849] Syncing: state download in progress      synced=7.87% state=75.73GiB       accounts=53,094,051@8.85GiB slots=312,247,799@64.39GiB codes=333,886@2.49GiB eta=15m10.945s
INFO [11-16|16:46:40.760] Syncing: chain download in progress      synced=8.60% chain=41.37GiB headers=5,885,466@2.93GiB bodies=5,885,466@20.86GiB receipts=5,885,466@17.58GiB eta=45h22m35.712s
INFO [11-16|16:46:42.860] Syncing: state download in progress      synced=7.92% state=76.07GiB       accounts=53,340,387@8.90GiB slots=313,457,886@64.66GiB codes=335,632@2.51GiB eta=15m1.587s
INFO [11-16|16:46:49.266] Syncing: chain download in progress      synced=8.61% chain=41.49GiB headers=5,890,768@2.94GiB bodies=5,890,768@20.92GiB receipts=5,890,768@17.63GiB eta=43h38m42.412s
INFO [11-16|16:46:50.874] Syncing: state download in progress      synced=7.96% state=76.39GiB       accounts=53,544,243@8.94GiB slots=314,748,052@64.93GiB codes=337,187@2.52GiB eta=14m53.115s
INFO [11-16|16:46:57.618] Syncing: chain download in progress      synced=8.62% chain=41.61GiB headers=5,896,308@2.94GiB bodies=5,896,308@20.99GiB receipts=5,896,308@17.68GiB eta=42h0m34.788s
WARN [11-16|16:46:59.749] Pivot seemingly stale, moving            old=68,409,086 new=68,409,150
INFO [11-16|16:46:59.917] Syncing: state download in progress      synced=7.97% state=76.50GiB       accounts=53,630,010@8.96GiB slots=315,190,433@65.02GiB codes=337,788@2.52GiB eta=14m43.569s
INFO [11-16|16:47:06.491] Syncing: chain download in progress      synced=8.63% chain=41.77GiB headers=5,902,305@2.94GiB bodies=5,902,305@21.08GiB receipts=5,902,305@17.75GiB eta=40h30m25.219s
INFO [11-16|16:47:07.920] Syncing: state download in progress      synced=8.01% state=76.79GiB       accounts=53,985,657@9.00GiB slots=316,391,503@65.26GiB codes=338,998@2.53GiB eta=14m35.188s
INFO [11-16|16:47:15.261] Syncing: chain download in progress      synced=8.63% chain=41.92GiB headers=5,906,945@2.94GiB bodies=5,906,945@21.16GiB receipts=5,906,945@17.81GiB eta=39h59m36.829s
INFO [11-16|16:47:15.946] Syncing: state download in progress      synced=8.05% state=77.09GiB       accounts=54,221,433@9.04GiB slots=317,547,899@65.50GiB codes=340,650@2.55GiB eta=14m25.598s
INFO [11-16|16:47:23.474] Syncing: chain download in progress      synced=8.64% chain=42.09GiB headers=5,912,598@2.95GiB bodies=5,912,598@21.26GiB receipts=5,912,598@17.88GiB eta=38h53m7.276s
INFO [11-16|16:47:23.960] Syncing: state download in progress      synced=8.11% state=77.37GiB       accounts=54,557,967@9.11GiB slots=318,492,482@65.69GiB codes=343,132@2.57GiB eta=31m17.941s
INFO [11-16|16:47:31.918] Syncing: chain download in progress      synced=8.65% chain=42.22GiB headers=5,917,518@2.95GiB bodies=5,917,518@21.33GiB receipts=5,917,518@17.94GiB eta=38h19m36.399s
INFO [11-16|16:47:31.973] Syncing: state download in progress      synced=8.15% state=77.71GiB       accounts=54,783,247@9.16GiB slots=319,805,268@65.97GiB codes=344,827@2.58GiB eta=31m8.394s
ERROR[11-16|16:47:36.365] Pending request exists for joining peer  peer=59c539e4
WARN [11-16|16:47:36.785] Pivot seemingly stale, moving            old=68,409,150 new=68,409,214
INFO [11-16|16:47:36.998] Syncing: state download in progress      synced=8.18% state=77.91GiB       accounts=54,943,940@9.19GiB slots=320,538,092@66.13GiB codes=346,189@2.59GiB eta=31m1.280s
WARN [11-16|16:47:37.005] Unexpected storage ranges packet         peer=f232b5d3 reqid=871,704,799,390,822,018
WARN [11-16|16:47:37.011] Unexpected storage ranges packet         peer=21993ae4 reqid=2,894,542,877,691,486,945
WARN [11-16|16:47:37.035] Unexpected storage ranges packet         peer=4c6d7664 reqid=7,218,034,684,453,523,014
WARN [11-16|16:47:37.035] Unexpected bytecode packet               peer=4c6d7664 reqid=7,722,106,633,943,247,401
WARN [11-16|16:47:37.221] Unexpected storage ranges packet         peer=56f08681 reqid=2,014,247,548,722,598,800
WARN [11-16|16:47:37.611] Unexpected storage ranges packet         peer=e32d0ba5 reqid=8,815,134,295,337,424,819
WARN [11-16|16:47:37.807] Unexpected storage ranges packet         peer=59c539e4 reqid=7,008,540,665,049,336,028
WARN [11-16|16:47:37.808] Unexpected bytecode packet               peer=59c539e4 reqid=5,963,604,207,539,982,797
INFO [11-16|16:47:40.594] Syncing: chain download in progress      synced=8.66% chain=42.36GiB headers=5,923,934@2.95GiB bodies=5,923,934@21.41GiB receipts=5,923,934@18.00GiB eta=37h13m35.616s
INFO [11-16|16:47:45.001] Syncing: state download in progress      synced=8.22% state=78.20GiB       accounts=55,340,336@9.24GiB slots=321,643,607@66.37GiB codes=347,761@2.60GiB eta=30m50.805s
INFO [11-16|16:47:48.725] Syncing: chain download in progress      synced=8.67% chain=42.53GiB headers=5,930,609@2.96GiB bodies=5,930,609@21.51GiB receipts=5,930,609@18.07GiB eta=36h4m31.964s
INFO [11-16|16:47:53.014] Syncing: state download in progress      synced=8.27% state=78.52GiB       accounts=55,586,858@9.29GiB slots=322,788,294@66.62GiB codes=349,573@2.62GiB eta=30m39.886s
INFO [11-16|16:47:56.784] Syncing: chain download in progress      synced=8.68% chain=42.72GiB headers=5,937,041@2.96GiB bodies=5,937,041@21.62GiB receipts=5,937,041@18.14GiB eta=35h9m1.259s
INFO [11-16|16:48:01.042] Syncing: state download in progress      synced=8.30% state=78.85GiB       accounts=55,790,431@9.33GiB slots=324,072,477@66.89GiB codes=351,188@2.63GiB eta=30m31.200s
INFO [11-16|16:48:05.059] Syncing: chain download in progress      synced=8.69% chain=42.90GiB headers=5,943,258@2.97GiB bodies=5,943,258@21.73GiB receipts=5,943,258@18.21GiB eta=34h26m29.862s
INFO [11-16|16:48:09.062] Syncing: state download in progress      synced=8.37% state=79.14GiB       accounts=56,133,616@9.40GiB slots=325,038,536@67.10GiB codes=353,580@2.65GiB eta=30m15.518s
INFO [11-16|16:48:13.155] Syncing: chain download in progress      synced=8.70% chain=43.08GiB headers=5,949,714@2.97GiB bodies=5,949,714@21.82GiB receipts=5,949,714@18.28GiB eta=33h42m41.619s
INFO [11-16|16:48:17.108] Syncing: state download in progress      synced=8.40% state=79.48GiB       accounts=56,326,817@9.44GiB slots=326,391,112@67.38GiB codes=355,098@2.66GiB eta=30m7.448s
INFO [11-16|16:48:21.341] Syncing: chain download in progress      synced=8.71% chain=43.24GiB headers=5,955,683@2.97GiB bodies=5,955,683@21.92GiB receipts=5,955,683@18.35GiB eta=33h12m34.731s
INFO [11-16|16:48:25.109] Syncing: state download in progress      synced=8.46% state=79.77GiB       accounts=56,637,622@9.50GiB slots=327,430,901@67.59GiB codes=357,214@2.67GiB eta=29m53.352s
INFO [11-16|16:48:30.183] Syncing: chain download in progress      synced=8.71% chain=43.38GiB headers=5,960,378@2.98GiB bodies=5,960,378@22.00GiB receipts=5,960,378@18.41GiB eta=33h11m12.054s
INFO [11-16|16:48:38.535] Syncing: chain download in progress      synced=8.72% chain=43.58GiB headers=5,966,035@2.98GiB bodies=5,966,035@22.11GiB receipts=5,966,035@18.49GiB eta=32h51m5.320s
WARN [11-16|16:48:44.985] Pivot seemingly stale, moving            old=68,409,214 new=68,409,278
INFO [11-16|16:48:45.030] Syncing: state download in progress      synced=8.47% state=79.96GiB       accounts=56,723,728@9.52GiB slots=328,221,552@67.75GiB codes=358,154@2.68GiB eta=29m34.385s
INFO [11-16|16:48:46.568] Syncing: chain download in progress      synced=8.73% chain=43.78GiB headers=5,972,035@2.98GiB bodies=5,972,035@22.22GiB receipts=5,972,035@18.57GiB eta=32h25m13.813s
INFO [11-16|16:48:53.059] Syncing: state download in progress      synced=8.51% state=80.25GiB       accounts=57,098,926@9.56GiB slots=329,361,543@67.99GiB codes=359,530@2.69GiB eta=46m17.118s
INFO [11-16|16:48:54.726] Syncing: chain download in progress      synced=8.74% chain=43.95GiB headers=5,977,174@2.99GiB bodies=5,977,174@22.33GiB receipts=5,977,174@18.64GiB eta=32h14m18.784s
INFO [11-16|16:49:01.094] Syncing: state download in progress      synced=8.55% state=80.58GiB       accounts=57,302,514@9.61GiB slots=330,745,594@68.27GiB codes=361,027@2.70GiB eta=46m8.493s
INFO [11-16|16:49:04.464] Syncing: chain download in progress      synced=8.74% chain=44.08GiB headers=5,981,727@2.99GiB bodies=5,981,727@22.40GiB receipts=5,981,727@18.70GiB eta=32h23m20.306s
INFO [11-16|16:49:09.211] Syncing: state download in progress      synced=8.57% state=80.97GiB       accounts=57,420,450@9.63GiB slots=332,454,159@68.63GiB codes=361,938@2.71GiB eta=46m7.365s
INFO [11-16|16:49:13.020] Syncing: chain download in progress      synced=8.75% chain=44.27GiB headers=5,987,958@2.99GiB bodies=5,987,958@22.50GiB receipts=5,987,958@18.78GiB eta=32h1m53.775s
INFO [11-16|16:49:17.253] Syncing: state download in progress      synced=8.58% state=81.34GiB       accounts=57,495,493@9.65GiB slots=334,079,997@68.98GiB codes=362,454@2.71GiB eta=46m8.210s
INFO [11-16|16:49:21.059] Syncing: chain download in progress      synced=8.76% chain=44.48GiB headers=5,994,058@3.00GiB bodies=5,994,058@22.62GiB receipts=5,994,058@18.86GiB eta=31h40m19.125s
WARN [11-16|16:49:26.025] Pivot seemingly stale, moving            old=68,409,278 new=68,409,342
INFO [11-16|16:49:26.196] Syncing: state download in progress      synced=8.58% state=81.37GiB       accounts=57,495,493@9.65GiB slots=334,220,645@69.01GiB codes=362,536@2.72GiB eta=46m0.419s
INFO [11-16|16:49:29.454] Syncing: chain download in progress      synced=8.77% chain=44.67GiB headers=6,000,351@3.00GiB bodies=6,000,351@22.73GiB receipts=6,000,351@18.94GiB eta=31h20m22.661s
INFO [11-16|16:49:34.219] Syncing: state download in progress      synced=8.60% state=81.68GiB       accounts=57,774,309@9.67GiB slots=335,550,498@69.29GiB codes=363,258@2.72GiB eta=45m56.996s
INFO [11-16|16:49:38.126] Syncing: chain download in progress      synced=8.78% chain=44.83GiB headers=6,006,851@3.00GiB bodies=6,006,851@22.82GiB receipts=6,006,851@19.01GiB eta=31h1m19.866s
INFO [11-16|16:49:42.246] Syncing: state download in progress      synced=8.63% state=82.01GiB       accounts=57,924,372@9.70GiB slots=337,017,106@69.58GiB codes=364,330@2.73GiB eta=45m51.662s
INFO [11-16|16:49:46.265] Syncing: chain download in progress      synced=8.79% chain=45.00GiB headers=6,013,425@3.01GiB bodies=6,013,425@22.92GiB receipts=6,013,425@19.07GiB eta=30h39m45.178s
INFO [11-16|16:49:50.283] Syncing: state download in progress      synced=8.66% state=82.35GiB       accounts=58,096,005@9.73GiB slots=338,499,295@69.88GiB codes=365,574@2.74GiB eta=45m45.320s
INFO [11-16|16:49:54.631] Syncing: chain download in progress      synced=8.80% chain=45.14GiB headers=6,018,079@3.01GiB bodies=6,018,079@23.00GiB receipts=6,018,079@19.13GiB eta=30h40m22.677s
INFO [11-16|16:49:58.328] Syncing: state download in progress      synced=8.70% state=82.69GiB       accounts=58,278,416@9.77GiB slots=339,892,556@70.16GiB codes=366,852@2.75GiB eta=45m37.833s
WARN [11-16|16:50:02.098] Pivot seemingly stale, moving            old=68,409,342 new=68,409,406
INFO [11-16|16:50:02.217] Syncing: state download in progress      synced=8.71% state=82.84GiB       accounts=58,353,556@9.79GiB slots=340,509,073@70.30GiB codes=367,490@2.75GiB eta=45m34.843s
WARN [11-16|16:50:02.244] Unexpected storage ranges packet         peer=21993ae4 reqid=184,256,045,159,218,251
WARN [11-16|16:50:02.268] Unexpected storage ranges packet         peer=4c6d7664 reqid=6,009,791,151,126,595,325
WARN [11-16|16:50:02.271] Unexpected storage ranges packet         peer=f232b5d3 reqid=1,128,343,318,727,511,004
WARN [11-16|16:50:02.359] Unexpected storage ranges packet         peer=4c6bc924 reqid=114,170,669,145,112,499
WARN [11-16|16:50:02.394] Unexpected storage ranges packet         peer=f42e9ca5 reqid=5,059,277,046,009,377,387
WARN [11-16|16:50:02.548] Unexpected storage ranges packet         peer=56f08681 reqid=1,340,652,328,372,773,747
WARN [11-16|16:50:02.624] Unexpected storage ranges packet         peer=e32d0ba5 reqid=4,933,056,027,440,635,189
INFO [11-16|16:50:02.752] Syncing: chain download in progress      synced=8.80% chain=45.31GiB headers=6,022,724@3.01GiB bodies=6,022,724@23.09GiB receipts=6,022,724@19.21GiB eta=30h39m41.006s
INFO [11-16|16:50:10.282] Syncing: state download in progress      synced=8.75% state=83.14GiB       accounts=58,739,671@9.83GiB slots=341,625,081@70.54GiB codes=368,907@2.77GiB eta=45m23.775s
INFO [11-16|16:50:10.777] Syncing: chain download in progress      synced=8.81% chain=45.47GiB headers=6,027,984@3.01GiB bodies=6,027,984@23.18GiB receipts=6,027,984@19.27GiB eta=30h32m33.120s
INFO [11-16|16:50:18.322] Syncing: state download in progress      synced=8.78% state=83.47GiB       accounts=58,889,603@9.86GiB slots=343,032,484@70.83GiB codes=370,104@2.77GiB eta=45m18.293s
INFO [11-16|16:50:18.936] Syncing: chain download in progress      synced=8.82% chain=45.61GiB headers=6,033,162@3.02GiB bodies=6,033,162@23.26GiB receipts=6,033,162@19.33GiB eta=30h27m16.104s
INFO [11-16|16:50:26.326] Syncing: state download in progress      synced=8.81% state=83.81GiB       accounts=59,050,586@9.90GiB slots=344,514,325@71.13GiB codes=371,220@2.78GiB eta=45m12.524s
INFO [11-16|16:50:27.335] Syncing: chain download in progress      synced=8.83% chain=45.74GiB headers=6,038,621@3.02GiB bodies=6,038,621@23.34GiB receipts=6,038,621@19.38GiB eta=30h20m56.712s
INFO [11-16|16:50:34.379] Syncing: state download in progress      synced=8.81% state=84.19GiB       accounts=59,082,685@9.90GiB slots=346,431,686@71.50GiB codes=371,531@2.79GiB eta=45m16.255s
INFO [11-16|16:50:35.427] Syncing: chain download in progress      synced=8.84% chain=45.91GiB headers=6,045,058@3.02GiB bodies=6,045,058@23.43GiB receipts=6,045,058@19.46GiB eta=30h4m50.950s
INFO [11-16|16:50:42.404] Syncing: state download in progress      synced=8.83% state=84.54GiB       accounts=59,179,236@9.92GiB slots=348,173,418@71.83GiB codes=372,124@2.79GiB eta=1h2m22.983s
INFO [11-16|16:50:43.566] Syncing: chain download in progress      synced=8.84% chain=46.07GiB headers=6,050,201@3.03GiB bodies=6,050,201@23.51GiB receipts=6,050,201@19.52GiB eta=30h0m50.480s
INFO [11-16|16:50:50.486] Syncing: state download in progress      synced=8.84% state=84.91GiB       accounts=59,243,685@9.94GiB slots=350,011,441@72.18GiB codes=372,577@2.79GiB eta=1h2m27.207s
INFO [11-16|16:50:51.680] Syncing: chain download in progress      synced=8.85% chain=46.24GiB headers=6,056,260@3.03GiB bodies=6,056,260@23.61GiB receipts=6,056,260@19.60GiB eta=29h49m21.829s
INFO [11-16|16:51:00.231] Syncing: chain download in progress      synced=8.86% chain=46.40GiB headers=6,062,924@3.03GiB bodies=6,062,924@23.70GiB receipts=6,062,924@19.67GiB eta=29h35m43.591s
INFO [11-16|16:51:08.808] Syncing: chain download in progress      synced=8.87% chain=46.58GiB headers=6,069,898@3.04GiB bodies=6,069,898@23.80GiB receipts=6,069,898@19.74GiB eta=29h20m37.350s
WARN [11-16|16:51:09.134] Pivot seemingly stale, moving            old=68,409,406 new=68,409,470
INFO [11-16|16:51:09.302] Syncing: state download in progress      synced=8.85% state=85.05GiB       accounts=59,265,056@9.94GiB slots=350,745,966@72.32GiB codes=372,809@2.80GiB eta=1h2m13.673s
INFO [11-16|16:51:16.816] Syncing: chain download in progress      synced=8.88% chain=46.76GiB headers=6,076,188@3.04GiB bodies=6,076,188@23.90GiB receipts=6,076,188@19.82GiB eta=29h8m55.836s
INFO [11-16|16:51:17.346] Syncing: state download in progress      synced=8.87% state=85.34GiB       accounts=59,543,985@9.96GiB slots=352,115,052@72.58GiB codes=373,393@2.80GiB eta=1h2m10.630s
INFO [11-16|16:51:24.911] Syncing: chain download in progress      synced=8.89% chain=46.84GiB headers=6,079,197@3.04GiB bodies=6,079,197@23.95GiB receipts=6,079,197@19.85GiB eta=29h21m50.584s
INFO [11-16|16:51:25.440] Syncing: state download in progress      synced=8.91% state=85.67GiB       accounts=59,790,585@10.01GiB slots=353,387,342@72.84GiB codes=375,202@2.81GiB eta=1h1m57.188s
INFO [11-16|16:51:33.450] Syncing: state download in progress      synced=8.96% state=85.98GiB       accounts=60,069,248@10.07GiB slots=354,527,174@73.08GiB codes=377,214@2.83GiB eta=1h1m40.647s
INFO [11-16|16:51:33.808] Syncing: chain download in progress      synced=8.89% chain=46.96GiB headers=6,083,145@3.05GiB bodies=6,083,145@24.01GiB receipts=6,083,145@19.90GiB eta=29h31m1.148s
INFO [11-16|16:51:41.485] Syncing: state download in progress      synced=8.99% state=86.31GiB       accounts=60,251,635@10.11GiB slots=355,874,543@73.36GiB codes=378,524@2.84GiB eta=1h1m33.272s
INFO [11-16|16:51:42.035] Syncing: chain download in progress      synced=8.91% chain=47.17GiB headers=6,092,193@3.05GiB bodies=6,092,193@24.13GiB receipts=6,092,193@19.99GiB eta=29h1m27.752s
WARN [11-16|16:51:45.181] Pivot seemingly stale, moving            old=68,409,470 new=68,409,534
INFO [11-16|16:51:45.218] Syncing: state download in progress      synced=9.00% state=86.32GiB       accounts=60,262,376@10.11GiB slots=355,905,509@73.37GiB codes=378,592@2.84GiB eta=1h1m29.087s
INFO [11-16|16:51:45.530] Keeping suspended storage retrieval      account=402b6c..1952c1
INFO [11-16|16:51:46.134] Keeping suspended storage retrieval      account=5018e6..8910af
INFO [11-16|16:51:51.547] Syncing: chain download in progress      synced=8.92% chain=47.35GiB headers=6,099,402@3.06GiB bodies=6,099,402@24.23GiB receipts=6,099,402@20.06GiB eta=28h51m4.198s
INFO [11-16|16:51:53.227] Syncing: state download in progress      synced=9.03% state=86.61GiB       accounts=60,620,042@10.15GiB slots=357,039,489@73.61GiB codes=379,913@2.85GiB eta=1h1m18.216s
INFO [11-16|16:51:59.661] Syncing: chain download in progress      synced=8.92% chain=47.54GiB headers=6,105,384@3.06GiB bodies=6,105,384@24.34GiB receipts=6,105,384@20.14GiB eta=28h43m42.895s
INFO [11-16|16:52:01.230] Syncing: state download in progress      synced=9.08% state=86.91GiB       accounts=60,898,834@10.21GiB slots=358,120,421@73.84GiB codes=381,712@2.86GiB eta=1h1m1.325s
INFO [11-16|16:52:07.955] Syncing: chain download in progress      synced=8.93% chain=47.68GiB headers=6,109,532@3.06GiB bodies=6,109,532@24.42GiB receipts=6,109,532@20.20GiB eta=28h48m58.163s
INFO [11-16|16:52:09.253] Syncing: state download in progress      synced=9.11% state=87.25GiB       accounts=61,057,472@10.24GiB slots=359,555,983@74.13GiB codes=383,170@2.88GiB eta=1h0m56.211s
INFO [11-16|16:52:16.059] Syncing: chain download in progress      synced=8.94% chain=47.87GiB headers=6,116,718@3.07GiB bodies=6,116,718@24.53GiB receipts=6,116,718@20.28GiB eta=28h34m26.120s
INFO [11-16|16:52:17.358] Syncing: state download in progress      synced=9.17% state=87.52GiB       accounts=61,389,766@10.31GiB slots=360,461,352@74.32GiB codes=385,253@2.89GiB eta=1h0m33.764s
INFO [11-16|16:52:24.500] Syncing: chain download in progress      synced=8.95% chain=47.99GiB headers=6,121,786@3.07GiB bodies=6,121,786@24.59GiB receipts=6,121,786@20.33GiB eta=28h34m33.323s
INFO [11-16|16:52:25.400] Syncing: state download in progress      synced=9.23% state=87.81GiB       accounts=61,679,131@10.37GiB slots=361,488,871@74.53GiB codes=387,564@2.91GiB eta=1h17m17.758s
INFO [11-16|16:52:32.647] Syncing: chain download in progress      synced=8.96% chain=48.19GiB headers=6,128,343@3.07GiB bodies=6,128,343@24.71GiB receipts=6,128,343@20.41GiB eta=28h24m49.257s
INFO [11-16|16:52:40.664] Syncing: chain download in progress      synced=8.97% chain=48.37GiB headers=6,133,989@3.08GiB bodies=6,133,989@24.81GiB receipts=6,133,989@20.48GiB eta=28h20m16.559s
INFO [11-16|16:52:48.992] Syncing: chain download in progress      synced=8.97% chain=48.55GiB headers=6,139,587@3.08GiB bodies=6,139,587@24.92GiB receipts=6,139,587@20.56GiB eta=28h17m14.029s
WARN [11-16|16:52:54.164] Pivot seemingly stale, moving            old=68,409,534 new=68,409,598
INFO [11-16|16:52:54.301] Syncing: state download in progress      synced=9.26% state=87.97GiB       accounts=61,893,384@10.41GiB slots=361,990,064@74.64GiB codes=389,004@2.92GiB eta=1h16m36.528s
INFO [11-16|16:52:55.684] Keeping suspended storage retrieval      account=700afe..a5ae73
INFO [11-16|16:52:57.113] Syncing: chain download in progress      synced=8.99% chain=48.76GiB headers=6,146,780@3.08GiB bodies=6,146,780@25.04GiB receipts=6,146,780@20.64GiB eta=28h4m50.160s
INFO [11-16|16:53:02.307] Syncing: state download in progress      synced=9.30% state=88.22GiB       accounts=62,220,512@10.45GiB slots=362,944,266@74.83GiB codes=390,506@2.93GiB eta=1h16m22.988s
INFO [11-16|16:53:05.639] Syncing: chain download in progress      synced=8.99% chain=48.89GiB headers=6,151,878@3.09GiB bodies=6,151,878@25.12GiB receipts=6,151,878@20.69GiB eta=28h5m31.066s
INFO [11-16|16:53:10.357] Syncing: state download in progress      synced=9.31% state=88.61GiB       accounts=62,295,569@10.47GiB slots=364,632,894@75.21GiB codes=391,147@2.94GiB eta=1h16m30.213s
INFO [11-16|16:53:13.656] Syncing: chain download in progress      synced=9.00% chain=49.12GiB headers=6,159,383@3.09GiB bodies=6,159,383@25.25GiB receipts=6,159,383@20.78GiB eta=27h51m52.984s
INFO [11-16|16:53:21.752] Syncing: chain download in progress      synced=9.01% chain=49.30GiB headers=6,164,310@3.09GiB bodies=6,164,310@25.35GiB receipts=6,164,310@20.85GiB eta=27h52m14.673s
WARN [11-16|16:53:29.277] Pivot seemingly stale, moving            old=68,409,598 new=68,409,662
INFO [11-16|16:53:29.495] Syncing: state download in progress      synced=9.35% state=88.93GiB       accounts=62,488,512@10.51GiB slots=365,874,176@75.47GiB codes=392,433@2.95GiB eta=1h16m9.922s
INFO [11-16|16:53:29.719] Keeping suspended storage retrieval      account=502278..bb1ef8
INFO [11-16|16:53:29.826] Syncing: chain download in progress      synced=9.02% chain=49.49GiB headers=6,170,220@3.10GiB bodies=6,170,220@25.46GiB receipts=6,170,220@20.93GiB eta=27h47m34.073s
INFO [11-16|16:53:29.941] Keeping suspended storage retrieval      account=601b26..27d943
INFO [11-16|16:53:30.363] Keeping suspended storage retrieval      account=403fe8..42e18f
INFO [11-16|16:53:37.515] Syncing: state download in progress      synced=9.38% state=89.24GiB       accounts=62,804,373@10.54GiB slots=367,148,683@75.74GiB codes=393,779@2.96GiB eta=1h16m2.123s
INFO [11-16|16:53:38.243] Syncing: chain download in progress      synced=9.03% chain=49.65GiB headers=6,175,827@3.10GiB bodies=6,175,827@25.56GiB receipts=6,175,827@20.99GiB eta=27h45m35.341s
INFO [11-16|16:53:45.541] Syncing: state download in progress      synced=9.44% state=89.53GiB       accounts=63,104,369@10.61GiB slots=368,160,339@75.95GiB codes=396,097@2.98GiB eta=1h15m41.206s
INFO [11-16|16:53:46.464] Syncing: chain download in progress      synced=9.04% chain=49.85GiB headers=6,183,675@3.10GiB bodies=6,183,675@25.67GiB receipts=6,183,675@21.07GiB eta=27h32m16.389s
INFO [11-16|16:53:53.558] Syncing: state download in progress      synced=9.49% state=89.81GiB       accounts=63,415,427@10.67GiB slots=369,103,922@76.14GiB codes=398,259@2.99GiB eta=1h15m18.130s
INFO [11-16|16:53:54.650] Syncing: chain download in progress      synced=9.05% chain=49.99GiB headers=6,188,539@3.11GiB bodies=6,188,539@25.75GiB receipts=6,188,539@21.13GiB eta=27h33m25.918s
INFO [11-16|16:54:01.595] Syncing: state download in progress      synced=9.52% state=90.15GiB       accounts=63,544,145@10.70GiB slots=370,603,954@76.45GiB codes=399,183@3.00GiB eta=1h15m17.055s
INFO [11-16|16:54:03.223] Syncing: chain download in progress      synced=9.05% chain=50.16GiB headers=6,192,717@3.11GiB bodies=6,192,717@25.85GiB receipts=6,192,717@21.20GiB eta=27h38m53.548s
WARN [11-16|16:54:04.342] Pivot seemingly stale, moving            old=68,409,662 new=68,409,726
INFO [11-16|16:54:04.839] Syncing: state download in progress      synced=9.53% state=90.29GiB       accounts=63,608,465@10.71GiB slots=371,166,938@76.57GiB codes=399,649@3.00GiB eta=1h15m15.138s
WARN [11-16|16:54:04.892] Unexpected storage ranges packet         peer=4c6d7664 reqid=178,823,784,031,694,283
WARN [11-16|16:54:04.895] Unexpected storage ranges packet         peer=f232b5d3 reqid=4,870,645,869,406,038,225
WARN [11-16|16:54:05.014] Unexpected storage ranges packet         peer=4c6bc924 reqid=2,967,512,977,392,086,035
WARN [11-16|16:54:05.024] Unexpected storage ranges packet         peer=56f08681 reqid=4,457,629,139,196,060,986
WARN [11-16|16:54:05.033] Unexpected storage ranges packet         peer=21993ae4 reqid=7,983,765,222,465,785,020
WARN [11-16|16:54:05.090] Unexpected storage ranges packet         peer=e32d0ba5 reqid=1,259,768,636,266,656,217
INFO [11-16|16:54:11.599] Syncing: chain download in progress      synced=9.06% chain=50.38GiB headers=6,198,094@3.11GiB bodies=6,198,094@25.97GiB receipts=6,198,094@21.30GiB eta=27h38m6.104s
INFO [11-16|16:54:12.845] Syncing: state download in progress      synced=9.54% state=90.60GiB       accounts=63,854,463@10.73GiB slots=372,618,536@76.87GiB codes=400,238@3.01GiB eta=1h15m17.447s
INFO [11-16|16:54:19.706] Syncing: chain download in progress      synced=9.07% chain=50.56GiB headers=6,203,576@3.12GiB bodies=6,203,576@26.08GiB receipts=6,203,576@21.37GiB eta=27h36m5.491s
INFO [11-16|16:54:20.857] Syncing: state download in progress      synced=9.56% state=90.94GiB       accounts=63,961,762@10.75GiB slots=374,104,993@77.18GiB codes=401,024@3.02GiB eta=1h32m19.219s
INFO [11-16|16:54:28.033] Syncing: chain download in progress      synced=9.08% chain=50.73GiB headers=6,208,827@3.12GiB bodies=6,208,827@26.18GiB receipts=6,208,827@21.44GiB eta=27h35m46.964s
INFO [11-16|16:54:28.914] Syncing: state download in progress      synced=9.59% state=91.26GiB       accounts=64,125,491@10.78GiB slots=375,505,626@77.46GiB codes=401,970@3.02GiB eta=1h32m13.566s
INFO [11-16|16:54:36.057] Syncing: chain download in progress      synced=9.08% chain=50.92GiB headers=6,214,119@3.12GiB bodies=6,214,119@26.29GiB receipts=6,214,119@21.51GiB eta=27h34m27.796s
INFO [11-16|16:54:36.977] Syncing: state download in progress      synced=9.60% state=91.63GiB       accounts=64,157,599@10.79GiB slots=377,314,077@77.82GiB codes=402,439@3.03GiB eta=1h32m26.600s
INFO [11-16|16:54:44.255] Syncing: chain download in progress      synced=9.09% chain=51.04GiB headers=6,217,216@3.12GiB bodies=6,217,216@26.35GiB receipts=6,217,216@21.56GiB eta=27h43m15.283s
INFO [11-16|16:54:45.046] Syncing: state download in progress      synced=9.60% state=92.02GiB       accounts=64,168,268@10.79GiB slots=379,238,198@78.20GiB codes=402,439@3.03GiB eta=1h32m43.094s
INFO [11-16|16:54:52.294] Syncing: chain download in progress      synced=9.09% chain=51.21GiB headers=6,220,900@3.13GiB bodies=6,220,900@26.45GiB receipts=6,220,900@21.63GiB eta=27h48m54.084s
INFO [11-16|16:54:53.132] Syncing: state download in progress      synced=9.65% state=92.31GiB       accounts=64,457,762@10.85GiB slots=380,285,152@78.42GiB codes=404,292@3.04GiB eta=1h32m20.597s
INFO [11-16|16:55:00.427] Syncing: chain download in progress      synced=9.10% chain=51.41GiB headers=6,225,779@3.13GiB bodies=6,225,779@26.57GiB receipts=6,225,779@21.71GiB eta=27h49m30.503s
INFO [11-16|16:55:08.735] Syncing: chain download in progress      synced=9.11% chain=51.59GiB headers=6,232,043@3.13GiB bodies=6,232,043@26.68GiB receipts=6,232,043@21.79GiB eta=27h44m39.867s
INFO [11-16|16:55:16.927] Syncing: chain download in progress      synced=9.12% chain=51.77GiB headers=6,238,406@3.14GiB bodies=6,238,406@26.78GiB receipts=6,238,406@21.86GiB eta=27h39m15.369s
WARN [11-16|16:55:22.307] Pivot seemingly stale, moving            old=68,409,726 new=68,409,790
INFO [11-16|16:55:22.890] Syncing: state download in progress      synced=9.66% state=92.33GiB       accounts=64,479,164@10.85GiB slots=380,361,226@78.43GiB codes=404,641@3.04GiB eta=1h31m49.929s
INFO [11-16|16:55:23.534] Keeping suspended storage retrieval      account=700afe..a5ae73
INFO [11-16|16:55:23.539] Keeping suspended storage retrieval      account=40513c..fdca3f
INFO [11-16|16:55:24.003] Keeping suspended storage retrieval      account=40513c..fdca3f
INFO [11-16|16:55:25.380] Syncing: chain download in progress      synced=9.13% chain=51.98GiB headers=6,244,911@3.14GiB bodies=6,244,911@26.90GiB receipts=6,244,911@21.94GiB eta=27h34m5.669s
INFO [11-16|16:55:30.927] Syncing: state download in progress      synced=9.71% state=92.59GiB       accounts=64,897,716@10.91GiB slots=381,271,844@78.62GiB codes=406,470@3.06GiB eta=1h31m27.804s
INFO [11-16|16:55:33.413] Syncing: chain download in progress      synced=9.14% chain=52.16GiB headers=6,249,685@3.14GiB bodies=6,249,685@27.00GiB receipts=6,249,685@22.01GiB eta=27h35m0.146s
INFO [11-16|16:55:38.965] Syncing: state download in progress      synced=9.76% state=92.85GiB       accounts=65,197,655@10.97GiB slots=382,173,530@78.81GiB codes=408,570@3.07GiB eta=1h31m2.880s
INFO [11-16|16:55:41.486] Syncing: chain download in progress      synced=9.14% chain=52.30GiB headers=6,252,872@3.14GiB bodies=6,252,872@27.09GiB receipts=6,252,872@22.07GiB eta=27h42m20.657s
INFO [11-16|16:55:49.516] Syncing: chain download in progress      synced=9.15% chain=52.51GiB headers=6,258,245@3.15GiB bodies=6,258,245@27.21GiB receipts=6,258,245@22.15GiB eta=27h40m44.837s
INFO [11-16|16:55:58.619] Syncing: chain download in progress      synced=9.15% chain=52.66GiB headers=6,262,533@3.15GiB bodies=6,262,533@27.30GiB receipts=6,262,533@22.21GiB eta=27h46m3.241s
WARN [11-16|16:56:02.456] Pivot seemingly stale, moving            old=68,409,790 new=68,409,854
INFO [11-16|16:56:03.339] Syncing: state download in progress      synced=9.78% state=92.97GiB       accounts=65,294,193@10.99GiB slots=382,584,321@78.89GiB codes=409,450@3.08GiB eta=1h30m34.848s
INFO [11-16|16:56:03.699] Keeping suspended storage retrieval      account=602a73..7d9384
INFO [11-16|16:56:03.727] Keeping suspended storage retrieval      account=40597b..ff1c01
INFO [11-16|16:56:06.695] Syncing: chain download in progress      synced=9.16% chain=52.87GiB headers=6,269,451@3.15GiB bodies=6,269,451@27.43GiB receipts=6,269,451@22.29GiB eta=27h38m33.754s
INFO [11-16|16:56:11.345] Syncing: state download in progress      synced=9.82% state=93.25GiB       accounts=65,662,417@11.04GiB slots=383,687,973@79.12GiB codes=411,120@3.09GiB eta=1h30m20.231s
INFO [11-16|16:56:16.121] Syncing: chain download in progress      synced=9.17% chain=52.98GiB headers=6,272,607@3.16GiB bodies=6,272,607@27.50GiB receipts=6,272,607@22.33GiB eta=27h48m52.433s
INFO [11-16|16:56:19.403] Syncing: state download in progress      synced=9.89% state=93.50GiB       accounts=66,051,516@11.12GiB slots=384,436,953@79.28GiB codes=413,620@3.11GiB eta=1h46m40.047s
INFO [11-16|16:56:24.465] Syncing: chain download in progress      synced=9.18% chain=53.18GiB headers=6,277,194@3.16GiB bodies=6,277,194@27.62GiB receipts=6,277,194@22.41GiB eta=27h50m59.434s
INFO [11-16|16:56:27.405] Syncing: state download in progress      synced=9.94% state=93.79GiB       accounts=66,330,304@11.17GiB slots=385,516,783@79.49GiB codes=415,676@3.13GiB eta=1h46m17.732s
INFO [11-16|16:56:32.901] Syncing: chain download in progress      synced=9.18% chain=53.36GiB headers=6,281,142@3.16GiB bodies=6,281,142@27.72GiB receipts=6,281,142@22.48GiB eta=27h55m41.900s
INFO [11-16|16:56:41.042] Syncing: chain download in progress      synced=9.19% chain=53.59GiB headers=6,287,927@3.16GiB bodies=6,287,927@27.86GiB receipts=6,287,927@22.57GiB eta=27h48m59.925s
WARN [11-16|16:56:46.400] Pivot seemingly stale, moving            old=68,409,854 new=68,409,918
INFO [11-16|16:56:46.430] Syncing: state download in progress      synced=9.96% state=93.87GiB       accounts=66,426,703@11.19GiB slots=385,773,250@79.55GiB codes=416,508@3.13GiB eta=1h45m52.262s
INFO [11-16|16:56:46.989] Keeping suspended storage retrieval      account=31dfe0..f455a3
INFO [11-16|16:56:46.994] Keeping suspended storage retrieval      account=239961..28438f
INFO [11-16|16:56:47.056] Keeping suspended storage retrieval      account=701050..a589ab
INFO [11-16|16:56:49.436] Syncing: chain download in progress      synced=9.20% chain=53.77GiB headers=6,293,983@3.17GiB bodies=6,293,983@27.97GiB receipts=6,293,983@22.63GiB eta=27h45m44.228s
INFO [11-16|16:56:54.455] Syncing: state download in progress      synced=10.01% state=94.13GiB       accounts=66,850,118@11.25GiB slots=386,677,293@79.73GiB codes=418,155@3.15GiB eta=1h45m28.124s
INFO [11-16|16:56:57.880] Syncing: chain download in progress      synced=9.21%  chain=53.97GiB headers=6,299,419@3.17GiB bodies=6,299,419@28.08GiB receipts=6,299,419@22.71GiB eta=27h44m54.799s
INFO [11-16|16:57:02.465] Syncing: state download in progress      synced=10.06% state=94.42GiB       accounts=67,139,436@11.31GiB slots=387,678,489@79.94GiB codes=420,487@3.17GiB eta=1h45m4.509s
INFO [11-16|16:57:06.013] Syncing: chain download in progress      synced=9.21%  chain=54.14GiB headers=6,303,168@3.17GiB bodies=6,303,168@28.18GiB receipts=6,303,168@22.78GiB eta=27h49m29.058s
INFO [11-16|16:57:10.585] Syncing: state download in progress      synced=10.11% state=94.72GiB       accounts=67,386,049@11.36GiB slots=388,847,897@80.18GiB codes=422,402@3.18GiB eta=1h44m47.821s
INFO [11-16|16:57:14.440] Syncing: chain download in progress      synced=9.22%  chain=54.30GiB headers=6,306,201@3.18GiB bodies=6,306,201@28.28GiB receipts=6,306,201@22.85GiB eta=27h57m12.055s
INFO [11-16|16:57:18.699] Syncing: state download in progress      synced=10.16% state=94.98GiB       accounts=67,707,750@11.42GiB slots=389,662,857@80.35GiB codes=424,850@3.20GiB eta=1h44m18.058s
INFO [11-16|16:57:22.670] Syncing: chain download in progress      synced=9.22%  chain=54.49GiB headers=6,309,919@3.18GiB bodies=6,309,919@28.40GiB receipts=6,309,919@22.92GiB eta=28h1m55.727s
INFO [11-16|16:57:30.708] Syncing: chain download in progress      synced=9.23%  chain=54.69GiB headers=6,315,203@3.18GiB bodies=6,315,203@28.51GiB receipts=6,315,203@22.99GiB eta=28h0m35.856s
WARN [11-16|16:57:32.443] Pivot seemingly stale, moving            old=68,409,918 new=68,409,982
INFO [11-16|16:57:32.862] Syncing: state download in progress      synced=10.16% state=94.98GiB       accounts=67,707,750@11.42GiB slots=389,662,857@80.35GiB codes=424,860@3.20GiB eta=1h44m3.902s
INFO [11-16|16:57:39.410] Syncing: chain download in progress      synced=9.24%  chain=54.88GiB headers=6,321,171@3.18GiB bodies=6,321,171@28.63GiB receipts=6,321,171@23.07GiB eta=27h58m19.296s
INFO [11-16|16:57:40.921] Syncing: state download in progress      synced=10.20% state=95.27GiB       accounts=68,050,364@11.46GiB slots=390,766,085@80.60GiB codes=426,195@3.21GiB eta=1h43m55.344s
INFO [11-16|16:57:47.557] Syncing: chain download in progress      synced=9.25%  chain=55.06GiB headers=6,326,723@3.19GiB bodies=6,326,723@28.74GiB receipts=6,326,723@23.14GiB eta=27h56m21.646s
INFO [11-16|16:57:48.976] Syncing: state download in progress      synced=10.22% state=95.59GiB       accounts=68,189,645@11.49GiB slots=392,135,634@80.89GiB codes=427,056@3.22GiB eta=1h43m53.235s
INFO [11-16|16:57:55.682] Syncing: chain download in progress      synced=9.25%  chain=55.24GiB headers=6,331,298@3.19GiB bodies=6,331,298@28.83GiB receipts=6,331,298@23.21GiB eta=27h57m43.690s
INFO [11-16|16:57:57.010] Syncing: state download in progress      synced=10.27% state=95.89GiB       accounts=68,436,030@11.54GiB slots=393,282,300@81.12GiB codes=428,656@3.23GiB eta=1h43m36.379s
INFO [11-16|16:58:04.075] Syncing: chain download in progress      synced=9.26%  chain=55.41GiB headers=6,334,582@3.19GiB bodies=6,334,582@28.93GiB receipts=6,334,582@23.28GiB eta=28h4m1.183s
INFO [11-16|16:58:05.059] Syncing: state download in progress      synced=10.29% state=96.23GiB       accounts=68,543,108@11.56GiB slots=394,836,948@81.43GiB codes=429,700@3.24GiB eta=1h43m39.858s
INFO [11-16|16:58:12.176] Syncing: chain download in progress      synced=9.27%  chain=55.59GiB headers=6,339,239@3.19GiB bodies=6,339,239@29.04GiB receipts=6,339,239@23.36GiB eta=28h4m57.970s
WARN [11-16|16:58:15.477] Pivot seemingly stale, moving            old=68,409,982 new=68,410,046
INFO [11-16|16:58:15.612] Syncing: state download in progress      synced=10.29% state=96.27GiB       accounts=68,553,827@11.56GiB slots=395,009,242@81.47GiB codes=429,789@3.24GiB eta=1h43m30.674s
INFO [11-16|16:58:16.321] Keeping suspended storage retrieval      account=505796..3eb320
INFO [11-16|16:58:16.584] Keeping suspended storage retrieval      account=70135f..3f583a
INFO [11-16|16:58:20.228] Syncing: chain download in progress      synced=9.27%  chain=55.78GiB headers=6,344,757@3.20GiB bodies=6,344,757@29.15GiB receipts=6,344,757@23.43GiB eta=28h2m54.763s
INFO [11-16|16:58:23.654] Syncing: state download in progress      synced=10.30% state=96.56GiB       accounts=68,780,349@11.58GiB slots=396,394,013@81.74GiB codes=430,213@3.24GiB eta=2h0m21.934s
INFO [11-16|16:58:28.467] Syncing: chain download in progress      synced=9.28%  chain=55.96GiB headers=6,350,187@3.20GiB bodies=6,350,187@29.26GiB receipts=6,350,187@23.50GiB eta=28h1m33.877s
INFO [11-16|16:58:31.676] Syncing: state download in progress      synced=10.32% state=96.89GiB       accounts=68,900,929@11.60GiB slots=397,858,714@82.04GiB codes=430,941@3.25GiB eta=2h0m23.705s
INFO [11-16|16:58:36.736] Syncing: chain download in progress      synced=9.29%  chain=56.14GiB headers=6,354,820@3.20GiB bodies=6,354,820@29.36GiB receipts=6,354,820@23.57GiB eta=28h2m54.712s
INFO [11-16|16:58:39.717] Syncing: state download in progress      synced=10.38% state=97.18GiB       accounts=69,222,387@11.67GiB slots=398,840,086@82.24GiB codes=433,233@3.27GiB eta=1h59m54.330s
INFO [11-16|16:58:44.787] Syncing: chain download in progress      synced=9.29%  chain=56.30GiB headers=6,358,611@3.21GiB bodies=6,358,611@29.45GiB receipts=6,358,611@23.64GiB eta=28h6m32.363s
INFO [11-16|16:58:47.729] Syncing: state download in progress      synced=10.44% state=97.45GiB       accounts=69,533,348@11.73GiB slots=399,758,386@82.43GiB codes=435,345@3.28GiB eta=1h59m24.907s
INFO [11-16|16:58:53.128] Syncing: chain download in progress      synced=9.30%  chain=56.45GiB headers=6,361,918@3.21GiB bodies=6,361,918@29.54GiB receipts=6,361,918@23.70GiB eta=28h12m15.556s
INFO [11-16|16:59:01.966] Syncing: chain download in progress      synced=9.31%  chain=56.64GiB headers=6,365,665@3.21GiB bodies=6,365,665@29.65GiB receipts=6,365,665@23.78GiB eta=28h17m27.092s
WARN [11-16|16:59:02.677] Pivot seemingly stale, moving            old=68,410,046 new=68,410,110
INFO [11-16|16:59:02.736] Syncing: state download in progress      synced=10.48% state=97.66GiB       accounts=69,780,211@11.78GiB slots=400,459,715@82.58GiB codes=437,332@3.30GiB eta=1h58m52.828s
INFO [11-16|16:59:03.103] Keeping suspended storage retrieval      account=50634f..82e1a1
INFO [11-16|16:59:10.094] Syncing: chain download in progress      synced=9.31%  chain=56.83GiB headers=6,370,672@3.21GiB bodies=6,370,672@29.76GiB receipts=6,370,672@23.85GiB eta=28h17m8.369s
INFO [11-16|16:59:10.770] Syncing: state download in progress      synced=10.53% state=97.92GiB       accounts=70,193,276@11.84GiB slots=401,358,322@82.77GiB codes=439,310@3.31GiB eta=1h58m28.573s
INFO [11-16|16:59:18.483] Syncing: chain download in progress      synced=9.32%  chain=56.96GiB headers=6,374,629@3.21GiB bodies=6,374,629@29.84GiB receipts=6,374,629@23.90GiB eta=28h20m40.425s
INFO [11-16|16:59:18.772] Syncing: state download in progress      synced=10.59% state=98.20GiB       accounts=70,515,258@11.91GiB slots=402,326,755@82.97GiB codes=441,616@3.33GiB eta=1h57m59.637s
INFO [11-16|16:59:26.527] Syncing: chain download in progress      synced=9.33%  chain=57.16GiB headers=6,379,965@3.22GiB bodies=6,379,965@29.96GiB receipts=6,379,965@23.98GiB eta=28h19m7.845s
INFO [11-16|16:59:26.802] Syncing: state download in progress      synced=10.64% state=98.50GiB       accounts=70,772,791@11.96GiB slots=403,460,445@83.20GiB codes=443,071@3.34GiB eta=1h57m40.578s
INFO [11-16|16:59:34.648] Syncing: chain download in progress      synced=9.33%  chain=57.33GiB headers=6,383,991@3.22GiB bodies=6,383,991@30.06GiB receipts=6,383,991@24.05GiB eta=28h21m51.862s
INFO [11-16|16:59:34.863] Syncing: state download in progress      synced=10.66% state=98.84GiB       accounts=70,869,258@11.98GiB slots=405,036,134@83.51GiB codes=444,157@3.35GiB eta=1h57m46.459s
INFO [11-16|16:59:43.057] Syncing: chain download in progress      synced=9.34%  chain=57.51GiB headers=6,387,400@3.22GiB bodies=6,387,400@30.17GiB receipts=6,387,400@24.12GiB eta=28h27m1.450s
INFO [11-16|16:59:51.126] Syncing: chain download in progress      synced=9.34%  chain=57.72GiB headers=6,390,006@3.22GiB bodies=6,390,006@30.29GiB receipts=6,390,006@24.20GiB eta=28h33m59.441s
WARN [11-16|16:59:54.629] Pivot seemingly stale, moving            old=68,410,110 new=68,410,174
INFO [11-16|16:59:54.675] Syncing: state download in progress      synced=10.67% state=99.13GiB       accounts=70,955,003@12.00GiB slots=406,399,477@83.78GiB codes=444,781@3.35GiB eta=1h57m38.439s
INFO [11-16|16:59:55.422] Keeping suspended storage retrieval      account=701e03..a31bac
INFO [11-16|16:59:55.431] Keeping suspended storage retrieval      account=605440..999bcf
INFO [11-16|16:59:56.028] Keeping suspended storage retrieval      account=40971a..e6a53e
INFO [11-16|16:59:59.263] Syncing: chain download in progress      synced=9.34%  chain=57.89GiB headers=6,392,617@3.23GiB bodies=6,392,617@30.39GiB receipts=6,392,617@24.28GiB eta=28h41m0.286s
INFO [11-16|17:00:02.742] Syncing: state download in progress      synced=10.71% state=99.38GiB       accounts=71,344,835@12.04GiB slots=407,341,277@83.98GiB codes=446,263@3.37GiB eta=1h57m19.346s
INFO [11-16|17:00:07.302] Syncing: chain download in progress      synced=9.35%  chain=58.06GiB headers=6,395,763@3.23GiB bodies=6,395,763@30.49GiB receipts=6,395,763@24.35GiB eta=28h46m5.864s
INFO [11-16|17:00:10.767] Syncing: state download in progress      synced=10.74% state=99.70GiB       accounts=71,484,284@12.07GiB slots=408,713,612@84.25GiB codes=447,388@3.37GiB eta=1h57m17.545s
INFO [11-16|17:00:15.710] Syncing: chain download in progress      synced=9.35%  chain=58.22GiB headers=6,399,363@3.23GiB bodies=6,399,363@30.58GiB receipts=6,399,363@24.41GiB eta=28h50m24.018s
INFO [11-16|17:00:18.772] Syncing: state download in progress      synced=10.77% state=100.03GiB      accounts=71,655,950@12.11GiB slots=410,114,241@84.54GiB codes=448,605@3.38GiB eta=1h57m13.278s
INFO [11-16|17:00:24.160] Syncing: chain download in progress      synced=9.36%  chain=58.42GiB headers=6,404,350@3.23GiB bodies=6,404,350@30.69GiB receipts=6,404,350@24.49GiB eta=28h50m26.644s
INFO [11-16|17:00:26.883] Syncing: state download in progress      synced=10.79% state=100.38GiB      accounts=71,741,709@12.12GiB slots=411,654,882@84.87GiB codes=449,118@3.39GiB eta=1h57m20.825s
INFO [11-16|17:00:32.207] Syncing: chain download in progress      synced=9.37%  chain=58.59GiB headers=6,408,960@3.23GiB bodies=6,408,960@30.79GiB receipts=6,408,960@24.57GiB eta=28h50m54.513s
INFO [11-16|17:00:41.343] Syncing: chain download in progress      synced=9.37%  chain=58.77GiB headers=6,412,965@3.24GiB bodies=6,412,965@30.89GiB receipts=6,412,965@24.65GiB eta=28h55m8.999s
WARN [11-16|17:00:45.605] Pivot seemingly stale, moving            old=68,410,174 new=68,410,238
INFO [11-16|17:00:45.749] Syncing: state download in progress      synced=10.82% state=100.52GiB      accounts=71,916,617@12.16GiB slots=412,123,902@84.97GiB codes=450,497@3.40GiB eta=2h13m27.840s
INFO [11-16|17:00:46.153] Keeping suspended storage retrieval      account=40a1aa..25e535
INFO [11-16|17:00:49.530] Syncing: chain download in progress      synced=9.38%  chain=58.92GiB headers=6,415,905@3.24GiB bodies=6,415,905@30.97GiB receipts=6,415,905@24.71GiB eta=29h0m52.205s
INFO [11-16|17:00:53.855] Syncing: state download in progress      synced=10.86% state=100.80GiB      accounts=72,309,055@12.21GiB slots=413,229,360@85.19GiB codes=451,757@3.41GiB eta=2h13m11.004s
INFO [11-16|17:00:57.586] Syncing: chain download in progress      synced=9.38%  chain=59.12GiB headers=6,419,406@3.24GiB bodies=6,419,406@31.08GiB receipts=6,419,406@24.79GiB eta=29h4m35.983s
INFO [11-16|17:01:01.905] Syncing: state download in progress      synced=10.89% state=101.14GiB      accounts=72,480,624@12.24GiB slots=414,624,724@85.48GiB codes=453,310@3.42GiB eta=2h13m6.904s
INFO [11-16|17:01:05.708] Syncing: chain download in progress      synced=9.39%  chain=59.30GiB headers=6,423,350@3.24GiB bodies=6,423,350@31.19GiB receipts=6,423,350@24.87GiB eta=29h7m3.980s
INFO [11-16|17:01:09.980] Syncing: state download in progress      synced=10.93% state=101.45GiB      accounts=72,705,907@12.29GiB slots=415,906,591@85.73GiB codes=454,831@3.43GiB eta=2h12m52.790s
INFO [11-16|17:01:13.765] Syncing: chain download in progress      synced=9.40%  chain=59.49GiB headers=6,427,981@3.25GiB bodies=6,427,981@31.30GiB receipts=6,427,981@24.94GiB eta=29h7m19.826s
INFO [11-16|17:01:18.003] Syncing: state download in progress      synced=10.98% state=101.73GiB      accounts=72,995,460@12.35GiB slots=416,853,327@85.93GiB codes=456,873@3.45GiB eta=2h12m25.785s
INFO [11-16|17:01:22.154] Syncing: chain download in progress      synced=9.40%  chain=59.67GiB headers=6,432,428@3.25GiB bodies=6,432,428@31.41GiB receipts=6,432,428@25.02GiB eta=29h8m42.544s
INFO [11-16|17:01:30.622] Syncing: chain download in progress      synced=9.41%  chain=59.86GiB headers=6,436,932@3.25GiB bodies=6,436,932@31.52GiB receipts=6,436,932@25.09GiB eta=29h10m2.054s
WARN [11-16|17:01:35.674] Pivot seemingly stale, moving            old=68,410,238 new=68,410,302
INFO [11-16|17:01:35.700] Syncing: state download in progress      synced=10.98% state=101.73GiB      accounts=72,995,460@12.35GiB slots=416,853,327@85.93GiB codes=456,873@3.45GiB eta=2h12m8.087s
INFO [11-16|17:01:39.086] Syncing: chain download in progress      synced=9.42%  chain=60.05GiB headers=6,441,362@3.25GiB bodies=6,441,362@31.62GiB receipts=6,441,362@25.17GiB eta=29h11m32.877s
INFO [11-16|17:01:43.715] Syncing: state download in progress      synced=11.02% state=101.99GiB      accounts=73,365,094@12.39GiB slots=417,833,823@86.14GiB codes=458,557@3.46GiB eta=2h11m49.340s
INFO [11-16|17:01:47.283] Syncing: chain download in progress      synced=9.42%  chain=60.22GiB headers=6,444,819@3.26GiB bodies=6,444,819@31.72GiB receipts=6,444,819@25.24GiB eta=29h15m24.900s
INFO [11-16|17:01:51.810] Syncing: state download in progress      synced=11.07% state=102.29GiB      accounts=73,622,225@12.45GiB slots=418,980,911@86.37GiB codes=460,306@3.47GiB eta=2h11m29.850s
INFO [11-16|17:01:55.380] Syncing: chain download in progress      synced=9.43%  chain=60.40GiB headers=6,448,082@3.26GiB bodies=6,448,082@31.82GiB receipts=6,448,082@25.32GiB eta=29h19m38.046s
INFO [11-16|17:01:59.838] Syncing: state download in progress      synced=11.12% state=102.59GiB      accounts=73,880,857@12.50GiB slots=420,064,866@86.60GiB codes=462,237@3.49GiB eta=2h11m9.927s
INFO [11-16|17:02:04.402] Syncing: chain download in progress      synced=9.43%  chain=60.57GiB headers=6,451,884@3.26GiB bodies=6,451,884@31.93GiB receipts=6,451,884@25.39GiB eta=29h23m47.828s
INFO [11-16|17:02:12.429] Syncing: chain download in progress      synced=9.44%  chain=60.79GiB headers=6,457,181@3.26GiB bodies=6,457,181@32.05GiB receipts=6,457,181@25.47GiB eta=29h21m56.867s
INFO [11-16|17:02:20.644] Syncing: chain download in progress      synced=9.45%  chain=60.98GiB headers=6,462,497@3.27GiB bodies=6,462,497@32.16GiB receipts=6,462,497@25.55GiB eta=29h20m23.051s
WARN [11-16|17:02:22.777] Pivot seemingly stale, moving            old=68,410,302 new=68,410,366
INFO [11-16|17:02:22.825] Syncing: state download in progress      synced=11.15% state=102.83GiB      accounts=74,063,093@12.54GiB slots=420,970,672@86.79GiB codes=463,696@3.50GiB eta=2h10m40.679s
INFO [11-16|17:02:24.108] Keeping suspended storage retrieval      account=605579..938c74
INFO [11-16|17:02:29.697] Syncing: chain download in progress      synced=9.45%  chain=61.15GiB headers=6,466,915@3.27GiB bodies=6,466,915@32.26GiB receipts=6,466,915@25.62GiB eta=29h22m45.097s
INFO [11-16|17:02:30.848] Syncing: state download in progress      synced=11.17% state=103.13GiB      accounts=74,319,660@12.56GiB slots=422,285,455@87.07GiB codes=464,342@3.51GiB eta=2h10m46.137s
INFO [11-16|17:02:37.746] Syncing: chain download in progress      synced=9.46%  chain=61.34GiB headers=6,471,523@3.27GiB bodies=6,471,523@32.37GiB receipts=6,471,523@25.70GiB eta=29h22m54.882s
INFO [11-16|17:02:38.882] Syncing: state download in progress      synced=11.18% state=103.48GiB      accounts=74,405,268@12.57GiB slots=423,866,862@87.40GiB codes=464,870@3.51GiB eta=2h10m56.084s
INFO [11-16|17:02:45.850] Syncing: chain download in progress      synced=9.47%  chain=61.52GiB headers=6,475,378@3.27GiB bodies=6,475,378@32.48GiB receipts=6,475,378@25.77GiB eta=29h25m15.828s
INFO [11-16|17:02:47.062] Syncing: state download in progress      synced=11.20% state=103.83GiB      accounts=74,512,658@12.59GiB slots=425,482,212@87.72GiB codes=465,484@3.52GiB eta=2h11m2.131s
INFO [11-16|17:02:54.039] Syncing: chain download in progress      synced=9.47%  chain=61.70GiB headers=6,478,793@3.28GiB bodies=6,478,793@32.58GiB receipts=6,478,793@25.84GiB eta=29h28m56.719s
INFO [11-16|17:03:02.254] Syncing: chain download in progress      synced=9.48%  chain=61.87GiB headers=6,482,449@3.28GiB bodies=6,482,449@32.68GiB receipts=6,482,449@25.91GiB eta=29h31m57.538s
INFO [11-16|17:03:10.317] Syncing: chain download in progress      synced=9.48%  chain=62.08GiB headers=6,487,692@3.28GiB bodies=6,487,692@32.81GiB receipts=6,487,692@26.00GiB eta=29h30m19.244s
WARN [11-16|17:03:12.844] Pivot seemingly stale, moving            old=68,410,366 new=68,410,430
INFO [11-16|17:03:13.416] Syncing: state download in progress      synced=11.22% state=104.12GiB      accounts=74,620,020@12.62GiB slots=426,755,343@87.98GiB codes=466,408@3.52GiB eta=2h27m21.026s
INFO [11-16|17:03:13.972] Keeping suspended storage retrieval      account=5082cc..d22477
INFO [11-16|17:03:14.062] Keeping suspended storage retrieval      account=324c36..8cf6fe
INFO [11-16|17:03:18.589] Syncing: chain download in progress      synced=9.49%  chain=62.24GiB headers=6,491,516@3.28GiB bodies=6,491,516@32.90GiB receipts=6,491,516@26.06GiB eta=29h32m54.774s
INFO [11-16|17:03:21.416] Syncing: state download in progress      synced=11.24% state=104.44GiB      accounts=74,867,097@12.64GiB slots=428,184,306@88.27GiB codes=467,055@3.53GiB eta=2h27m28.394s
INFO [11-16|17:03:26.644] Syncing: chain download in progress      synced=9.50%  chain=62.45GiB headers=6,496,035@3.29GiB bodies=6,496,035@33.02GiB receipts=6,496,035@26.15GiB eta=29h33m14.377s
INFO [11-16|17:03:29.454] Syncing: state download in progress      synced=11.25% state=104.80GiB      accounts=74,931,303@12.65GiB slots=429,859,209@88.62GiB codes=467,563@3.53GiB eta=2h27m44.788s
INFO [11-16|17:03:34.731] Syncing: chain download in progress      synced=9.50%  chain=62.62GiB headers=6,498,873@3.29GiB bodies=6,498,873@33.12GiB receipts=6,498,873@26.22GiB eta=29h38m9.833s
INFO [11-16|17:03:37.525] Syncing: state download in progress      synced=11.28% state=105.12GiB      accounts=75,102,774@12.68GiB slots=431,264,091@88.90GiB codes=468,627@3.54GiB eta=2h27m39.905s
INFO [11-16|17:03:43.086] Syncing: chain download in progress      synced=9.51%  chain=62.80GiB headers=6,502,562@3.29GiB bodies=6,502,562@33.22GiB receipts=6,502,562@26.29GiB eta=29h41m9.261s
INFO [11-16|17:03:51.190] Syncing: chain download in progress      synced=9.51%  chain=62.98GiB headers=6,505,617@3.29GiB bodies=6,505,617@33.33GiB receipts=6,505,617@26.36GiB eta=29h45m26.093s
INFO [11-16|17:03:59.205] Syncing: chain download in progress      synced=9.52%  chain=63.19GiB headers=6,509,915@3.29GiB bodies=6,509,915@33.45GiB receipts=6,509,915@26.44GiB eta=29h46m11.704s
INFO [11-16|17:04:07.356] Syncing: chain download in progress      synced=9.52%  chain=63.34GiB headers=6,513,237@3.30GiB bodies=6,513,237@33.54GiB receipts=6,513,237@26.51GiB eta=29h49m45.563s
WARN [11-16|17:04:07.777] Pivot seemingly stale, moving            old=68,410,430 new=68,410,494
INFO [11-16|17:04:08.030] Syncing: state download in progress      synced=11.30% state=105.33GiB      accounts=75,188,443@12.70GiB slots=432,182,106@89.08GiB codes=469,412@3.55GiB eta=2h27m15.286s
INFO [11-16|17:04:15.398] Syncing: chain download in progress      synced=9.53%  chain=63.53GiB headers=6,518,090@3.30GiB bodies=6,518,090@33.65GiB receipts=6,518,090@26.58GiB eta=29h49m3.028s
INFO [11-16|17:04:16.032] Syncing: state download in progress      synced=11.32% state=105.64GiB      accounts=75,455,661@12.72GiB slots=433,526,892@89.37GiB codes=470,073@3.55GiB eta=2h27m20.603s
INFO [11-16|17:04:23.547] Syncing: chain download in progress      synced=9.53%  chain=63.70GiB headers=6,521,954@3.30GiB bodies=6,521,954@33.76GiB receipts=6,521,954@26.64GiB eta=29h51m7.036s
INFO [11-16|17:04:24.050] Syncing: state download in progress      synced=11.34% state=105.98GiB      accounts=75,595,006@12.75GiB slots=434,934,174@89.67GiB codes=470,982@3.56GiB eta=2h27m22.334s
INFO [11-16|17:04:31.752] Syncing: chain download in progress      synced=9.54%  chain=63.90GiB headers=6,526,189@3.30GiB bodies=6,526,189@33.88GiB receipts=6,526,189@26.72GiB eta=29h52m16.171s
INFO [11-16|17:04:39.998] Syncing: chain download in progress      synced=9.55%  chain=64.07GiB headers=6,530,351@3.31GiB bodies=6,530,351@33.97GiB receipts=6,530,351@26.80GiB eta=29h53m39.407s
INFO [11-16|17:04:48.060] Syncing: chain download in progress      synced=9.55%  chain=64.27GiB headers=6,534,291@3.31GiB bodies=6,534,291@34.09GiB receipts=6,534,291@26.88GiB eta=29h55m19.910s
WARN [11-16|17:04:55.882] Pivot seemingly stale, moving            old=68,410,494 new=68,410,558
INFO [11-16|17:04:56.014] Syncing: state download in progress      synced=11.36% state=106.22GiB      accounts=75,680,725@12.77GiB slots=436,002,224@89.89GiB codes=471,682@3.56GiB eta=2h26m59.410s
INFO [11-16|17:04:56.614] Syncing: chain download in progress      synced=9.56%  chain=64.46GiB headers=6,538,266@3.31GiB bodies=6,538,266@34.20GiB receipts=6,538,266@26.95GiB eta=29h57m37.264s
INFO [11-16|17:05:04.017] Syncing: state download in progress      synced=11.37% state=106.53GiB      accounts=75,927,388@12.79GiB slots=437,422,216@90.18GiB codes=472,272@3.57GiB eta=2h27m7.810s
INFO [11-16|17:05:04.652] Syncing: chain download in progress      synced=9.56%  chain=64.64GiB headers=6,543,372@3.31GiB bodies=6,543,372@34.31GiB receipts=6,543,372@27.02GiB eta=29h56m12.823s
INFO [11-16|17:05:12.053] Syncing: state download in progress      synced=11.39% state=106.85GiB      accounts=76,034,610@12.81GiB slots=438,854,636@90.47GiB codes=473,092@3.57GiB eta=2h27m12.772s
INFO [11-16|17:05:12.667] Syncing: chain download in progress      synced=9.57%  chain=64.81GiB headers=6,548,406@3.32GiB bodies=6,548,406@34.40GiB receipts=6,548,406@27.09GiB eta=29h54m58.418s
INFO [11-16|17:05:20.917] Syncing: chain download in progress      synced=9.58%  chain=64.98GiB headers=6,552,994@3.32GiB bodies=6,552,994@34.50GiB receipts=6,552,994@27.16GiB eta=29h55m13.132s
INFO [11-16|17:05:28.928] Syncing: chain download in progress      synced=9.59%  chain=65.16GiB headers=6,557,723@3.32GiB bodies=6,557,723@34.60GiB receipts=6,557,723@27.24GiB eta=29h54m45.662s
INFO [11-16|17:05:37.230] Syncing: chain download in progress      synced=9.59%  chain=65.34GiB headers=6,561,631@3.32GiB bodies=6,561,631@34.70GiB receipts=6,561,631@27.32GiB eta=29h56m46.761s
WARN [11-16|17:05:39.880] Pivot seemingly stale, moving            old=68,410,558 new=68,410,622
INFO [11-16|17:05:40.091] Syncing: state download in progress      synced=11.41% state=107.11GiB      accounts=76,109,769@12.82GiB slots=439,989,019@90.71GiB codes=473,608@3.58GiB eta=2h43m45.098s
INFO [11-16|17:05:45.367] Syncing: chain download in progress      synced=9.60%  chain=65.53GiB headers=6,565,707@3.33GiB bodies=6,565,707@34.81GiB receipts=6,565,707@27.39GiB eta=29h58m7.402s
INFO [11-16|17:05:48.100] Syncing: state download in progress      synced=11.43% state=107.40GiB      accounts=76,399,389@12.85GiB slots=441,256,852@90.97GiB codes=474,324@3.58GiB eta=2h43m46.563s
INFO [11-16|17:05:54.483] Syncing: chain download in progress      synced=9.60%  chain=65.70GiB headers=6,569,890@3.33GiB bodies=6,569,890@34.90GiB receipts=6,569,890@27.46GiB eta=30h0m33.594s
INFO [11-16|17:05:56.176] Syncing: state download in progress      synced=11.46% state=107.71GiB      accounts=76,560,130@12.88GiB slots=442,596,649@91.24GiB codes=475,440@3.59GiB eta=2h43m41.944s
INFO [11-16|17:06:02.843] Syncing: chain download in progress      synced=9.61%  chain=65.89GiB headers=6,575,653@3.33GiB bodies=6,575,653@35.01GiB receipts=6,575,653@27.54GiB eta=29h58m0.564s
INFO [11-16|17:06:04.234] Syncing: state download in progress      synced=11.49% state=108.05GiB      accounts=76,731,721@12.91GiB slots=444,028,257@91.53GiB codes=476,509@3.60GiB eta=2h43m38.326s
INFO [11-16|17:06:10.868] Syncing: chain download in progress      synced=9.62%  chain=66.06GiB headers=6,580,280@3.33GiB bodies=6,580,280@35.11GiB receipts=6,580,280@27.62GiB eta=29h57m48.472s
INFO [11-16|17:06:18.994] Syncing: chain download in progress      synced=9.62%  chain=66.23GiB headers=6,583,859@3.34GiB bodies=6,583,859@35.21GiB receipts=6,583,859@27.69GiB eta=30h0m18.032s
INFO [11-16|17:06:27.099] Syncing: chain download in progress      synced=9.63%  chain=66.39GiB headers=6,586,240@3.34GiB bodies=6,586,240@35.30GiB receipts=6,586,240@27.75GiB eta=30h5m39.439s
WARN [11-16|17:06:30.026] Pivot seemingly stale, moving            old=68,410,622 new=68,410,686
INFO [11-16|17:06:30.028] Syncing: state download in progress      synced=11.49% state=108.11GiB      accounts=76,763,887@12.92GiB slots=444,291,524@91.59GiB codes=476,955@3.60GiB eta=2h43m13.336s
INFO [11-16|17:06:35.227] Syncing: chain download in progress      synced=9.63%  chain=66.58GiB headers=6,590,241@3.34GiB bodies=6,590,241@35.41GiB receipts=6,590,241@27.83GiB eta=30h7m4.220s
INFO [11-16|17:06:38.073] Syncing: state download in progress      synced=11.53% state=108.39GiB      accounts=77,128,687@12.96GiB slots=445,384,134@91.81GiB codes=478,252@3.61GiB eta=2h42m59.160s
INFO [11-16|17:06:43.389] Syncing: chain download in progress      synced=9.64%  chain=66.72GiB headers=6,593,091@3.34GiB bodies=6,593,091@35.49GiB receipts=6,593,091@27.89GiB eta=30h11m17.866s
INFO [11-16|17:06:46.080] Syncing: state download in progress      synced=11.58% state=108.69GiB      accounts=77,396,598@13.02GiB slots=446,459,954@92.04GiB codes=479,994@3.63GiB eta=2h42m34.589s
INFO [11-16|17:06:51.504] Syncing: chain download in progress      synced=9.64%  chain=66.88GiB headers=6,597,022@3.34GiB bodies=6,597,022@35.58GiB receipts=6,597,022@27.95GiB eta=30h12m48.930s
INFO [11-16|17:06:54.580] Syncing: state download in progress      synced=11.62% state=108.97GiB      accounts=77,632,565@13.07GiB slots=447,528,960@92.26GiB codes=481,886@3.64GiB eta=2h42m13.510s
INFO [11-16|17:06:59.590] Syncing: chain download in progress      synced=9.65%  chain=67.07GiB headers=6,601,734@3.35GiB bodies=6,601,734@35.69GiB receipts=6,601,734@28.03GiB eta=30h12m23.950s
INFO [11-16|17:07:07.714] Syncing: chain download in progress      synced=9.66%  chain=67.26GiB headers=6,606,641@3.35GiB bodies=6,606,641@35.81GiB receipts=6,606,641@28.11GiB eta=30h11m34.464s
INFO [11-16|17:07:15.745] Syncing: chain download in progress      synced=9.66%  chain=67.46GiB headers=6,611,186@3.35GiB bodies=6,611,186@35.92GiB receipts=6,611,186@28.19GiB eta=30h11m29.499s
WARN [11-16|17:07:17.028] Pivot seemingly stale, moving            old=68,410,686 new=68,410,750
INFO [11-16|17:07:17.146] Syncing: state download in progress      synced=11.62% state=108.97GiB      accounts=77,632,565@13.07GiB slots=447,528,960@92.26GiB codes=481,886@3.64GiB eta=2h41m50.944s
INFO [11-16|17:07:18.030] Keeping suspended storage retrieval      account=40d00e..f23842
INFO [11-16|17:07:23.833] Syncing: chain download in progress      synced=9.67%  chain=67.62GiB headers=6,614,891@3.35GiB bodies=6,614,891@36.01GiB receipts=6,614,891@28.25GiB eta=30h13m27.985s
INFO [11-16|17:07:25.166] Syncing: state download in progress      synced=11.66% state=109.22GiB      accounts=78,000,754@13.11GiB slots=448,497,849@92.46GiB codes=483,290@3.65GiB eta=2h41m31.906s
INFO [11-16|17:07:32.119] Syncing: chain download in progress      synced=9.67%  chain=67.78GiB headers=6,618,299@3.36GiB bodies=6,618,299@36.11GiB receipts=6,618,299@28.32GiB eta=30h16m22.727s
INFO [11-16|17:07:33.194] Syncing: state download in progress      synced=11.71% state=109.50GiB      accounts=78,268,660@13.16GiB slots=449,494,454@92.67GiB codes=485,235@3.67GiB eta=2h41m5.849s
INFO [11-16|17:07:40.422] Syncing: chain download in progress      synced=9.68%  chain=67.96GiB headers=6,621,516@3.36GiB bodies=6,621,516@36.22GiB receipts=6,621,516@28.38GiB eta=30h19m44.171s
INFO [11-16|17:07:41.203] Syncing: state download in progress      synced=11.76% state=109.79GiB      accounts=78,547,039@13.22GiB slots=450,543,658@92.89GiB codes=487,164@3.68GiB eta=2h40m39.304s
INFO [11-16|17:07:48.633] Syncing: chain download in progress      synced=9.68%  chain=68.15GiB headers=6,625,377@3.36GiB bodies=6,625,377@36.33GiB receipts=6,625,377@28.46GiB eta=30h21m26.091s
INFO [11-16|17:07:56.818] Syncing: chain download in progress      synced=9.69%  chain=68.34GiB headers=6,629,884@3.36GiB bodies=6,629,884@36.45GiB receipts=6,629,884@28.53GiB eta=30h21m34.738s
INFO [11-16|17:08:04.942] Syncing: chain download in progress      synced=9.70%  chain=68.55GiB headers=6,634,973@3.37GiB bodies=6,634,973@36.57GiB receipts=6,634,973@28.61GiB eta=30h20m17.658s
WARN [11-16|17:08:08.018] Pivot seemingly stale, moving            old=68,410,750 new=68,410,814
INFO [11-16|17:08:08.019] Syncing: state download in progress      synced=11.76% state=109.81GiB      accounts=78,568,468@13.23GiB slots=450,622,142@92.90GiB codes=487,310@3.68GiB eta=2h40m11.031s
INFO [11-16|17:08:08.299] Keeping suspended storage retrieval      account=40d89a..f82254
INFO [11-16|17:08:09.352] Keeping suspended storage retrieval      account=605579..938c74
INFO [11-16|17:08:12.944] Syncing: chain download in progress      synced=9.70%  chain=68.73GiB headers=6,639,119@3.37GiB bodies=6,639,119@36.69GiB receipts=6,639,119@28.68GiB eta=30h21m2.206s
INFO [11-16|17:08:16.033] Syncing: state download in progress      synced=11.81% state=110.06GiB      accounts=78,979,851@13.28GiB slots=451,477,366@93.08GiB codes=489,079@3.70GiB eta=2h56m22.434s
INFO [11-16|17:08:22.016] Syncing: chain download in progress      synced=9.71%  chain=68.89GiB headers=6,642,174@3.37GiB bodies=6,642,174@36.78GiB receipts=6,642,174@28.74GiB eta=30h25m38.220s
INFO [11-16|17:08:24.094] Syncing: state download in progress      synced=11.85% state=110.38GiB      accounts=79,183,600@13.32GiB slots=452,744,401@93.34GiB codes=490,786@3.71GiB eta=2h56m11.320s
INFO [11-16|17:08:30.522] Syncing: chain download in progress      synced=9.72%  chain=69.11GiB headers=6,646,414@3.37GiB bodies=6,646,414@36.92GiB receipts=6,646,414@28.82GiB eta=30h26m46.054s
INFO [11-16|17:08:38.531] Syncing: chain download in progress      synced=9.72%  chain=69.31GiB headers=6,650,019@3.37GiB bodies=6,650,019@37.04GiB receipts=6,650,019@28.90GiB eta=30h28m42.128s
INFO [11-16|17:08:46.634] Syncing: chain download in progress      synced=9.73%  chain=69.50GiB headers=6,653,920@3.38GiB bodies=6,653,920@37.15GiB receipts=6,653,920@28.97GiB eta=30h30m3.757s
INFO [11-16|17:08:54.651] Syncing: chain download in progress      synced=9.73%  chain=69.69GiB headers=6,658,004@3.38GiB bodies=6,658,004@37.26GiB receipts=6,658,004@29.04GiB eta=30h30m53.432s
WARN [11-16|17:09:00.209] Pivot seemingly stale, moving            old=68,410,814 new=68,410,878
INFO [11-16|17:09:00.289] Syncing: state download in progress      synced=11.86% state=110.61GiB      accounts=79,237,270@13.33GiB slots=453,843,618@93.57GiB codes=491,188@3.71GiB eta=2h55m50.861s
INFO [11-16|17:09:02.723] Syncing: chain download in progress      synced=9.74%  chain=69.89GiB headers=6,662,444@3.38GiB bodies=6,662,444@37.39GiB receipts=6,662,444@29.12GiB eta=30h30m58.553s
INFO [11-16|17:09:08.325] Syncing: state download in progress      synced=11.87% state=110.92GiB      accounts=79,472,835@13.35GiB slots=455,263,982@93.85GiB codes=491,554@3.72GiB eta=2h56m2.767s
INFO [11-16|17:09:10.742] Syncing: chain download in progress      synced=9.74%  chain=70.09GiB headers=6,665,500@3.38GiB bodies=6,665,500@37.52GiB receipts=6,665,500@29.20GiB eta=30h34m5.514s
INFO [11-16|17:09:16.334] Syncing: state download in progress      synced=11.87% state=111.29GiB      accounts=79,483,526@13.35GiB slots=457,070,570@94.22GiB codes=491,729@3.72GiB eta=2h56m32.612s
INFO [11-16|17:09:18.998] Syncing: chain download in progress      synced=9.75%  chain=70.28GiB headers=6,669,618@3.39GiB bodies=6,669,618@37.63GiB receipts=6,669,618@29.27GiB eta=30h35m6.214s
INFO [11-16|17:09:27.159] Syncing: chain download in progress      synced=9.75%  chain=70.47GiB headers=6,673,298@3.39GiB bodies=6,673,298@37.75GiB receipts=6,673,298@29.34GiB eta=30h36m57.632s
INFO [11-16|17:09:35.165] Syncing: chain download in progress      synced=9.76%  chain=70.67GiB headers=6,677,178@3.39GiB bodies=6,677,178@37.87GiB receipts=6,677,178@29.42GiB eta=30h38m10.033s
INFO [11-16|17:09:43.351] Syncing: chain download in progress      synced=9.77%  chain=70.85GiB headers=6,680,728@3.39GiB bodies=6,680,728@37.97GiB receipts=6,680,728@29.48GiB eta=30h40m18.509s
INFO [11-16|17:09:51.398] Syncing: chain download in progress      synced=9.77%  chain=71.05GiB headers=6,685,245@3.39GiB bodies=6,685,245@38.10GiB receipts=6,685,245@29.56GiB eta=30h40m8.145s
WARN [11-16|17:09:53.121] Pivot seemingly stale, moving            old=68,410,878 new=68,410,942
INFO [11-16|17:09:53.861] Syncing: state download in progress      synced=11.87% state=111.36GiB      accounts=79,483,526@13.35GiB slots=457,374,461@94.29GiB codes=491,729@3.72GiB eta=2h56m2.570s
INFO [11-16|17:09:59.527] Syncing: chain download in progress      synced=9.78%  chain=71.23GiB headers=6,689,167@3.40GiB bodies=6,689,167@38.20GiB receipts=6,689,167@29.63GiB eta=30h41m21.853s
INFO [11-16|17:10:01.892] Syncing: state download in progress      synced=11.89% state=111.68GiB      accounts=79,710,464@13.36GiB slots=458,883,042@94.59GiB codes=492,180@3.72GiB eta=2h56m17.504s
INFO [11-16|17:10:07.567] Syncing: chain download in progress      synced=9.78%  chain=71.41GiB headers=6,692,495@3.40GiB bodies=6,692,495@38.31GiB receipts=6,692,495@29.70GiB eta=30h43m46.181s
INFO [11-16|17:10:15.931] Syncing: chain download in progress      synced=9.79%  chain=71.61GiB headers=6,696,267@3.40GiB bodies=6,696,267@38.44GiB receipts=6,696,267@29.77GiB eta=30h45m34.579s
INFO [11-16|17:10:24.082] Syncing: chain download in progress      synced=9.79%  chain=71.83GiB headers=6,699,800@3.40GiB bodies=6,699,800@38.57GiB receipts=6,699,800@29.85GiB eta=30h47m37.772s
INFO [11-16|17:10:32.200] Syncing: chain download in progress      synced=9.80%  chain=72.01GiB headers=6,702,799@3.40GiB bodies=6,702,799@38.68GiB receipts=6,702,799@29.92GiB eta=30h50m47.073s
INFO [11-16|17:10:40.224] Syncing: chain download in progress      synced=9.80%  chain=72.20GiB headers=6,705,662@3.41GiB bodies=6,705,662@38.79GiB receipts=6,705,662@30.00GiB eta=30h54m5.919s
INFO [11-16|17:10:48.315] Syncing: chain download in progress      synced=9.81%  chain=72.42GiB headers=6,708,684@3.41GiB bodies=6,708,684@38.93GiB receipts=6,708,684@30.07GiB eta=30h57m7.490s
WARN [11-16|17:10:54.298] Pivot seemingly stale, moving            old=68,410,942 new=68,411,006
INFO [11-16|17:10:54.334] Syncing: state download in progress      synced=11.89% state=111.85GiB      accounts=79,742,555@13.37GiB slots=459,699,510@94.76GiB codes=492,451@3.72GiB eta=3h12m27.997s
INFO [11-16|17:10:56.408] Syncing: chain download in progress      synced=9.81%  chain=72.62GiB headers=6,711,507@3.41GiB bodies=6,711,507@39.06GiB receipts=6,711,507@30.15GiB eta=31h0m33.829s
INFO [11-16|17:11:04.898] Syncing: chain download in progress      synced=9.81%  chain=72.81GiB headers=6,713,824@3.41GiB bodies=6,713,824@39.19GiB receipts=6,713,824@30.21GiB eta=31h5m32.076s
INFO [11-16|17:11:13.335] Syncing: chain download in progress      synced=9.82%  chain=73.04GiB headers=6,717,331@3.41GiB bodies=6,717,331@39.33GiB receipts=6,717,331@30.29GiB eta=31h7m51.125s
INFO [11-16|17:11:21.827] Syncing: chain download in progress      synced=9.82%  chain=73.25GiB headers=6,721,282@3.42GiB bodies=6,721,282@39.47GiB receipts=6,721,282@30.37GiB eta=31h9m15.619s
INFO [11-16|17:11:29.839] Syncing: chain download in progress      synced=9.83%  chain=73.45GiB headers=6,724,249@3.42GiB bodies=6,724,249@39.60GiB receipts=6,724,249@30.44GiB eta=31h12m12.263s
INFO [11-16|17:11:38.134] Syncing: chain download in progress      synced=9.83%  chain=73.63GiB headers=6,726,285@3.42GiB bodies=6,726,285@39.71GiB receipts=6,726,285@30.50GiB eta=31h17m26.786s
INFO [11-16|17:11:46.388] Syncing: chain download in progress      synced=9.84%  chain=73.89GiB headers=6,728,971@3.42GiB bodies=6,728,971@39.88GiB receipts=6,728,971@30.59GiB eta=31h21m13.436s
INFO [11-16|17:11:55.400] Syncing: chain download in progress      synced=9.84%  chain=74.09GiB headers=6,730,970@3.42GiB bodies=6,730,970@40.01GiB receipts=6,730,970@30.66GiB eta=31h27m19.179s
INFO [11-16|17:12:03.434] Syncing: chain download in progress      synced=9.84%  chain=74.30GiB headers=6,733,125@3.42GiB bodies=6,733,125@40.14GiB receipts=6,733,125@30.74GiB eta=31h31m55.919s
INFO [11-16|17:12:11.479] Syncing: chain download in progress      synced=9.85%  chain=74.50GiB headers=6,735,081@3.42GiB bodies=6,735,081@40.27GiB receipts=6,735,081@30.81GiB eta=31h36m57.553s
WARN [11-16|17:12:14.315] Pivot seemingly stale, moving            old=68,411,006 new=68,411,070
INFO [11-16|17:12:14.839] Syncing: state download in progress      synced=11.89% state=111.86GiB      accounts=79,909,188@13.37GiB slots=459,699,510@94.76GiB codes=492,451@3.72GiB eta=3h11m5.903s
INFO [11-16|17:12:19.480] Syncing: chain download in progress      synced=9.85%  chain=74.69GiB headers=6,736,775@3.42GiB bodies=6,736,775@40.39GiB receipts=6,736,775@30.88GiB eta=31h42m28.697s
INFO [11-16|17:12:27.599] Syncing: chain download in progress      synced=9.85%  chain=74.87GiB headers=6,738,581@3.43GiB bodies=6,738,581@40.50GiB receipts=6,738,581@30.95GiB eta=31h47m52.095s
INFO [11-16|17:12:35.653] Syncing: chain download in progress      synced=9.85%  chain=75.10GiB headers=6,740,601@3.43GiB bodies=6,740,601@40.65GiB receipts=6,740,601@31.03GiB eta=31h52m42.144s
INFO [11-16|17:12:43.712] Syncing: chain download in progress      synced=9.86%  chain=75.26GiB headers=6,742,672@3.43GiB bodies=6,742,672@40.73GiB receipts=6,742,672@31.10GiB eta=31h57m24.678s
INFO [11-16|17:12:51.807] Syncing: chain download in progress      synced=9.86%  chain=75.45GiB headers=6,744,954@3.43GiB bodies=6,744,954@40.84GiB receipts=6,744,954@31.18GiB eta=32h1m41.022s
INFO [11-16|17:13:00.139] Syncing: chain download in progress      synced=9.86%  chain=75.65GiB headers=6,746,625@3.43GiB bodies=6,746,625@40.98GiB receipts=6,746,625@31.23GiB eta=32h7m30.926s
INFO [11-16|17:13:08.176] Syncing: chain download in progress      synced=9.86%  chain=75.85GiB headers=6,748,166@3.43GiB bodies=6,748,166@41.13GiB receipts=6,748,166@31.29GiB eta=32h13m16.370s
INFO [11-16|17:13:16.305] Syncing: chain download in progress      synced=9.87%  chain=76.06GiB headers=6,750,410@3.43GiB bodies=6,750,410@41.26GiB receipts=6,750,410@31.36GiB eta=32h17m35.933s
INFO [11-16|17:13:24.313] Syncing: chain download in progress      synced=9.87%  chain=76.24GiB headers=6,752,217@3.43GiB bodies=6,752,217@41.38GiB receipts=6,752,217@31.43GiB eta=32h22m42.547s
INFO [11-16|17:13:32.340] Syncing: chain download in progress      synced=9.87%  chain=76.42GiB headers=6,754,092@3.43GiB bodies=6,754,092@41.49GiB receipts=6,754,092@31.50GiB eta=32h27m40.320s
INFO [11-16|17:13:40.366] Syncing: chain download in progress      synced=9.88%  chain=76.61GiB headers=6,756,031@3.44GiB bodies=6,756,031@41.61GiB receipts=6,756,031@31.57GiB eta=32h32m28.581s
INFO [11-16|17:13:48.382] Syncing: chain download in progress      synced=9.88%  chain=76.80GiB headers=6,757,985@3.44GiB bodies=6,757,985@41.72GiB receipts=6,757,985@31.64GiB eta=32h37m12.973s
INFO [11-16|17:13:56.422] Syncing: chain download in progress      synced=9.88%  chain=77.01GiB headers=6,759,956@3.44GiB bodies=6,759,956@41.85GiB receipts=6,759,956@31.72GiB eta=32h41m55.465s
WARN [11-16|17:13:58.354] Pivot seemingly stale, moving            old=68,411,070 new=68,411,134
INFO [11-16|17:13:58.495] Syncing: state download in progress      synced=11.89% state=111.86GiB      accounts=79,909,188@13.37GiB slots=459,699,510@94.76GiB codes=492,451@3.72GiB eta=3h26m12.061s
INFO [11-16|17:14:04.423] Syncing: chain download in progress      synced=9.88%  chain=77.20GiB headers=6,761,632@3.44GiB bodies=6,761,632@41.99GiB receipts=6,761,632@31.78GiB eta=32h47m12.471s
INFO [11-16|17:14:12.605] Syncing: chain download in progress      synced=9.89%  chain=77.42GiB headers=6,763,560@3.44GiB bodies=6,763,560@42.13GiB receipts=6,763,560@31.85GiB eta=32h52m7.648s
INFO [11-16|17:14:20.724] Syncing: chain download in progress      synced=9.89%  chain=77.54GiB headers=6,764,744@3.44GiB bodies=6,764,744@42.20GiB receipts=6,764,744@31.90GiB eta=32h58m33.809s
INFO [11-16|17:14:28.763] Syncing: chain download in progress      synced=9.89%  chain=77.75GiB headers=6,766,774@3.44GiB bodies=6,766,774@42.34GiB receipts=6,766,774@31.97GiB eta=33h3m3.724s
INFO [11-16|17:14:36.851] Syncing: chain download in progress      synced=9.89%  chain=77.95GiB headers=6,768,871@3.44GiB bodies=6,768,871@42.47GiB receipts=6,768,871@32.04GiB eta=33h7m26.957s
INFO [11-16|17:14:44.877] Syncing: chain download in progress      synced=9.90%  chain=78.16GiB headers=6,770,902@3.44GiB bodies=6,770,902@42.61GiB receipts=6,770,902@32.11GiB eta=33h11m53.444s
INFO [11-16|17:14:53.079] Syncing: chain download in progress      synced=9.90%  chain=78.36GiB headers=6,773,749@3.45GiB bodies=6,773,749@42.73GiB receipts=6,773,749@32.19GiB eta=33h14m44.392s
INFO [11-16|17:15:01.367] Syncing: chain download in progress      synced=9.91%  chain=78.57GiB headers=6,777,133@3.45GiB bodies=6,777,133@42.85GiB receipts=6,777,133@32.27GiB eta=33h16m30.365s
INFO [11-16|17:15:09.460] Syncing: chain download in progress      synced=9.91%  chain=78.78GiB headers=6,780,420@3.45GiB bodies=6,780,420@42.98GiB receipts=6,780,420@32.35GiB eta=33h18m15.343s
ERROR[11-16|17:15:18.133] Delivery timeout from unknown peer       peer=da15ca1fb4b0a75cf450c585128d7f2f80ccb3b096ff604b90073da8120be9b3
INFO [11-16|17:15:18.169] Syncing: chain download in progress      synced=9.91%  chain=78.92GiB headers=6,782,443@3.45GiB bodies=6,782,443@43.06GiB receipts=6,782,443@32.41GiB eta=33h23m22.632s
WARN [11-16|17:15:22.505] Pivot seemingly stale, moving            old=68,411,134 new=68,411,198
INFO [11-16|17:15:22.526] Syncing: state download in progress      synced=11.89% state=111.86GiB      accounts=79,909,188@13.37GiB slots=459,699,510@94.76GiB codes=492,451@3.72GiB eta=3h41m37.844s
INFO [11-16|17:15:26.236] Syncing: chain download in progress      synced=9.92%  chain=79.18GiB headers=6,785,965@3.45GiB bodies=6,785,965@43.21GiB receipts=6,785,965@32.51GiB eta=33h24m33.597s
INFO [11-16|17:15:34.368] Syncing: chain download in progress      synced=9.92%  chain=79.37GiB headers=6,788,313@3.45GiB bodies=6,788,313@43.33GiB receipts=6,788,313@32.59GiB eta=33h28m18.991s
INFO [11-16|17:15:43.059] Syncing: chain download in progress      synced=9.93%  chain=79.53GiB headers=6,790,195@3.46GiB bodies=6,790,195@43.42GiB receipts=6,790,195@32.65GiB eta=33h33m39.253s
INFO [11-16|17:15:51.230] Syncing: chain download in progress      synced=9.93%  chain=79.74GiB headers=6,792,440@3.46GiB bodies=6,792,440@43.55GiB receipts=6,792,440@32.74GiB eta=33h37m37.937s
INFO [11-16|17:15:59.525] Syncing: chain download in progress      synced=9.93%  chain=79.95GiB headers=6,794,459@3.46GiB bodies=6,794,459@43.68GiB receipts=6,794,459@32.81GiB eta=33h42m12.478s
INFO [11-16|17:16:07.608] Syncing: chain download in progress      synced=9.93%  chain=80.16GiB headers=6,796,130@3.46GiB bodies=6,796,130@43.82GiB receipts=6,796,130@32.88GiB eta=33h47m17.078s
INFO [11-16|17:16:15.639] Syncing: chain download in progress      synced=9.94%  chain=80.37GiB headers=6,798,155@3.46GiB bodies=6,798,155@43.96GiB receipts=6,798,155@32.95GiB eta=33h51m31.670s
INFO [11-16|17:16:23.711] Syncing: chain download in progress      synced=9.94%  chain=80.58GiB headers=6,800,990@3.46GiB bodies=6,800,990@44.10GiB receipts=6,800,990@33.02GiB eta=33h54m3.476s
INFO [11-16|17:16:31.779] Syncing: chain download in progress      synced=9.94%  chain=80.78GiB headers=6,803,319@3.46GiB bodies=6,803,319@44.23GiB receipts=6,803,319@33.08GiB eta=33h57m39.172s
INFO [11-16|17:16:39.799] Syncing: chain download in progress      synced=9.95%  chain=80.96GiB headers=6,805,912@3.46GiB bodies=6,805,912@44.35GiB receipts=6,805,912@33.15GiB eta=34h0m36.748s
WARN [11-16|17:16:47.574] Pivot seemingly stale, moving            old=68,411,198 new=68,411,262
INFO [11-16|17:16:47.574] Syncing: state download in progress      synced=11.89% state=111.86GiB      accounts=79,909,188@13.37GiB slots=459,699,510@94.76GiB codes=492,451@3.72GiB eta=3h57m2.610s
INFO [11-16|17:16:47.799] Syncing: chain download in progress      synced=9.95%  chain=81.16GiB headers=6,808,705@3.47GiB bodies=6,808,705@44.47GiB receipts=6,808,705@33.22GiB eta=34h3m6.624s
INFO [11-16|17:16:55.942] Syncing: chain download in progress      synced=9.96%  chain=81.37GiB headers=6,811,809@3.47GiB bodies=6,811,809@44.60GiB receipts=6,811,809@33.30GiB eta=34h5m4.693s
INFO [11-16|17:17:04.027] Syncing: chain download in progress      synced=9.96%  chain=81.51GiB headers=6,814,031@3.47GiB bodies=6,814,031@44.69GiB receipts=6,814,031@33.35GiB eta=34h8m50.887s
INFO [11-16|17:17:12.286] Syncing: chain download in progress      synced=9.97%  chain=81.72GiB headers=6,817,337@3.47GiB bodies=6,817,337@44.82GiB receipts=6,817,337@33.43GiB eta=34h10m28.691s
INFO [11-16|17:17:20.381] Syncing: chain download in progress      synced=9.97%  chain=81.92GiB headers=6,820,318@3.47GiB bodies=6,820,318@44.94GiB receipts=6,820,318@33.50GiB eta=34h12m36.820s
INFO [11-16|17:17:28.432] Syncing: chain download in progress      synced=9.97%  chain=82.12GiB headers=6,823,577@3.47GiB bodies=6,823,577@45.07GiB receipts=6,823,577@33.58GiB eta=34h14m6.072s
INFO [11-16|17:17:36.582] Syncing: chain download in progress      synced=9.98%  chain=82.32GiB headers=6,826,401@3.48GiB bodies=6,826,401@45.20GiB receipts=6,826,401@33.65GiB eta=34h16m35.984s
INFO [11-16|17:17:44.679] Syncing: chain download in progress      synced=9.98%  chain=82.53GiB headers=6,829,352@3.48GiB bodies=6,829,352@45.33GiB receipts=6,829,352@33.72GiB eta=34h18m45.552s
INFO [11-16|17:17:52.843] Syncing: chain download in progress      synced=9.99%  chain=82.71GiB headers=6,832,296@3.48GiB bodies=6,832,296@45.45GiB receipts=6,832,296@33.78GiB eta=34h20m59.431s
WARN [11-16|17:17:54.605] Pivot seemingly stale, moving            old=68,411,262 new=68,411,326
INFO [11-16|17:17:54.731] Syncing: state download in progress      synced=11.89% state=111.86GiB      accounts=79,909,188@13.37GiB slots=459,699,510@94.76GiB codes=492,451@3.72GiB eta=3h55m55.453s
INFO [11-16|17:18:00.927] Syncing: chain download in progress      synced=9.99%  chain=82.95GiB headers=6,836,050@3.48GiB bodies=6,836,050@45.61GiB receipts=6,836,050@33.87GiB eta=34h21m25.641s
INFO [11-16|17:18:09.721] Syncing: chain download in progress      synced=10.00% chain=83.16GiB headers=6,839,026@3.48GiB bodies=6,839,026@45.74GiB receipts=6,839,026@33.94GiB eta=34h24m12.681s
INFO [11-16|17:18:17.789] Syncing: chain download in progress      synced=10.00% chain=83.33GiB headers=6,841,348@3.48GiB bodies=6,841,348@45.84GiB receipts=6,841,348@34.00GiB eta=34h27m36.301s
INFO [11-16|17:18:25.800] Syncing: chain download in progress      synced=10.00% chain=83.53GiB headers=6,843,751@3.49GiB bodies=6,843,751@45.97GiB receipts=6,843,751@34.08GiB eta=34h30m45.274s
INFO [11-16|17:18:33.914] Syncing: chain download in progress      synced=10.01% chain=83.72GiB headers=6,845,931@3.49GiB bodies=6,845,931@46.08GiB receipts=6,845,931@34.15GiB eta=34h34m27.559s
INFO [11-16|17:18:41.963] Syncing: chain download in progress      synced=10.01% chain=83.91GiB headers=6,847,945@3.49GiB bodies=6,847,945@46.20GiB receipts=6,847,945@34.23GiB eta=34h38m25.678s
INFO [11-16|17:18:50.068] Syncing: chain download in progress      synced=10.01% chain=84.11GiB headers=6,850,157@3.49GiB bodies=6,850,157@46.31GiB receipts=6,850,157@34.31GiB eta=34h42m1.463s
INFO [11-16|17:18:58.077] Syncing: chain download in progress      synced=10.02% chain=84.30GiB headers=6,852,479@3.49GiB bodies=6,852,479@46.43GiB receipts=6,852,479@34.38GiB eta=34h45m16.632s
INFO [11-16|17:19:06.140] Syncing: chain download in progress      synced=10.02% chain=84.50GiB headers=6,855,073@3.49GiB bodies=6,855,073@46.55GiB receipts=6,855,073@34.46GiB eta=34h48m0.024s
INFO [11-16|17:19:14.210] Syncing: chain download in progress      synced=10.02% chain=84.70GiB headers=6,857,652@3.49GiB bodies=6,857,652@46.68GiB receipts=6,857,652@34.53GiB eta=34h50m44.971s
WARN [11-16|17:19:15.616] Pivot seemingly stale, moving            old=68,411,326 new=68,411,390
INFO [11-16|17:19:15.684] Syncing: state download in progress      synced=11.89% state=111.86GiB      accounts=79,909,188@13.37GiB slots=459,699,510@94.76GiB codes=492,451@3.72GiB eta=4h11m24.314s
INFO [11-16|17:19:22.243] Syncing: chain download in progress      synced=10.03% chain=84.91GiB headers=6,860,882@3.50GiB bodies=6,860,882@46.80GiB receipts=6,860,882@34.61GiB eta=34h52m5.736s
INFO [11-16|17:19:30.287] Syncing: chain download in progress      synced=10.03% chain=85.11GiB headers=6,864,695@3.50GiB bodies=6,864,695@46.92GiB receipts=6,864,695@34.69GiB eta=34h52m13.962s
INFO [11-16|17:19:38.384] Syncing: chain download in progress      synced=10.04% chain=85.29GiB headers=6,868,858@3.50GiB bodies=6,868,858@47.03GiB receipts=6,868,858@34.76GiB eta=34h51m41.962s
INFO [11-16|17:19:46.413] Syncing: chain download in progress      synced=10.05% chain=85.49GiB headers=6,871,987@3.50GiB bodies=6,871,987@47.15GiB receipts=6,871,987@34.84GiB eta=34h53m13.613s
INFO [11-16|17:19:54.974] Syncing: chain download in progress      synced=10.05% chain=85.67GiB headers=6,874,186@3.50GiB bodies=6,874,186@47.26GiB receipts=6,874,186@34.91GiB eta=34h57m10.782s
INFO [11-16|17:20:03.104] Syncing: chain download in progress      synced=10.05% chain=85.88GiB headers=6,876,518@3.51GiB bodies=6,876,518@47.39GiB receipts=6,876,518@34.99GiB eta=35h0m25.017s
INFO [11-16|17:20:11.137] Syncing: chain download in progress      synced=10.06% chain=86.09GiB headers=6,878,847@3.51GiB bodies=6,878,847@47.52GiB receipts=6,878,847@35.07GiB eta=35h3m32.967s
INFO [11-16|17:20:19.265] Syncing: chain download in progress      synced=10.06% chain=86.27GiB headers=6,880,971@3.51GiB bodies=6,880,971@47.62GiB receipts=6,880,971@35.14GiB eta=35h7m10.920s
WARN [11-16|17:20:25.685] Pivot seemingly stale, moving            old=68,411,390 new=68,411,454
INFO [11-16|17:20:26.177] Syncing: state download in progress      synced=11.89% state=111.86GiB      accounts=79,909,188@13.37GiB slots=459,699,510@94.76GiB codes=492,451@3.72GiB eta=4h10m13.822s
INFO [11-16|17:20:27.416] Syncing: chain download in progress      synced=10.06% chain=86.47GiB headers=6,883,401@3.51GiB bodies=6,883,401@47.75GiB receipts=6,883,401@35.21GiB eta=35h10m11.750s
INFO [11-16|17:20:35.634] Syncing: chain download in progress      synced=10.07% chain=86.66GiB headers=6,885,988@3.51GiB bodies=6,885,988@47.86GiB receipts=6,885,988@35.28GiB eta=35h12m56.175s
INFO [11-16|17:20:43.720] Syncing: chain download in progress      synced=10.07% chain=86.87GiB headers=6,889,234@3.51GiB bodies=6,889,234@47.99GiB receipts=6,889,234@35.36GiB eta=35h14m11.188s
INFO [11-16|17:20:51.796] Syncing: chain download in progress      synced=10.07% chain=87.05GiB headers=6,891,886@3.51GiB bodies=6,891,886@48.10GiB receipts=6,891,886@35.43GiB eta=35h16m37.797s
INFO [11-16|17:20:59.902] Syncing: chain download in progress      synced=10.08% chain=87.26GiB headers=6,895,040@3.52GiB bodies=6,895,040@48.23GiB receipts=6,895,040@35.52GiB eta=35h18m3.991s
INFO [11-16|17:21:07.921] Syncing: chain download in progress      synced=10.08% chain=87.44GiB headers=6,897,616@3.52GiB bodies=6,897,616@48.34GiB receipts=6,897,616@35.59GiB eta=35h20m35.161s
INFO [11-16|17:21:16.027] Syncing: chain download in progress      synced=10.09% chain=87.64GiB headers=6,900,088@3.52GiB bodies=6,900,088@48.45GiB receipts=6,900,088@35.66GiB eta=35h23m23.202s
INFO [11-16|17:21:24.094] Syncing: chain download in progress      synced=10.09% chain=87.83GiB headers=6,902,351@3.52GiB bodies=6,902,351@48.58GiB receipts=6,902,351@35.74GiB eta=35h26m33.683s
INFO [11-16|17:21:32.180] Syncing: chain download in progress      synced=10.09% chain=88.03GiB headers=6,904,442@3.52GiB bodies=6,904,442@48.69GiB receipts=6,904,442@35.81GiB eta=35h30m5.358s
INFO [11-16|17:21:40.298] Syncing: chain download in progress      synced=10.10% chain=88.21GiB headers=6,906,411@3.52GiB bodies=6,906,411@48.80GiB receipts=6,906,411@35.88GiB eta=35h33m52.833s
WARN [11-16|17:21:44.793] Pivot seemingly stale, moving            old=68,411,454 new=68,411,518
INFO [11-16|17:21:44.914] Syncing: state download in progress      synced=11.89% state=111.86GiB      accounts=79,909,188@13.37GiB slots=459,699,510@94.76GiB codes=492,451@3.72GiB eta=4h25m44.898s
INFO [11-16|17:21:48.359] Syncing: chain download in progress      synced=10.10% chain=88.42GiB headers=6,908,806@3.52GiB bodies=6,908,806@48.93GiB receipts=6,908,806@35.96GiB eta=35h36m44.432s
INFO [11-16|17:21:56.373] Syncing: chain download in progress      synced=10.10% chain=88.60GiB headers=6,911,137@3.53GiB bodies=6,911,137@49.05GiB receipts=6,911,137@36.03GiB eta=35h39m40.261s
INFO [11-16|17:22:04.391] Syncing: chain download in progress      synced=10.11% chain=88.80GiB headers=6,913,677@3.53GiB bodies=6,913,677@49.17GiB receipts=6,913,677@36.11GiB eta=35h42m10.057s
INFO [11-16|17:22:12.650] Syncing: chain download in progress      synced=10.11% chain=88.98GiB headers=6,916,580@3.53GiB bodies=6,916,580@49.28GiB receipts=6,916,580@36.17GiB eta=35h44m8.824s
INFO [11-16|17:22:20.860] Syncing: chain download in progress      synced=10.12% chain=89.20GiB headers=6,920,252@3.53GiB bodies=6,920,252@49.42GiB receipts=6,920,252@36.25GiB eta=35h44m31.150s
INFO [11-16|17:22:28.946] Syncing: chain download in progress      synced=10.12% chain=89.41GiB headers=6,923,689@3.53GiB bodies=6,923,689@49.54GiB receipts=6,923,689@36.33GiB eta=35h45m14.563s
INFO [11-16|17:22:36.968] Syncing: chain download in progress      synced=10.12% chain=89.60GiB headers=6,926,494@3.53GiB bodies=6,926,494@49.66GiB receipts=6,926,494@36.41GiB eta=35h47m10.001s
INFO [11-16|17:22:45.023] Syncing: chain download in progress      synced=10.13% chain=89.81GiB headers=6,929,206@3.54GiB bodies=6,929,206@49.79GiB receipts=6,929,206@36.49GiB eta=35h49m17.858s
INFO [11-16|17:22:53.176] Syncing: chain download in progress      synced=10.13% chain=90.01GiB headers=6,931,277@3.54GiB bodies=6,931,277@49.92GiB receipts=6,931,277@36.56GiB eta=35h52m47.527s
WARN [11-16|17:22:58.809] Pivot seemingly stale, moving            old=68,411,518 new=68,411,582
INFO [11-16|17:22:59.191] Syncing: state download in progress      synced=11.89% state=111.86GiB      accounts=79,909,188@13.37GiB slots=459,699,510@94.76GiB codes=492,451@3.72GiB eta=4h41m20.436s
INFO [11-16|17:23:01.584] Syncing: chain download in progress      synced=10.13% chain=90.20GiB headers=6,932,908@3.54GiB bodies=6,932,908@50.05GiB receipts=6,932,908@36.61GiB eta=35h57m23.716s
INFO [11-16|17:23:09.666] Syncing: chain download in progress      synced=10.14% chain=90.41GiB headers=6,935,235@3.54GiB bodies=6,935,235@50.18GiB receipts=6,935,235@36.69GiB eta=36h0m16.975s
INFO [11-16|17:23:17.701] Syncing: chain download in progress      synced=10.14% chain=90.58GiB headers=6,937,433@3.54GiB bodies=6,937,433@50.28GiB receipts=6,937,433@36.76GiB eta=36h3m22.296s
INFO [11-16|17:23:25.855] Syncing: chain download in progress      synced=10.15% chain=90.79GiB headers=6,940,379@3.54GiB bodies=6,940,379@50.41GiB receipts=6,940,379@36.84GiB eta=36h5m3.835s
INFO [11-16|17:23:34.545] Syncing: chain download in progress      synced=10.15% chain=90.98GiB headers=6,943,408@3.54GiB bodies=6,943,408@50.53GiB receipts=6,943,408@36.91GiB eta=36h7m4.550s
INFO [11-16|17:23:42.948] Syncing: chain download in progress      synced=10.15% chain=91.19GiB headers=6,946,864@3.55GiB bodies=6,946,864@50.66GiB receipts=6,946,864@36.99GiB eta=36h7m57.782s
INFO [11-16|17:23:51.311] Syncing: chain download in progress      synced=10.16% chain=91.38GiB headers=6,950,062@3.55GiB bodies=6,950,062@50.78GiB receipts=6,950,062@37.06GiB eta=36h9m19.089s
INFO [11-16|17:24:00.016] Syncing: chain download in progress      synced=10.16% chain=91.53GiB headers=6,952,302@3.55GiB bodies=6,952,302@50.87GiB receipts=6,952,302@37.12GiB eta=36h12m52.648s
INFO [11-16|17:24:08.222] Syncing: chain download in progress      synced=10.17% chain=91.77GiB headers=6,955,994@3.55GiB bodies=6,955,994@51.01GiB receipts=6,955,994@37.21GiB eta=36h13m5.343s
WARN [11-16|17:24:08.946] Pivot seemingly stale, moving            old=68,411,582 new=68,411,646
INFO [11-16|17:24:08.981] Syncing: state download in progress      synced=11.89% state=111.86GiB      accounts=79,909,188@13.37GiB slots=459,699,510@94.76GiB codes=492,451@3.72GiB eta=4h40m10.645s
INFO [11-16|17:24:16.289] Syncing: chain download in progress      synced=10.17% chain=91.96GiB headers=6,958,895@3.55GiB bodies=6,958,895@51.12GiB receipts=6,958,895@37.29GiB eta=36h14m44.101s
INFO [11-16|17:24:24.468] Syncing: chain download in progress      synced=10.18% chain=92.12GiB headers=6,961,046@3.55GiB bodies=6,961,046@51.22GiB receipts=6,961,046@37.35GiB eta=36h17m56.974s
INFO [11-16|17:24:32.474] Syncing: chain download in progress      synced=10.18% chain=92.33GiB headers=6,963,527@3.56GiB bodies=6,963,527@51.34GiB receipts=6,963,527@37.43GiB eta=36h20m20.587s
INFO [11-16|17:24:40.578] Syncing: chain download in progress      synced=10.18% chain=92.52GiB headers=6,966,158@3.56GiB bodies=6,966,158@51.46GiB receipts=6,966,158@37.50GiB eta=36h22m31.210s
INFO [11-16|17:24:48.608] Syncing: chain download in progress      synced=10.19% chain=92.71GiB headers=6,968,714@3.56GiB bodies=6,968,714@51.58GiB receipts=6,968,714@37.57GiB eta=36h24m45.976s
INFO [11-16|17:24:56.727] Syncing: chain download in progress      synced=10.19% chain=92.93GiB headers=6,972,105@3.56GiB bodies=6,972,105@51.71GiB receipts=6,972,105@37.66GiB eta=36h25m26.603s
INFO [11-16|17:25:04.771] Syncing: chain download in progress      synced=10.20% chain=93.13GiB headers=6,975,157@3.56GiB bodies=6,975,157@51.84GiB receipts=6,975,157@37.73GiB eta=36h26m42.721s
INFO [11-16|17:25:12.971] Syncing: chain download in progress      synced=10.20% chain=93.32GiB headers=6,977,935@3.56GiB bodies=6,977,935@51.95GiB receipts=6,977,935@37.80GiB eta=36h28m38.857s
WARN [11-16|17:25:20.936] Pivot seemingly stale, moving            old=68,411,646 new=68,411,710
INFO [11-16|17:25:21.000] Syncing: chain download in progress      synced=10.20% chain=93.51GiB headers=6,980,962@3.57GiB bodies=6,980,962@52.07GiB receipts=6,980,962@37.87GiB eta=36h29m56.192s
INFO [11-16|17:25:21.000] Syncing: state download in progress      synced=11.89% state=111.86GiB      accounts=79,909,188@13.37GiB slots=459,699,510@94.76GiB codes=492,451@3.72GiB eta=4h55m48.441s
INFO [11-16|17:25:29.448] Syncing: chain download in progress      synced=10.21% chain=93.69GiB headers=6,983,417@3.57GiB bodies=6,983,417@52.18GiB receipts=6,983,417@37.94GiB eta=36h32m42.265s
INFO [11-16|17:25:37.511] Syncing: chain download in progress      synced=10.21% chain=93.88GiB headers=6,985,785@3.57GiB bodies=6,985,785@52.30GiB receipts=6,985,785@38.01GiB eta=36h35m17.146s
INFO [11-16|17:25:45.586] Syncing: chain download in progress      synced=10.21% chain=94.08GiB headers=6,988,216@3.57GiB bodies=6,988,216@52.42GiB receipts=6,988,216@38.09GiB eta=36h37m44.632s
INFO [11-16|17:25:53.709] Syncing: chain download in progress      synced=10.22% chain=94.26GiB headers=6,990,502@3.57GiB bodies=6,990,502@52.53GiB receipts=6,990,502@38.16GiB eta=36h40m30.967s
INFO [11-16|17:26:01.766] Syncing: chain download in progress      synced=10.22% chain=94.47GiB headers=6,993,222@3.57GiB bodies=6,993,222@52.66GiB receipts=6,993,222@38.24GiB eta=36h42m22.491s
INFO [11-16|17:26:09.882] Syncing: chain download in progress      synced=10.23% chain=94.64GiB headers=6,995,494@3.57GiB bodies=6,995,494@52.77GiB receipts=6,995,494@38.30GiB eta=36h45m8.708s
INFO [11-16|17:26:18.227] Syncing: chain download in progress      synced=10.23% chain=94.85GiB headers=6,998,446@3.58GiB bodies=6,998,446@52.89GiB receipts=6,998,446@38.38GiB eta=36h46m47.427s
INFO [11-16|17:26:26.352] Syncing: chain download in progress      synced=10.23% chain=95.05GiB headers=7,001,489@3.58GiB bodies=7,001,489@53.02GiB receipts=7,001,489@38.45GiB eta=36h48m3.278s
INFO [11-16|17:26:34.432] Syncing: chain download in progress      synced=10.24% chain=95.23GiB headers=7,004,461@3.58GiB bodies=7,004,461@53.13GiB receipts=7,004,461@38.53GiB eta=36h49m24.679s
WARN [11-16|17:26:37.017] Pivot seemingly stale, moving            old=68,411,710 new=68,411,774
INFO [11-16|17:26:37.029] Syncing: state download in progress      synced=11.89% state=111.86GiB      accounts=79,909,188@13.37GiB slots=459,699,510@94.76GiB codes=492,451@3.72GiB eta=5h11m22.226s
INFO [11-16|17:26:42.434] Syncing: chain download in progress      synced=10.24% chain=95.43GiB headers=7,007,755@3.58GiB bodies=7,007,755@53.25GiB receipts=7,007,755@38.60GiB eta=36h50m4.373s
INFO [11-16|17:26:50.528] Syncing: chain download in progress      synced=10.25% chain=95.62GiB headers=7,010,491@3.58GiB bodies=7,010,491@53.36GiB receipts=7,010,491@38.68GiB eta=36h51m52.855s
INFO [11-16|17:26:58.900] Syncing: chain download in progress      synced=10.25% chain=95.81GiB headers=7,013,372@3.58GiB bodies=7,013,372@53.47GiB receipts=7,013,372@38.76GiB eta=36h53m38.619s
INFO [11-16|17:27:06.984] Syncing: chain download in progress      synced=10.26% chain=95.99GiB headers=7,015,815@3.59GiB bodies=7,015,815@53.58GiB receipts=7,015,815@38.83GiB eta=36h55m59.088s
INFO [11-16|17:27:15.127] Syncing: chain download in progress      synced=10.26% chain=96.15GiB headers=7,017,771@3.59GiB bodies=7,017,771@53.67GiB receipts=7,017,771@38.89GiB eta=36h59m18.005s
INFO [11-16|17:27:23.158] Syncing: chain download in progress      synced=10.26% chain=96.35GiB headers=7,020,153@3.59GiB bodies=7,020,153@53.79GiB receipts=7,020,153@38.97GiB eta=37h1m41.468s
INFO [11-16|17:27:31.195] Syncing: chain download in progress      synced=10.26% chain=96.54GiB headers=7,022,382@3.59GiB bodies=7,022,382@53.91GiB receipts=7,022,382@39.05GiB eta=37h4m22.195s
INFO [11-16|17:27:39.273] Syncing: chain download in progress      synced=10.27% chain=96.74GiB headers=7,025,088@3.59GiB bodies=7,025,088@54.02GiB receipts=7,025,088@39.12GiB eta=37h6m9.755s
INFO [11-16|17:27:47.314] Syncing: chain download in progress      synced=10.27% chain=96.94GiB headers=7,028,148@3.59GiB bodies=7,028,148@54.14GiB receipts=7,028,148@39.20GiB eta=37h7m14.363s
WARN [11-16|17:27:52.075] Pivot seemingly stale, moving            old=68,411,774 new=68,411,838
INFO [11-16|17:27:52.158] Syncing: state download in progress      synced=11.89% state=111.86GiB      accounts=79,909,188@13.37GiB slots=459,699,510@94.76GiB codes=492,451@3.72GiB eta=5h10m7.097s
INFO [11-16|17:27:56.034] Syncing: chain download in progress      synced=10.28% chain=97.12GiB headers=7,031,331@3.59GiB bodies=7,031,331@54.25GiB receipts=7,031,331@39.28GiB eta=37h8m39.582s
INFO [11-16|17:28:04.052] Syncing: chain download in progress      synced=10.28% chain=97.34GiB headers=7,035,348@3.60GiB bodies=7,035,348@54.38GiB receipts=7,035,348@39.37GiB eta=37h7m53.269s
INFO [11-16|17:28:12.078] Syncing: chain download in progress      synced=10.29% chain=97.53GiB headers=7,038,718@3.60GiB bodies=7,038,718@54.49GiB receipts=7,038,718@39.44GiB eta=37h8m20.973s
INFO [11-16|17:28:20.147] Syncing: chain download in progress      synced=10.29% chain=97.73GiB headers=7,041,895@3.60GiB bodies=7,041,895@54.61GiB receipts=7,041,895@39.52GiB eta=37h9m12.538s
INFO [11-16|17:28:28.267] Syncing: chain download in progress      synced=10.30% chain=97.92GiB headers=7,044,714@3.60GiB bodies=7,044,714@54.72GiB receipts=7,044,714@39.59GiB eta=37h10m46.852s
INFO [11-16|17:28:36.272] Syncing: chain download in progress      synced=10.30% chain=98.07GiB headers=7,046,657@3.60GiB bodies=7,046,657@54.81GiB receipts=7,046,657@39.65GiB eta=37h13m53.705s
INFO [11-16|17:28:44.407] Syncing: chain download in progress      synced=10.30% chain=98.25GiB headers=7,048,701@3.60GiB bodies=7,048,701@54.92GiB receipts=7,048,701@39.72GiB eta=37h16m55.110s
INFO [11-16|17:28:52.843] Syncing: chain download in progress      synced=10.31% chain=98.44GiB headers=7,051,039@3.61GiB bodies=7,051,039@55.04GiB receipts=7,051,039@39.80GiB eta=37h19m37.940s
INFO [11-16|17:29:00.882] Syncing: chain download in progress      synced=10.31% chain=98.65GiB headers=7,053,748@3.61GiB bodies=7,053,748@55.17GiB receipts=7,053,748@39.88GiB eta=37h21m18.219s
WARN [11-16|17:29:04.128] Pivot seemingly stale, moving            old=68,411,838 new=68,411,902
INFO [11-16|17:29:04.226] Syncing: state download in progress      synced=11.89% state=111.86GiB      accounts=79,909,188@13.37GiB slots=459,699,510@94.76GiB codes=492,451@3.72GiB eta=5h25m44.842s
INFO [11-16|17:29:09.021] Syncing: chain download in progress      synced=10.31% chain=98.85GiB headers=7,056,653@3.61GiB bodies=7,056,653@55.29GiB receipts=7,056,653@39.96GiB eta=37h22m41.141s
INFO [11-16|17:29:17.030] Syncing: chain download in progress      synced=10.32% chain=99.05GiB headers=7,059,681@3.61GiB bodies=7,059,681@55.41GiB receipts=7,059,681@40.03GiB eta=37h23m43.153s
INFO [11-16|17:29:25.037] Syncing: chain download in progress      synced=10.32% chain=99.23GiB headers=7,062,371@3.61GiB bodies=7,062,371@55.53GiB receipts=7,062,371@40.10GiB eta=37h25m22.588s
INFO [11-16|17:29:33.083] Syncing: chain download in progress      synced=10.33% chain=99.44GiB headers=7,065,805@3.61GiB bodies=7,065,805@55.65GiB receipts=7,065,805@40.17GiB eta=37h25m40.260s
INFO [11-16|17:29:41.128] Syncing: chain download in progress      synced=10.33% chain=99.62GiB headers=7,068,658@3.62GiB bodies=7,068,658@55.76GiB receipts=7,068,658@40.25GiB eta=37h27m2.574s
INFO [11-16|17:29:49.422] Syncing: chain download in progress      synced=10.34% chain=99.80GiB headers=7,071,347@3.62GiB bodies=7,071,347@55.87GiB receipts=7,071,347@40.32GiB eta=37h28m55.174s
INFO [11-16|17:29:57.561] Syncing: chain download in progress      synced=10.34% chain=99.99GiB headers=7,073,698@3.62GiB bodies=7,073,698@55.98GiB receipts=7,073,698@40.39GiB eta=37h31m17.152s
INFO [11-16|17:30:05.605] Syncing: chain download in progress      synced=10.34% chain=100.19GiB headers=7,075,810@3.62GiB bodies=7,075,810@56.10GiB receipts=7,075,810@40.47GiB eta=37h34m0.562s
INFO [11-16|17:30:13.681] Syncing: chain download in progress      synced=10.35% chain=100.38GiB headers=7,077,912@3.62GiB bodies=7,077,912@56.21GiB receipts=7,077,912@40.55GiB eta=37h36m46.007s
WARN [11-16|17:30:20.291] Pivot seemingly stale, moving            old=68,411,902 new=68,411,966
INFO [11-16|17:30:20.330] Syncing: state download in progress      synced=11.89% state=111.86GiB      accounts=79,909,188@13.37GiB slots=459,699,510@94.76GiB codes=492,451@3.72GiB eta=5h24m28.739s
INFO [11-16|17:30:21.685] Syncing: chain download in progress      synced=10.35% chain=100.55GiB headers=7,079,778@3.62GiB bodies=7,079,778@56.31GiB receipts=7,079,778@40.61GiB eta=37h39m53.691s
INFO [11-16|17:30:29.893] Syncing: chain download in progress      synced=10.35% chain=100.74GiB headers=7,082,272@3.62GiB bodies=7,082,272@56.43GiB receipts=7,082,272@40.69GiB eta=37h42m0.834s
INFO [11-16|17:30:38.048] Syncing: chain download in progress      synced=10.36% chain=100.94GiB headers=7,084,763@3.63GiB bodies=7,084,763@56.55GiB receipts=7,084,763@40.76GiB eta=37h44m5.274s
INFO [11-16|17:30:46.139] Syncing: chain download in progress      synced=10.36% chain=101.15GiB headers=7,087,738@3.63GiB bodies=7,087,738@56.69GiB receipts=7,087,738@40.84GiB eta=37h45m12.273s
INFO [11-16|17:30:54.590] Syncing: chain download in progress      synced=10.36% chain=101.36GiB headers=7,090,439@3.63GiB bodies=7,090,439@56.82GiB receipts=7,090,439@40.91GiB eta=37h47m6.845s
INFO [11-16|17:31:02.760] Syncing: chain download in progress      synced=10.37% chain=101.56GiB headers=7,093,519@3.63GiB bodies=7,093,519@56.94GiB receipts=7,093,519@40.99GiB eta=37h48m5.317s
INFO [11-16|17:31:10.765] Syncing: chain download in progress      synced=10.37% chain=101.75GiB headers=7,096,131@3.63GiB bodies=7,096,131@57.06GiB receipts=7,096,131@41.06GiB eta=37h49m47.006s
INFO [11-16|17:31:18.774] Syncing: chain download in progress      synced=10.38% chain=101.94GiB headers=7,098,501@3.63GiB bodies=7,098,501@57.17GiB receipts=7,098,501@41.14GiB eta=37h51m55.222s
INFO [11-16|17:31:26.835] Syncing: chain download in progress      synced=10.38% chain=102.13GiB headers=7,100,671@3.63GiB bodies=7,100,671@57.29GiB receipts=7,100,671@41.21GiB eta=37h54m27.416s
INFO [11-16|17:31:34.877] Syncing: chain download in progress      synced=10.38% chain=102.31GiB headers=7,102,624@3.64GiB bodies=7,102,624@57.40GiB receipts=7,102,624@41.28GiB eta=37h57m22.031s
WARN [11-16|17:31:41.348] Pivot seemingly stale, moving            old=68,411,966 new=68,412,030
INFO [11-16|17:31:41.381] Syncing: state download in progress      synced=11.89% state=111.86GiB      accounts=79,909,188@13.37GiB slots=459,699,510@94.76GiB codes=492,451@3.72GiB eta=5h39m57.502s
INFO [11-16|17:31:42.907] Syncing: chain download in progress      synced=10.39% chain=102.49GiB headers=7,104,617@3.64GiB bodies=7,104,617@57.51GiB receipts=7,104,617@41.35GiB eta=38h0m11.293s
INFO [11-16|17:31:51.031] Syncing: chain download in progress      synced=10.39% chain=102.69GiB headers=7,106,788@3.64GiB bodies=7,106,788@57.63GiB receipts=7,106,788@41.42GiB eta=38h2m44.799s
INFO [11-16|17:31:59.136] Syncing: chain download in progress      synced=10.39% chain=102.89GiB headers=7,109,240@3.64GiB bodies=7,109,240@57.75GiB receipts=7,109,240@41.50GiB eta=38h4m45.912s
INFO [11-16|17:32:07.366] Syncing: chain download in progress      synced=10.39% chain=103.07GiB headers=7,111,297@3.64GiB bodies=7,111,297@57.86GiB receipts=7,111,297@41.57GiB eta=38h7m35.896s
INFO [11-16|17:32:15.517] Syncing: chain download in progress      synced=10.40% chain=103.28GiB headers=7,114,023@3.64GiB bodies=7,114,023@57.98GiB receipts=7,114,023@41.65GiB eta=38h9m8.053s
INFO [11-16|17:32:23.571] Syncing: chain download in progress      synced=10.40% chain=103.47GiB headers=7,116,559@3.64GiB bodies=7,116,559@58.10GiB receipts=7,116,559@41.73GiB eta=38h10m56.013s
INFO [11-16|17:32:31.621] Syncing: chain download in progress      synced=10.41% chain=103.64GiB headers=7,119,274@3.65GiB bodies=7,119,274@58.20GiB receipts=7,119,274@41.79GiB eta=38h12m23.641s
INFO [11-16|17:32:39.629] Syncing: chain download in progress      synced=10.41% chain=103.84GiB headers=7,123,031@3.65GiB bodies=7,123,031@58.32GiB receipts=7,123,031@41.87GiB eta=38h11m55.107s
INFO [11-16|17:32:47.738] Syncing: chain download in progress      synced=10.42% chain=104.03GiB headers=7,126,095@3.65GiB bodies=7,126,095@58.43GiB receipts=7,126,095@41.95GiB eta=38h12m46.883s
WARN [11-16|17:32:54.429] Pivot seemingly stale, moving            old=68,412,030 new=68,412,094
INFO [11-16|17:32:54.436] Syncing: state download in progress      synced=11.89% state=111.86GiB      accounts=79,909,188@13.37GiB slots=459,699,510@94.76GiB codes=492,451@3.72GiB eta=5h55m34.261s
INFO [11-16|17:32:55.818] Syncing: chain download in progress      synced=10.42% chain=104.21GiB headers=7,128,945@3.65GiB bodies=7,128,945@58.54GiB receipts=7,128,945@42.02GiB eta=38h14m0.481s
INFO [11-16|17:33:04.117] Syncing: chain download in progress      synced=10.42% chain=104.39GiB headers=7,131,020@3.65GiB bodies=7,131,020@58.65GiB receipts=7,131,020@42.09GiB eta=38h16m48.143s
INFO [11-16|17:33:12.179] Syncing: chain download in progress      synced=10.43% chain=104.60GiB headers=7,133,036@3.65GiB bodies=7,133,036@58.78GiB receipts=7,133,036@42.17GiB eta=38h19m30.411s
INFO [11-16|17:33:20.219] Syncing: chain download in progress      synced=10.43% chain=104.78GiB headers=7,135,041@3.65GiB bodies=7,135,041@58.89GiB receipts=7,135,041@42.24GiB eta=38h22m12.326s
INFO [11-16|17:33:28.253] Syncing: chain download in progress      synced=10.43% chain=104.98GiB headers=7,137,876@3.66GiB bodies=7,137,876@59.01GiB receipts=7,137,876@42.32GiB eta=38h23m23.385s
INFO [11-16|17:33:36.376] Syncing: chain download in progress      synced=10.44% chain=105.18GiB headers=7,140,786@3.66GiB bodies=7,140,786@59.13GiB receipts=7,140,786@42.39GiB eta=38h24m30.102s
INFO [11-16|17:33:44.612] Syncing: chain download in progress      synced=10.44% chain=105.36GiB headers=7,143,610@3.66GiB bodies=7,143,610@59.24GiB receipts=7,143,610@42.46GiB eta=38h25m51.098s
INFO [11-16|17:33:52.661] Syncing: chain download in progress      synced=10.45% chain=105.57GiB headers=7,146,948@3.66GiB bodies=7,146,948@59.37GiB receipts=7,146,948@42.54GiB eta=38h26m7.454s
INFO [11-16|17:34:00.763] Syncing: chain download in progress      synced=10.45% chain=105.77GiB headers=7,150,061@3.66GiB bodies=7,150,061@59.49GiB receipts=7,150,061@42.62GiB eta=38h26m50.413s
INFO [11-16|17:34:08.765] Syncing: chain download in progress      synced=10.46% chain=105.96GiB headers=7,153,064@3.67GiB bodies=7,153,064@59.60GiB receipts=7,153,064@42.69GiB eta=38h27m40.293s
WARN [11-16|17:34:09.375] Pivot seemingly stale, moving            old=68,412,094 new=68,412,158
INFO [11-16|17:34:09.388] Syncing: state download in progress      synced=11.89% state=111.86GiB      accounts=79,909,188@13.37GiB slots=459,699,510@94.76GiB codes=492,451@3.72GiB eta=5h54m19.309s
INFO [11-16|17:34:16.944] Syncing: chain download in progress      synced=10.46% chain=106.14GiB headers=7,155,908@3.67GiB bodies=7,155,908@59.71GiB receipts=7,155,908@42.76GiB eta=38h28m55.358s
INFO [11-16|17:34:24.978] Syncing: chain download in progress      synced=10.46% chain=106.36GiB headers=7,158,889@3.67GiB bodies=7,158,889@59.84GiB receipts=7,158,889@42.85GiB eta=38h29m48.522s
INFO [11-16|17:34:33.026] Syncing: chain download in progress      synced=10.47% chain=106.55GiB headers=7,161,060@3.67GiB bodies=7,161,060@59.96GiB receipts=7,161,060@42.92GiB eta=38h32m8.653s
INFO [11-16|17:34:41.043] Syncing: chain download in progress      synced=10.47% chain=106.74GiB headers=7,163,070@3.67GiB bodies=7,163,070@60.08GiB receipts=7,163,070@42.99GiB eta=38h34m44.083s
INFO [11-16|17:34:49.403] Syncing: chain download in progress      synced=10.47% chain=106.91GiB headers=7,165,024@3.67GiB bodies=7,165,024@60.18GiB receipts=7,165,024@43.05GiB eta=38h37m40.882s
INFO [11-16|17:34:57.501] Syncing: chain download in progress      synced=10.48% chain=107.14GiB headers=7,167,618@3.67GiB bodies=7,167,618@60.33GiB receipts=7,167,618@43.14GiB eta=38h39m16.659s
INFO [11-16|17:35:05.655] Syncing: chain download in progress      synced=10.48% chain=107.34GiB headers=7,170,360@3.68GiB bodies=7,170,360@60.45GiB receipts=7,170,360@43.21GiB eta=38h40m38.800s
INFO [11-16|17:35:13.709] Syncing: chain download in progress      synced=10.49% chain=107.54GiB headers=7,173,251@3.68GiB bodies=7,173,251@60.58GiB receipts=7,173,251@43.29GiB eta=38h41m40.080s
INFO [11-16|17:35:21.808] Syncing: chain download in progress      synced=10.49% chain=107.74GiB headers=7,176,543@3.68GiB bodies=7,176,543@60.70GiB receipts=7,176,543@43.36GiB eta=38h42m0.515s
WARN [11-16|17:35:24.458] Pivot seemingly stale, moving            old=68,412,158 new=68,412,222
INFO [11-16|17:35:24.789] Syncing: state download in progress      synced=11.89% state=111.86GiB      accounts=79,909,188@13.37GiB slots=459,699,510@94.76GiB codes=492,451@3.72GiB eta=6h9m53.722s
INFO [11-16|17:35:29.888] Syncing: chain download in progress      synced=10.49% chain=107.94GiB headers=7,179,693@3.68GiB bodies=7,179,693@60.82GiB receipts=7,179,693@43.44GiB eta=38h42m35.132s
INFO [11-16|17:35:37.987] Syncing: chain download in progress      synced=10.50% chain=108.13GiB headers=7,182,557@3.68GiB bodies=7,182,557@60.94GiB receipts=7,182,557@43.51GiB eta=38h43m40.559s
INFO [11-16|17:35:46.082] Syncing: chain download in progress      synced=10.50% chain=108.33GiB headers=7,185,054@3.68GiB bodies=7,185,054@61.06GiB receipts=7,185,054@43.58GiB eta=38h45m24.286s
INFO [11-16|17:35:54.221] Syncing: chain download in progress      synced=10.51% chain=108.50GiB headers=7,186,912@3.68GiB bodies=7,186,912@61.17GiB receipts=7,186,912@43.64GiB eta=38h48m17.177s
INFO [11-16|17:36:02.506] Syncing: chain download in progress      synced=10.51% chain=108.72GiB headers=7,188,971@3.69GiB bodies=7,188,971@61.31GiB receipts=7,188,971@43.72GiB eta=38h50m54.966s
INFO [11-16|17:36:10.578] Syncing: chain download in progress      synced=10.51% chain=108.91GiB headers=7,190,993@3.69GiB bodies=7,190,993@61.43GiB receipts=7,190,993@43.80GiB eta=38h53m26.461s
INFO [11-16|17:36:18.818] Syncing: chain download in progress      synced=10.51% chain=109.11GiB headers=7,193,140@3.69GiB bodies=7,193,140@61.56GiB receipts=7,193,140@43.86GiB eta=38h55m51.905s
INFO [11-16|17:36:26.933] Syncing: chain download in progress      synced=10.52% chain=109.30GiB headers=7,195,366@3.69GiB bodies=7,195,366@61.68GiB receipts=7,195,366@43.93GiB eta=38h58m2.771s
INFO [11-16|17:36:35.137] Syncing: chain download in progress      synced=10.52% chain=109.51GiB headers=7,197,683@3.69GiB bodies=7,197,683@61.81GiB receipts=7,197,683@44.00GiB eta=39h0m7.726s
INFO [11-16|17:36:43.308] Syncing: chain download in progress      synced=10.52% chain=109.73GiB headers=7,200,294@3.69GiB bodies=7,200,294@61.96GiB receipts=7,200,294@44.08GiB eta=39h1m39.738s
WARN [11-16|17:36:49.581] Pivot seemingly stale, moving            old=68,412,222 new=68,412,286
INFO [11-16|17:36:49.805] Syncing: state download in progress      synced=11.89% state=111.86GiB      accounts=79,909,188@13.37GiB slots=459,699,510@94.76GiB codes=492,451@3.72GiB eta=6h25m18.520s
INFO [11-16|17:36:51.403] Syncing: chain download in progress      synced=10.53% chain=109.92GiB headers=7,202,732@3.69GiB bodies=7,202,732@62.09GiB receipts=7,202,732@44.14GiB eta=39h3m26.241s
INFO [11-16|17:36:59.417] Syncing: chain download in progress      synced=10.53% chain=110.12GiB headers=7,205,512@3.70GiB bodies=7,205,512@62.21GiB receipts=7,205,512@44.21GiB eta=39h4m32.691s
INFO [11-16|17:37:07.501] Syncing: chain download in progress      synced=10.54% chain=110.32GiB headers=7,208,684@3.70GiB bodies=7,208,684@62.34GiB receipts=7,208,684@44.29GiB eta=39h5m0.838s
INFO [11-16|17:37:15.543] Syncing: chain download in progress      synced=10.54% chain=110.53GiB headers=7,211,321@3.70GiB bodies=7,211,321@62.47GiB receipts=7,211,321@44.36GiB eta=39h6m22.966s
INFO [11-16|17:37:23.630] Syncing: chain download in progress      synced=10.54% chain=110.71GiB headers=7,213,476@3.70GiB bodies=7,213,476@62.59GiB receipts=7,213,476@44.42GiB eta=39h8m37.114s
INFO [11-16|17:37:31.654] Syncing: chain download in progress      synced=10.55% chain=110.93GiB headers=7,215,688@3.70GiB bodies=7,215,688@62.73GiB receipts=7,215,688@44.50GiB eta=39h10m42.124s
INFO [11-16|17:37:39.754] Syncing: chain download in progress      synced=10.55% chain=111.13GiB headers=7,217,883@3.70GiB bodies=7,217,883@62.85GiB receipts=7,217,883@44.58GiB eta=39h12m51.816s
INFO [11-16|17:37:47.812] Syncing: chain download in progress      synced=10.55% chain=111.32GiB headers=7,219,818@3.70GiB bodies=7,219,818@62.97GiB receipts=7,219,818@44.65GiB eta=39h15m26.391s
INFO [11-16|17:37:55.885] Syncing: chain download in progress      synced=10.56% chain=111.52GiB headers=7,221,883@3.70GiB bodies=7,221,883@63.09GiB receipts=7,221,883@44.72GiB eta=39h17m47.622s
INFO [11-16|17:38:03.934] Syncing: chain download in progress      synced=10.56% chain=111.70GiB headers=7,224,015@3.71GiB bodies=7,224,015@63.20GiB receipts=7,224,015@44.79GiB eta=39h20m0.305s
INFO [11-16|17:38:11.942] Syncing: chain download in progress      synced=10.56% chain=111.90GiB headers=7,226,332@3.71GiB bodies=7,226,332@63.33GiB receipts=7,226,332@44.87GiB eta=39h21m51.503s
WARN [11-16|17:38:13.615] Pivot seemingly stale, moving            old=68,412,286 new=68,412,350
INFO [11-16|17:38:13.753] Syncing: state download in progress      synced=11.89% state=111.86GiB      accounts=79,909,188@13.37GiB slots=459,699,510@94.76GiB codes=492,451@3.72GiB eta=6h23m54.573s
INFO [11-16|17:38:19.984] Syncing: chain download in progress      synced=10.57% chain=112.09GiB headers=7,229,176@3.71GiB bodies=7,229,176@63.45GiB receipts=7,229,176@44.94GiB eta=39h22m49.000s
INFO [11-16|17:38:28.179] Syncing: chain download in progress      synced=10.57% chain=112.28GiB headers=7,231,940@3.71GiB bodies=7,231,940@63.56GiB receipts=7,231,940@45.01GiB eta=39h24m1.151s
INFO [11-16|17:38:36.217] Syncing: chain download in progress      synced=10.58% chain=112.49GiB headers=7,235,226@3.71GiB bodies=7,235,226@63.69GiB receipts=7,235,226@45.09GiB eta=39h24m11.886s
INFO [11-16|17:38:44.388] Syncing: chain download in progress      synced=10.58% chain=112.69GiB headers=7,238,083@3.71GiB bodies=7,238,083@63.81GiB receipts=7,238,083@45.16GiB eta=39h25m12.798s
INFO [11-16|17:38:52.392] Syncing: chain download in progress      synced=10.58% chain=112.86GiB headers=7,240,697@3.72GiB bodies=7,240,697@63.91GiB receipts=7,240,697@45.24GiB eta=39h26m31.273s
INFO [11-16|17:39:00.400] Syncing: chain download in progress      synced=10.59% chain=113.05GiB headers=7,243,090@3.72GiB bodies=7,243,090@64.02GiB receipts=7,243,090@45.31GiB eta=39h28m12.398s
INFO [11-16|17:39:08.403] Syncing: chain download in progress      synced=10.59% chain=113.23GiB headers=7,244,919@3.72GiB bodies=7,244,919@64.14GiB receipts=7,244,919@45.38GiB eta=39h30m51.283s
INFO [11-16|17:39:16.560] Syncing: chain download in progress      synced=10.59% chain=113.45GiB headers=7,247,027@3.72GiB bodies=7,247,027@64.27GiB receipts=7,247,027@45.46GiB eta=39h33m7.550s
INFO [11-16|17:39:24.816] Syncing: chain download in progress      synced=10.60% chain=113.65GiB headers=7,248,969@3.72GiB bodies=7,248,969@64.39GiB receipts=7,248,969@45.54GiB eta=39h35m44.868s
INFO [11-16|17:39:32.970] Syncing: chain download in progress      synced=10.60% chain=113.86GiB headers=7,251,241@3.72GiB bodies=7,251,241@64.53GiB receipts=7,251,241@45.62GiB eta=39h37m43.240s
WARN [11-16|17:39:34.753] Pivot seemingly stale, moving            old=68,412,350 new=68,412,414
INFO [11-16|17:39:34.827] Syncing: state download in progress      synced=11.89% state=111.86GiB      accounts=79,909,188@13.37GiB slots=459,699,510@94.76GiB codes=492,451@3.72GiB eta=6h39m23.313s
INFO [11-16|17:39:41.058] Syncing: chain download in progress      synced=10.60% chain=114.05GiB headers=7,253,406@3.72GiB bodies=7,253,406@64.63GiB receipts=7,253,406@45.69GiB eta=39h39m49.464s
INFO [11-16|17:39:49.135] Syncing: chain download in progress      synced=10.61% chain=114.25GiB headers=7,255,964@3.72GiB bodies=7,255,964@64.76GiB receipts=7,255,964@45.77GiB eta=39h41m14.248s
INFO [11-16|17:39:57.388] Syncing: chain download in progress      synced=10.61% chain=114.46GiB headers=7,258,635@3.73GiB bodies=7,258,635@64.89GiB receipts=7,258,635@45.84GiB eta=39h42m34.541s
INFO [11-16|17:40:05.445] Syncing: chain download in progress      synced=10.61% chain=114.66GiB headers=7,260,649@3.73GiB bodies=7,260,649@65.02GiB receipts=7,260,649@45.92GiB eta=39h44m53.723s
INFO [11-16|17:40:13.534] Syncing: chain download in progress      synced=10.62% chain=114.85GiB headers=7,262,988@3.73GiB bodies=7,262,988@65.14GiB receipts=7,262,988@45.99GiB eta=39h46m40.459s
INFO [11-16|17:40:21.555] Syncing: chain download in progress      synced=10.62% chain=115.02GiB headers=7,264,788@3.73GiB bodies=7,264,788@65.24GiB receipts=7,264,788@46.05GiB eta=39h49m19.202s
INFO [11-16|17:40:29.681] Syncing: chain download in progress      synced=10.62% chain=115.21GiB headers=7,266,629@3.73GiB bodies=7,266,629@65.35GiB receipts=7,266,629@46.13GiB eta=39h51m57.840s
INFO [11-16|17:40:37.757] Syncing: chain download in progress      synced=10.62% chain=115.41GiB headers=7,268,708@3.73GiB bodies=7,268,708@65.47GiB receipts=7,268,708@46.21GiB eta=39h54m9.433s
INFO [11-16|17:40:45.799] Syncing: chain download in progress      synced=10.63% chain=115.61GiB headers=7,270,689@3.73GiB bodies=7,270,689@65.59GiB receipts=7,270,689@46.28GiB eta=39h56m29.318s
INFO [11-16|17:40:53.934] Syncing: chain download in progress      synced=10.63% chain=115.80GiB headers=7,272,521@3.73GiB bodies=7,272,521@65.71GiB receipts=7,272,521@46.36GiB eta=39h59m7.947s
INFO [11-16|17:41:02.030] Syncing: chain download in progress      synced=10.63% chain=116.00GiB headers=7,274,360@3.74GiB bodies=7,274,360@65.84GiB receipts=7,274,360@46.43GiB eta=40h1m43.860s
WARN [11-16|17:41:09.737] Pivot seemingly stale, moving            old=68,412,414 new=68,412,478
INFO [11-16|17:41:09.833] Syncing: state download in progress      synced=11.89% state=111.86GiB      accounts=79,909,188@13.37GiB slots=459,699,510@94.76GiB codes=492,451@3.72GiB eta=6h54m38.120s
INFO [11-16|17:41:10.126] Syncing: chain download in progress      synced=10.64% chain=116.20GiB headers=7,276,296@3.74GiB bodies=7,276,296@65.95GiB receipts=7,276,296@46.51GiB eta=40h4m9.476s
INFO [11-16|17:41:18.193] Syncing: chain download in progress      synced=10.64% chain=116.39GiB headers=7,278,357@3.74GiB bodies=7,278,357@66.07GiB receipts=7,278,357@46.58GiB eta=40h6m20.514s
INFO [11-16|17:41:26.222] Syncing: chain download in progress      synced=10.64% chain=116.59GiB headers=7,280,588@3.74GiB bodies=7,280,588@66.19GiB receipts=7,280,588@46.66GiB eta=40h8m12.129s
INFO [11-16|17:41:34.749] Syncing: chain download in progress      synced=10.65% chain=116.75GiB headers=7,282,526@3.74GiB bodies=7,282,526@66.28GiB receipts=7,282,526@46.73GiB eta=40h10m54.434s
INFO [11-16|17:41:42.856] Syncing: chain download in progress      synced=10.65% chain=116.98GiB headers=7,285,448@3.74GiB bodies=7,285,448@66.42GiB receipts=7,285,448@46.82GiB eta=40h11m37.827s
INFO [11-16|17:41:50.972] Syncing: chain download in progress      synced=10.65% chain=117.18GiB headers=7,287,787@3.74GiB bodies=7,287,787@66.54GiB receipts=7,287,787@46.89GiB eta=40h13m20.969s
INFO [11-16|17:41:59.060] Syncing: chain download in progress      synced=10.66% chain=117.37GiB headers=7,290,036@3.74GiB bodies=7,290,036@66.66GiB receipts=7,290,036@46.97GiB eta=40h15m11.774s
INFO [11-16|17:42:07.101] Syncing: chain download in progress      synced=10.66% chain=117.57GiB headers=7,291,911@3.75GiB bodies=7,291,911@66.78GiB receipts=7,291,911@47.04GiB eta=40h17m38.419s
INFO [11-16|17:42:15.202] Syncing: chain download in progress      synced=10.66% chain=117.78GiB headers=7,293,961@3.75GiB bodies=7,293,961@66.92GiB receipts=7,293,961@47.12GiB eta=40h19m49.298s
INFO [11-16|17:42:23.231] Syncing: chain download in progress      synced=10.66% chain=117.97GiB headers=7,296,100@3.75GiB bodies=7,296,100@67.03GiB receipts=7,296,100@47.19GiB eta=40h21m47.611s
INFO [11-16|17:42:31.311] Syncing: chain download in progress      synced=10.67% chain=118.17GiB headers=7,298,193@3.75GiB bodies=7,298,193@67.16GiB receipts=7,298,193@47.27GiB eta=40h23m52.502s
INFO [11-16|17:42:39.445] Syncing: chain download in progress      synced=10.67% chain=118.37GiB headers=7,300,419@3.75GiB bodies=7,300,419@67.28GiB receipts=7,300,419@47.34GiB eta=40h25m45.640s
WARN [11-16|17:42:39.913] Pivot seemingly stale, moving            old=68,412,478 new=68,412,542
INFO [11-16|17:42:39.916] Syncing: state download in progress      synced=11.89% state=111.86GiB      accounts=79,909,188@13.37GiB slots=459,699,510@94.76GiB codes=492,451@3.72GiB eta=7h9m57.851s
INFO [11-16|17:42:47.576] Syncing: chain download in progress      synced=10.67% chain=118.57GiB headers=7,302,392@3.75GiB bodies=7,302,392@67.41GiB receipts=7,302,392@47.41GiB eta=40h28m4.214s
INFO [11-16|17:42:55.824] Syncing: chain download in progress      synced=10.68% chain=118.78GiB headers=7,304,346@3.75GiB bodies=7,304,346@67.54GiB receipts=7,304,346@47.49GiB eta=40h30m29.087s
INFO [11-16|17:43:03.912] Syncing: chain download in progress      synced=10.68% chain=118.97GiB headers=7,306,257@3.75GiB bodies=7,306,257@67.66GiB receipts=7,306,257@47.56GiB eta=40h32m51.243s
INFO [11-16|17:43:12.005] Syncing: chain download in progress      synced=10.68% chain=119.18GiB headers=7,308,356@3.75GiB bodies=7,308,356@67.78GiB receipts=7,308,356@47.64GiB eta=40h34m54.059s
INFO [11-16|17:43:20.104] Syncing: chain download in progress      synced=10.69% chain=119.37GiB headers=7,310,239@3.76GiB bodies=7,310,239@67.91GiB receipts=7,310,239@47.71GiB eta=40h37m18.769s
INFO [11-16|17:43:28.226] Syncing: chain download in progress      synced=10.69% chain=119.57GiB headers=7,312,266@3.76GiB bodies=7,312,266@68.03GiB receipts=7,312,266@47.79GiB eta=40h39m29.377s
INFO [11-16|17:43:36.271] Syncing: chain download in progress      synced=10.69% chain=119.78GiB headers=7,314,304@3.76GiB bodies=7,314,304@68.15GiB receipts=7,314,304@47.87GiB eta=40h41m35.306s
INFO [11-16|17:43:44.280] Syncing: chain download in progress      synced=10.69% chain=119.92GiB headers=7,315,713@3.76GiB bodies=7,315,713@68.23GiB receipts=7,315,713@47.93GiB eta=40h44m43.222s
INFO [11-16|17:43:52.306] Syncing: chain download in progress      synced=10.70% chain=120.15GiB headers=7,317,708@3.76GiB bodies=7,317,708@68.37GiB receipts=7,317,708@48.02GiB eta=40h46m52.046s
INFO [11-16|17:44:00.336] Syncing: chain download in progress      synced=10.70% chain=120.34GiB headers=7,319,441@3.76GiB bodies=7,319,441@68.48GiB receipts=7,319,441@48.10GiB eta=40h49m27.152s
INFO [11-16|17:44:08.387] Syncing: chain download in progress      synced=10.70% chain=120.54GiB headers=7,321,309@3.76GiB bodies=7,321,309@68.60GiB receipts=7,321,309@48.18GiB eta=40h51m49.033s
INFO [11-16|17:44:16.551] Syncing: chain download in progress      synced=10.70% chain=120.73GiB headers=7,323,192@3.76GiB bodies=7,323,192@68.72GiB receipts=7,323,192@48.25GiB eta=40h54m13.740s
WARN [11-16|17:44:23.987] Pivot seemingly stale, moving            old=68,412,542 new=68,412,606
INFO [11-16|17:44:23.997] Syncing: state download in progress      synced=11.89% state=111.86GiB      accounts=79,909,188@13.37GiB slots=459,699,510@94.76GiB codes=492,451@3.72GiB eta=7h8m13.771s
INFO [11-16|17:44:24.606] Syncing: chain download in progress      synced=10.71% chain=120.93GiB headers=7,325,094@3.76GiB bodies=7,325,094@68.84GiB receipts=7,325,094@48.33GiB eta=40h56m31.765s
INFO [11-16|17:44:32.664] Syncing: chain download in progress      synced=10.71% chain=121.10GiB headers=7,326,718@3.76GiB bodies=7,326,718@68.93GiB receipts=7,326,718@48.40GiB eta=40h59m17.604s
INFO [11-16|17:44:40.715] Syncing: chain download in progress      synced=10.71% chain=121.29GiB headers=7,328,714@3.77GiB bodies=7,328,714@69.04GiB receipts=7,328,714@48.49GiB eta=41h1m25.030s
INFO [11-16|17:44:48.845] Syncing: chain download in progress      synced=10.72% chain=121.48GiB headers=7,330,659@3.77GiB bodies=7,330,659@69.14GiB receipts=7,330,659@48.57GiB eta=41h3m40.510s
INFO [11-16|17:44:56.913] Syncing: chain download in progress      synced=10.72% chain=121.67GiB headers=7,332,594@3.77GiB bodies=7,332,594@69.25GiB receipts=7,332,594@48.65GiB eta=41h5m54.051s
INFO [11-16|17:45:05.491] Syncing: chain download in progress      synced=10.72% chain=121.84GiB headers=7,334,343@3.77GiB bodies=7,334,343@69.35GiB receipts=7,334,343@48.72GiB eta=41h8m46.881s
INFO [11-16|17:45:13.520] Syncing: chain download in progress      synced=10.72% chain=122.03GiB headers=7,336,273@3.77GiB bodies=7,336,273@69.46GiB receipts=7,336,273@48.80GiB eta=41h10m58.645s
INFO [11-16|17:45:21.529] Syncing: chain download in progress      synced=10.73% chain=122.22GiB headers=7,338,236@3.77GiB bodies=7,338,236@69.57GiB receipts=7,338,236@48.89GiB eta=41h13m5.861s
INFO [11-16|17:45:29.608] Syncing: chain download in progress      synced=10.73% chain=122.40GiB headers=7,340,000@3.77GiB bodies=7,340,000@69.67GiB receipts=7,340,000@48.96GiB eta=41h15m35.662s
INFO [11-16|17:45:37.701] Syncing: chain download in progress      synced=10.73% chain=122.60GiB headers=7,341,845@3.77GiB bodies=7,341,845@69.78GiB receipts=7,341,845@49.05GiB eta=41h17m57.561s
INFO [11-16|17:45:45.792] Syncing: chain download in progress      synced=10.73% chain=122.79GiB headers=7,343,710@3.77GiB bodies=7,343,710@69.89GiB receipts=7,343,710@49.13GiB eta=41h20m16.899s
INFO [11-16|17:45:53.870] Syncing: chain download in progress      synced=10.74% chain=122.98GiB headers=7,345,964@3.78GiB bodies=7,345,964@70.00GiB receipts=7,345,964@49.21GiB eta=41h21m56.013s
INFO [11-16|17:46:01.933] Syncing: chain download in progress      synced=10.74% chain=123.18GiB headers=7,347,903@3.78GiB bodies=7,347,903@70.12GiB receipts=7,347,903@49.28GiB eta=41h24m6.116s
INFO [11-16|17:46:10.321] Syncing: chain download in progress      synced=10.74% chain=123.37GiB headers=7,349,651@3.78GiB bodies=7,349,651@70.24GiB receipts=7,349,651@49.36GiB eta=41h26m48.185s
WARN [11-16|17:46:11.140] Pivot seemingly stale, moving            old=68,412,606 new=68,412,670
INFO [11-16|17:46:11.150] Syncing: state download in progress      synced=11.89% state=111.86GiB      accounts=79,909,188@13.37GiB slots=459,699,510@94.76GiB codes=492,451@3.72GiB eta=7h23m16.432s
INFO [11-16|17:46:18.506] Syncing: chain download in progress      synced=10.75% chain=123.57GiB headers=7,351,428@3.78GiB bodies=7,351,428@70.36GiB receipts=7,351,428@49.43GiB eta=41h29m18.973s
INFO [11-16|17:46:26.510] Syncing: chain download in progress      synced=10.75% chain=123.76GiB headers=7,353,184@3.78GiB bodies=7,353,184@70.48GiB receipts=7,353,184@49.51GiB eta=41h31m44.029s
INFO [11-16|17:46:34.727] Syncing: chain download in progress      synced=10.75% chain=123.98GiB headers=7,355,041@3.78GiB bodies=7,355,041@70.61GiB receipts=7,355,041@49.59GiB eta=41h34m7.119s
INFO [11-16|17:46:42.964] Syncing: chain download in progress      synced=10.75% chain=124.16GiB headers=7,356,964@3.78GiB bodies=7,356,964@70.72GiB receipts=7,356,964@49.66GiB eta=41h36m23.933s
INFO [11-16|17:46:51.060] Syncing: chain download in progress      synced=10.76% chain=124.34GiB headers=7,358,609@3.78GiB bodies=7,358,609@70.83GiB receipts=7,358,609@49.73GiB eta=41h39m2.851s
INFO [11-16|17:46:59.132] Syncing: chain download in progress      synced=10.76% chain=124.54GiB headers=7,360,514@3.78GiB bodies=7,360,514@70.95GiB receipts=7,360,514@49.81GiB eta=41h41m14.136s
INFO [11-16|17:47:07.150] Syncing: chain download in progress      synced=10.76% chain=124.72GiB headers=7,362,579@3.78GiB bodies=7,362,579@71.05GiB receipts=7,362,579@49.88GiB eta=41h43m6.825s
INFO [11-16|17:47:15.360] Syncing: chain download in progress      synced=10.77% chain=124.93GiB headers=7,365,281@3.79GiB bodies=7,365,281@71.17GiB receipts=7,365,281@49.97GiB eta=41h44m2.569s
INFO [11-16|17:47:23.417] Syncing: chain download in progress      synced=10.77% chain=125.12GiB headers=7,367,867@3.79GiB bodies=7,367,867@71.29GiB receipts=7,367,867@50.05GiB eta=41h45m3.720s
INFO [11-16|17:47:31.478] Syncing: chain download in progress      synced=10.77% chain=125.29GiB headers=7,369,971@3.79GiB bodies=7,369,971@71.39GiB receipts=7,369,971@50.12GiB eta=41h46m53.239s
INFO [11-16|17:47:39.529] Syncing: chain download in progress      synced=10.78% chain=125.47GiB headers=7,371,543@3.79GiB bodies=7,371,543@71.49GiB receipts=7,371,543@50.19GiB eta=41h49m35.519s
INFO [11-16|17:47:47.593] Syncing: chain download in progress      synced=10.78% chain=125.68GiB headers=7,373,619@3.79GiB bodies=7,373,619@71.61GiB receipts=7,373,619@50.27GiB eta=41h51m27.349s
WARN [11-16|17:47:51.145] Pivot seemingly stale, moving            old=68,412,670 new=68,412,734
INFO [11-16|17:47:51.265] Syncing: state download in progress      synced=11.89% state=111.86GiB      accounts=79,909,188@13.37GiB slots=459,699,510@94.76GiB codes=492,451@3.72GiB eta=7h38m26.131s
INFO [11-16|17:47:55.796] Syncing: chain download in progress      synced=10.78% chain=125.88GiB headers=7,375,622@3.79GiB bodies=7,375,622@71.73GiB receipts=7,375,622@50.36GiB eta=41h53m31.778s
INFO [11-16|17:48:03.829] Syncing: chain download in progress      synced=10.78% chain=126.06GiB headers=7,377,415@3.79GiB bodies=7,377,415@71.83GiB receipts=7,377,415@50.43GiB eta=41h55m50.109s
INFO [11-16|17:48:11.845] Syncing: chain download in progress      synced=10.79% chain=126.23GiB headers=7,379,045@3.79GiB bodies=7,379,045@71.93GiB receipts=7,379,045@50.50GiB eta=41h58m23.789s
INFO [11-16|17:48:19.869] Syncing: chain download in progress      synced=10.79% chain=126.43GiB headers=7,380,844@3.80GiB bodies=7,380,844@72.05GiB receipts=7,380,844@50.58GiB eta=42h0m40.441s
INFO [11-16|17:48:27.996] Syncing: chain download in progress      synced=10.79% chain=126.60GiB headers=7,382,627@3.80GiB bodies=7,382,627@72.15GiB receipts=7,382,627@50.65GiB eta=42h3m2.495s
INFO [11-16|17:48:36.042] Syncing: chain download in progress      synced=10.79% chain=126.79GiB headers=7,384,932@3.80GiB bodies=7,384,932@72.27GiB receipts=7,384,932@50.73GiB eta=42h4m28.624s
INFO [11-16|17:48:44.065] Syncing: chain download in progress      synced=10.80% chain=126.96GiB headers=7,386,942@3.80GiB bodies=7,386,942@72.37GiB receipts=7,386,942@50.79GiB eta=42h6m23.063s
INFO [11-16|17:48:52.087] Syncing: chain download in progress      synced=10.80% chain=127.15GiB headers=7,389,265@3.80GiB bodies=7,389,265@72.49GiB receipts=7,389,265@50.86GiB eta=42h7m45.838s
INFO [11-16|17:49:00.193] Syncing: chain download in progress      synced=10.80% chain=127.33GiB headers=7,391,380@3.80GiB bodies=7,391,380@72.59GiB receipts=7,391,380@50.93GiB eta=42h9m32.433s
INFO [11-16|17:49:08.418] Syncing: chain download in progress      synced=10.81% chain=127.52GiB headers=7,393,819@3.80GiB bodies=7,393,819@72.71GiB receipts=7,393,819@51.01GiB eta=42h10m51.000s
INFO [11-16|17:49:16.556] Syncing: chain download in progress      synced=10.81% chain=127.73GiB headers=7,396,255@3.80GiB bodies=7,396,255@72.84GiB receipts=7,396,255@51.09GiB eta=42h12m6.151s
INFO [11-16|17:49:24.605] Syncing: chain download in progress      synced=10.81% chain=127.92GiB headers=7,398,069@3.81GiB bodies=7,398,069@72.95GiB receipts=7,398,069@51.16GiB eta=42h14m19.710s
WARN [11-16|17:49:28.304] Pivot seemingly stale, moving            old=68,412,734 new=68,412,798
INFO [11-16|17:49:28.587] Syncing: state download in progress      synced=11.89% state=111.86GiB      accounts=79,909,188@13.37GiB slots=459,699,510@94.76GiB codes=492,451@3.72GiB eta=7h53m38.623s
INFO [11-16|17:49:32.683] Syncing: chain download in progress      synced=10.82% chain=128.11GiB headers=7,399,971@3.81GiB bodies=7,399,971@73.07GiB receipts=7,399,971@51.24GiB eta=42h16m25.453s
INFO [11-16|17:49:40.731] Syncing: chain download in progress      synced=10.82% chain=128.31GiB headers=7,401,753@3.81GiB bodies=7,401,753@73.19GiB receipts=7,401,753@51.31GiB eta=42h18m41.456s
INFO [11-16|17:49:48.792] Syncing: chain download in progress      synced=10.82% chain=128.49GiB headers=7,403,269@3.81GiB bodies=7,403,269@73.30GiB receipts=7,403,269@51.39GiB eta=42h21m24.227s
INFO [11-16|17:49:56.846] Syncing: chain download in progress      synced=10.82% chain=128.68GiB headers=7,404,729@3.81GiB bodies=7,404,729@73.40GiB receipts=7,404,729@51.47GiB eta=42h24m12.010s
INFO [11-16|17:50:04.879] Syncing: chain download in progress      synced=10.83% chain=128.85GiB headers=7,406,091@3.81GiB bodies=7,406,091@73.51GiB receipts=7,406,091@51.54GiB eta=42h27m8.450s
INFO [11-16|17:50:12.961] Syncing: chain download in progress      synced=10.83% chain=129.05GiB headers=7,407,556@3.81GiB bodies=7,407,556@73.63GiB receipts=7,407,556@51.61GiB eta=42h29m56.144s
INFO [11-16|17:50:21.038] Syncing: chain download in progress      synced=10.83% chain=129.23GiB headers=7,409,038@3.81GiB bodies=7,409,038@73.74GiB receipts=7,409,038@51.68GiB eta=42h32m41.652s
INFO [11-16|17:50:29.075] Syncing: chain download in progress      synced=10.83% chain=129.43GiB headers=7,410,752@3.81GiB bodies=7,410,752@73.85GiB receipts=7,410,752@51.76GiB eta=42h35m2.045s
INFO [11-16|17:50:37.217] Syncing: chain download in progress      synced=10.84% chain=129.62GiB headers=7,412,606@3.81GiB bodies=7,412,606@73.97GiB receipts=7,412,606@51.84GiB eta=42h37m12.196s
INFO [11-16|17:50:45.394] Syncing: chain download in progress      synced=10.84% chain=129.80GiB headers=7,414,568@3.81GiB bodies=7,414,568@74.07GiB receipts=7,414,568@51.91GiB eta=42h39m12.613s
INFO [11-16|17:50:53.402] Syncing: chain download in progress      synced=10.84% chain=129.99GiB headers=7,416,828@3.82GiB bodies=7,416,828@74.18GiB receipts=7,416,828@51.99GiB eta=42h40m36.466s
INFO [11-16|17:51:01.420] Syncing: chain download in progress      synced=10.84% chain=130.18GiB headers=7,419,057@3.82GiB bodies=7,419,057@74.29GiB receipts=7,419,057@52.07GiB eta=42h42m3.501s
INFO [11-16|17:51:09.506] Syncing: chain download in progress      synced=10.85% chain=130.35GiB headers=7,420,715@3.82GiB bodies=7,420,715@74.40GiB receipts=7,420,715@52.13GiB eta=42h44m29.851s
INFO [11-16|17:51:17.555] Syncing: chain download in progress      synced=10.85% chain=130.55GiB headers=7,422,482@3.82GiB bodies=7,422,482@74.52GiB receipts=7,422,482@52.21GiB eta=42h46m43.536s
WARN [11-16|17:51:23.420] Pivot seemingly stale, moving            old=68,412,798 new=68,412,862
INFO [11-16|17:51:23.518] Syncing: state download in progress      synced=11.89% state=111.86GiB      accounts=79,909,188@13.37GiB slots=459,699,510@94.76GiB codes=492,451@3.72GiB eta=8h8m33.506s
INFO [11-16|17:51:25.631] Syncing: chain download in progress      synced=10.85% chain=130.73GiB headers=7,424,143@3.82GiB bodies=7,424,143@74.63GiB receipts=7,424,143@52.28GiB eta=42h49m8.682s
INFO [11-16|17:51:34.241] Syncing: chain download in progress      synced=10.85% chain=130.91GiB headers=7,426,083@3.82GiB bodies=7,426,083@74.73GiB receipts=7,426,083@52.36GiB eta=42h51m26.000s
INFO [11-16|17:51:42.322] Syncing: chain download in progress      synced=10.86% chain=131.08GiB headers=7,427,916@3.82GiB bodies=7,427,916@74.83GiB receipts=7,427,916@52.43GiB eta=42h53m33.395s
INFO [11-16|17:51:50.432] Syncing: chain download in progress      synced=10.86% chain=131.25GiB headers=7,429,593@3.82GiB bodies=7,429,593@74.93GiB receipts=7,429,593@52.50GiB eta=42h55m57.155s
INFO [11-16|17:51:59.491] Syncing: chain download in progress      synced=10.86% chain=131.40GiB headers=7,431,018@3.82GiB bodies=7,431,018@75.01GiB receipts=7,431,018@52.56GiB eta=42h59m21.919s
INFO [11-16|17:52:08.236] Syncing: chain download in progress      synced=10.86% chain=131.50GiB headers=7,431,865@3.82GiB bodies=7,431,865@75.07GiB receipts=7,431,865@52.61GiB eta=43h3m31.986s
INFO [11-16|17:52:18.584] Syncing: chain download in progress      synced=10.86% chain=131.63GiB headers=7,432,987@3.83GiB bodies=7,432,987@75.15GiB receipts=7,432,987@52.66GiB eta=43h8m15.496s
INFO [11-16|17:52:18.917] Syncing: state download in progress      synced=11.89% state=111.86GiB      accounts=79,909,188@13.37GiB slots=459,699,510@94.76GiB codes=492,451@3.72GiB eta=8h7m38.107s
WARN [11-16|17:52:18.919] Synchronisation failed, dropping peer    peer=21993ae40814bc2db4331b5f0c8806adea5758a3b910345932ce94ccef81f51c name=Geth/v1.6.2/linux-am... td=136,235,335 err=timeout
ERROR[11-16|17:52:18.921] Reject duplicated disable operation
INFO [11-16|17:52:19.041] Keeping suspended storage retrieval      account=2465f3..b9d2d8
INFO [11-16|17:52:26.636] Syncing: chain download in progress      synced=10.87% chain=131.69GiB headers=7,433,460@3.83GiB bodies=7,433,460@75.18GiB receipts=7,433,460@52.69GiB eta=43h12m39.770s
INFO [11-16|17:52:26.928] Syncing: state download in progress      synced=11.91% state=112.18GiB      accounts=79,997,562@13.39GiB slots=461,153,076@95.06GiB codes=493,077@3.73GiB eta=8h8m21.906s
INFO [11-16|17:52:34.696] Syncing: chain download in progress      synced=10.87% chain=131.82GiB headers=7,434,507@3.83GiB bodies=7,434,507@75.26GiB receipts=7,434,507@52.74GiB eta=43h16m2.785s
INFO [11-16|17:52:34.951] Syncing: state download in progress      synced=11.94% state=112.48GiB      accounts=80,138,430@13.42GiB slots=462,419,156@95.32GiB codes=493,978@3.74GiB eta=8h8m29.610s
INFO [11-16|17:52:42.786] Syncing: chain download in progress      synced=10.87% chain=131.95GiB headers=7,435,514@3.83GiB bodies=7,435,514@75.33GiB receipts=7,435,514@52.79GiB eta=43h19m30.711s
INFO [11-16|17:52:43.006] Syncing: state download in progress      synced=11.96% state=112.81GiB      accounts=80,267,198@13.45GiB slots=463,859,789@95.62GiB codes=495,082@3.74GiB eta=8h8m54.032s
INFO [11-16|17:52:50.907] Syncing: chain download in progress      synced=10.87% chain=132.08GiB headers=7,436,716@3.83GiB bodies=7,436,716@75.41GiB receipts=7,436,716@52.85GiB eta=43h22m39.961s
INFO [11-16|17:52:51.037] Syncing: state download in progress      synced=11.98% state=113.13GiB      accounts=80,395,897@13.47GiB slots=465,237,352@95.90GiB codes=495,859@3.75GiB eta=8h9m15.075s
INFO [11-16|17:52:59.046] Syncing: chain download in progress      synced=10.87% chain=132.21GiB headers=7,437,990@3.83GiB bodies=7,437,990@75.49GiB receipts=7,437,990@52.90GiB eta=43h25m42.432s
INFO [11-16|17:52:59.056] Syncing: state download in progress      synced=12.00% state=113.46GiB      accounts=80,492,198@13.49GiB slots=466,814,457@96.21GiB codes=496,488@3.76GiB eta=8h9m56.688s
INFO [11-16|17:53:07.111] Syncing: chain download in progress      synced=10.87% chain=132.35GiB headers=7,439,510@3.83GiB bodies=7,439,510@75.56GiB receipts=7,439,510@52.95GiB eta=43h28m17.130s
INFO [11-16|17:53:15.170] Syncing: chain download in progress      synced=10.88% chain=132.47GiB headers=7,441,016@3.83GiB bodies=7,441,016@75.64GiB receipts=7,441,016@53.01GiB eta=43h30m52.649s
INFO [11-16|17:53:23.182] Syncing: chain download in progress      synced=10.88% chain=132.61GiB headers=7,442,676@3.83GiB bodies=7,442,676@75.71GiB receipts=7,442,676@53.07GiB eta=43h33m10.754s
INFO [11-16|17:53:31.246] Syncing: chain download in progress      synced=10.88% chain=132.74GiB headers=7,444,446@3.83GiB bodies=7,444,446@75.79GiB receipts=7,444,446@53.13GiB eta=43h35m19.360s
INFO [11-16|17:53:39.512] Syncing: chain download in progress      synced=10.88% chain=132.87GiB headers=7,445,988@3.83GiB bodies=7,445,988@75.86GiB receipts=7,445,988@53.18GiB eta=43h37m58.238s
INFO [11-16|17:53:47.654] Syncing: chain download in progress      synced=10.89% chain=133.00GiB headers=7,447,865@3.83GiB bodies=7,447,865@75.93GiB receipts=7,447,865@53.23GiB eta=43h39m58.567s
WARN [11-16|17:53:49.444] Pivot seemingly stale, moving            old=68,414,382 new=68,414,446
INFO [11-16|17:53:49.446] Syncing: state download in progress      synced=12.01% state=113.75GiB      accounts=80,567,178@13.51GiB slots=468,148,060@96.48GiB codes=497,185@3.76GiB eta=8h26m50.427s
INFO [11-16|17:53:55.759] Syncing: chain download in progress      synced=10.89% chain=133.13GiB headers=7,449,646@3.84GiB bodies=7,449,646@76.01GiB receipts=7,449,646@53.29GiB eta=43h42m6.921s
INFO [11-16|17:54:03.784] Syncing: chain download in progress      synced=10.89% chain=133.26GiB headers=7,451,525@3.84GiB bodies=7,451,525@76.08GiB receipts=7,451,525@53.35GiB eta=43h44m1.986s
INFO [11-16|17:54:11.801] Syncing: chain download in progress      synced=10.89% chain=133.38GiB headers=7,453,074@3.84GiB bodies=7,453,074@76.15GiB receipts=7,453,074@53.40GiB eta=43h46m29.535s
INFO [11-16|17:54:19.805] Syncing: chain download in progress      synced=10.90% chain=133.50GiB headers=7,454,501@3.84GiB bodies=7,454,501@76.21GiB receipts=7,454,501@53.45GiB eta=43h49m8.427s
INFO [11-16|17:54:27.817] Syncing: chain download in progress      synced=10.90% chain=133.63GiB headers=7,455,932@3.84GiB bodies=7,455,932@76.29GiB receipts=7,455,932@53.51GiB eta=43h51m46.995s
INFO [11-16|17:54:35.910] Syncing: chain download in progress      synced=10.90% chain=133.76GiB headers=7,457,326@3.84GiB bodies=7,457,326@76.35GiB receipts=7,457,326@53.56GiB eta=43h54m31.991s
INFO [11-16|17:54:43.990] Syncing: chain download in progress      synced=10.90% chain=133.89GiB headers=7,458,744@3.84GiB bodies=7,458,744@76.43GiB receipts=7,458,744@53.62GiB eta=43h57m13.809s
INFO [11-16|17:54:52.021] Syncing: chain download in progress      synced=10.90% chain=134.01GiB headers=7,460,022@3.84GiB bodies=7,460,022@76.50GiB receipts=7,460,022@53.68GiB eta=44h0m7.564s
INFO [11-16|17:55:00.103] Syncing: chain download in progress      synced=10.91% chain=134.15GiB headers=7,461,281@3.84GiB bodies=7,461,281@76.57GiB receipts=7,461,281@53.73GiB eta=44h3m4.775s
INFO [11-16|17:55:08.126] Syncing: chain download in progress      synced=10.91% chain=134.25GiB headers=7,462,288@3.84GiB bodies=7,462,288@76.63GiB receipts=7,462,288@53.78GiB eta=44h6m24.760s
INFO [11-16|17:55:16.164] Syncing: chain download in progress      synced=10.91% chain=134.37GiB headers=7,463,249@3.84GiB bodies=7,463,249@76.69GiB receipts=7,463,249@53.83GiB eta=44h9m49.734s
INFO [11-16|17:55:24.185] Syncing: chain download in progress      synced=10.91% chain=134.50GiB headers=7,464,448@3.84GiB bodies=7,464,448@76.77GiB receipts=7,464,448@53.89GiB eta=44h12m49.822s
INFO [11-16|17:55:32.248] Syncing: chain download in progress      synced=10.91% chain=134.63GiB headers=7,465,685@3.84GiB bodies=7,465,685@76.84GiB receipts=7,465,685@53.94GiB eta=44h15m47.488s
INFO [11-16|17:55:40.315] Syncing: chain download in progress      synced=10.91% chain=134.76GiB headers=7,466,907@3.85GiB bodies=7,466,907@76.91GiB receipts=7,466,907@54.00GiB eta=44h18m46.465s
INFO [11-16|17:55:48.352] Syncing: chain download in progress      synced=10.92% chain=134.90GiB headers=7,468,223@3.85GiB bodies=7,468,223@76.99GiB receipts=7,468,223@54.05GiB eta=44h21m34.584s
INFO [11-16|17:55:56.366] Syncing: chain download in progress      synced=10.92% chain=135.03GiB headers=7,469,615@3.85GiB bodies=7,469,615@77.07GiB receipts=7,469,615@54.11GiB eta=44h24m13.903s
INFO [11-16|17:56:04.488] Syncing: chain download in progress      synced=10.92% chain=135.16GiB headers=7,471,016@3.85GiB bodies=7,471,016@77.15GiB receipts=7,471,016@54.16GiB eta=44h26m56.116s
WARN [11-16|17:56:06.595] Pivot seemingly stale, moving            old=68,414,446 new=68,414,510
INFO [11-16|17:56:06.631] Syncing: state download in progress      synced=12.02% state=113.89GiB      accounts=80,740,746@13.51GiB slots=468,796,264@96.61GiB codes=497,361@3.76GiB eta=8h42m0.719s
INFO [11-16|17:56:12.501] Syncing: chain download in progress      synced=10.92% chain=135.29GiB headers=7,472,775@3.85GiB bodies=7,472,775@77.22GiB receipts=7,472,775@54.22GiB eta=44h28m58.181s
INFO [11-16|17:56:20.595] Syncing: chain download in progress      synced=10.93% chain=135.42GiB headers=7,474,688@3.85GiB bodies=7,474,688@77.29GiB receipts=7,474,688@54.27GiB eta=44h30m47.234s
INFO [11-16|17:56:28.654] Syncing: chain download in progress      synced=10.93% chain=135.55GiB headers=7,476,570@3.85GiB bodies=7,476,570@77.37GiB receipts=7,476,570@54.33GiB eta=44h32m37.884s
INFO [11-16|17:56:36.759] Syncing: chain download in progress      synced=10.93% chain=135.67GiB headers=7,477,902@3.85GiB bodies=7,477,902@77.44GiB receipts=7,477,902@54.38GiB eta=44h35m25.184s
INFO [11-16|17:56:44.861] Syncing: chain download in progress      synced=10.93% chain=135.79GiB headers=7,479,320@3.85GiB bodies=7,479,320@77.51GiB receipts=7,479,320@54.43GiB eta=44h38m3.536s
INFO [11-16|17:56:52.939] Syncing: chain download in progress      synced=10.93% chain=135.92GiB headers=7,480,788@3.85GiB bodies=7,480,788@77.58GiB receipts=7,480,788@54.49GiB eta=44h40m35.595s
INFO [11-16|17:57:01.041] Syncing: chain download in progress      synced=10.94% chain=136.05GiB headers=7,482,351@3.85GiB bodies=7,482,351@77.65GiB receipts=7,482,351@54.54GiB eta=44h42m58.742s
INFO [11-16|17:57:09.064] Syncing: chain download in progress      synced=10.94% chain=136.18GiB headers=7,483,973@3.86GiB bodies=7,483,973@77.73GiB receipts=7,483,973@54.60GiB eta=44h45m12.708s
INFO [11-16|17:57:17.131] Syncing: chain download in progress      synced=10.94% chain=136.31GiB headers=7,485,609@3.86GiB bodies=7,485,609@77.80GiB receipts=7,485,609@54.66GiB eta=44h47m26.630s
INFO [11-16|17:57:25.141] Syncing: chain download in progress      synced=10.94% chain=136.44GiB headers=7,487,220@3.86GiB bodies=7,487,220@77.87GiB receipts=7,487,220@54.71GiB eta=44h49m40.732s
INFO [11-16|17:57:33.257] Syncing: chain download in progress      synced=10.95% chain=136.58GiB headers=7,488,648@3.86GiB bodies=7,488,648@77.95GiB receipts=7,488,648@54.77GiB eta=44h52m16.819s
INFO [11-16|17:57:41.294] Syncing: chain download in progress      synced=10.95% chain=136.71GiB headers=7,490,015@3.86GiB bodies=7,490,015@78.02GiB receipts=7,490,015@54.83GiB eta=44h54m55.803s
INFO [11-16|17:57:49.381] Syncing: chain download in progress      synced=10.95% chain=136.84GiB headers=7,491,339@3.86GiB bodies=7,491,339@78.10GiB receipts=7,491,339@54.88GiB eta=44h57m40.680s
INFO [11-16|17:57:57.488] Syncing: chain download in progress      synced=10.95% chain=136.98GiB headers=7,492,615@3.86GiB bodies=7,492,615@78.18GiB receipts=7,492,615@54.94GiB eta=45h0m30.857s
INFO [11-16|17:58:05.489] Syncing: chain download in progress      synced=10.95% chain=137.11GiB headers=7,493,942@3.86GiB bodies=7,493,942@78.25GiB receipts=7,493,942@54.99GiB eta=45h3m11.752s
INFO [11-16|17:58:13.596] Syncing: chain download in progress      synced=10.96% chain=137.24GiB headers=7,495,449@3.86GiB bodies=7,495,449@78.32GiB receipts=7,495,449@55.05GiB eta=45h5m38.210s
WARN [11-16|17:58:16.619] Pivot seemingly stale, moving            old=68,414,510 new=68,414,574
INFO [11-16|17:58:16.651] Syncing: state download in progress      synced=12.02% state=113.89GiB      accounts=80,912,392@13.51GiB slots=468,796,264@96.61GiB codes=497,361@3.76GiB eta=8h56m48.237s
INFO [11-16|17:58:21.686] Syncing: chain download in progress      synced=10.96% chain=137.36GiB headers=7,497,020@3.86GiB bodies=7,497,020@78.40GiB receipts=7,497,020@55.10GiB eta=45h7m57.411s
INFO [11-16|17:58:29.785] Syncing: chain download in progress      synced=10.96% chain=137.49GiB headers=7,498,615@3.86GiB bodies=7,498,615@78.47GiB receipts=7,498,615@55.16GiB eta=45h10m14.116s
INFO [11-16|17:58:37.856] Syncing: chain download in progress      synced=10.96% chain=137.62GiB headers=7,500,266@3.86GiB bodies=7,500,266@78.54GiB receipts=7,500,266@55.21GiB eta=45h12m23.903s
INFO [11-16|17:58:45.870] Syncing: chain download in progress      synced=10.97% chain=137.75GiB headers=7,502,156@3.87GiB bodies=7,502,156@78.62GiB receipts=7,502,156@55.26GiB eta=45h14m7.278s
INFO [11-16|17:58:53.970] Syncing: chain download in progress      synced=10.97% chain=137.89GiB headers=7,504,222@3.87GiB bodies=7,504,222@78.70GiB receipts=7,504,222@55.32GiB eta=45h15m35.922s
INFO [11-16|17:59:02.122] Syncing: chain download in progress      synced=10.97% chain=138.02GiB headers=7,506,222@3.87GiB bodies=7,506,222@78.78GiB receipts=7,506,222@55.37GiB eta=45h17m12.776s
INFO [11-16|17:59:10.133] Syncing: chain download in progress      synced=10.97% chain=138.15GiB headers=7,508,145@3.87GiB bodies=7,508,145@78.86GiB receipts=7,508,145@55.43GiB eta=45h18m52.023s
INFO [11-16|17:59:18.294] Syncing: chain download in progress      synced=10.98% chain=138.29GiB headers=7,509,877@3.87GiB bodies=7,509,877@78.93GiB receipts=7,509,877@55.48GiB eta=45h20m55.588s
INFO [11-16|17:59:26.404] Syncing: chain download in progress      synced=10.98% chain=138.42GiB headers=7,511,532@3.87GiB bodies=7,511,532@79.01GiB receipts=7,511,532@55.54GiB eta=45h23m4.773s
INFO [11-16|17:59:34.439] Syncing: chain download in progress      synced=10.98% chain=138.55GiB headers=7,513,202@3.87GiB bodies=7,513,202@79.08GiB receipts=7,513,202@55.60GiB eta=45h25m9.465s
INFO [11-16|17:59:42.470] Syncing: chain download in progress      synced=10.98% chain=138.68GiB headers=7,514,674@3.87GiB bodies=7,514,674@79.15GiB receipts=7,514,674@55.65GiB eta=45h27m33.560s
INFO [11-16|17:59:50.579] Syncing: chain download in progress      synced=10.99% chain=138.80GiB headers=7,515,946@3.87GiB bodies=7,515,946@79.22GiB receipts=7,515,946@55.71GiB eta=45h30m20.293s
INFO [11-16|17:59:58.608] Syncing: chain download in progress      synced=10.99% chain=138.93GiB headers=7,517,318@3.87GiB bodies=7,517,318@79.29GiB receipts=7,517,318@55.77GiB eta=45h32m53.839s
INFO [11-16|18:00:06.639] Syncing: chain download in progress      synced=10.99% chain=139.06GiB headers=7,518,665@3.88GiB bodies=7,518,665@79.37GiB receipts=7,518,665@55.82GiB eta=45h35m29.698s
INFO [11-16|18:00:14.647] Syncing: chain download in progress      synced=10.99% chain=139.19GiB headers=7,519,962@3.88GiB bodies=7,519,962@79.44GiB receipts=7,519,962@55.88GiB eta=45h38m9.461s
WARN [11-16|18:00:18.653] Pivot seemingly stale, moving            old=68,414,574 new=68,414,638
INFO [11-16|18:00:18.656] Syncing: state download in progress      synced=12.02% state=113.89GiB      accounts=80,912,392@13.51GiB slots=468,796,264@96.61GiB codes=497,361@3.76GiB eta=9h11m43.779s
INFO [11-16|18:00:22.675] Syncing: chain download in progress      synced=10.99% chain=139.33GiB headers=7,521,181@3.88GiB bodies=7,521,181@79.52GiB receipts=7,521,181@55.93GiB eta=45h40m57.699s
INFO [11-16|18:00:30.769] Syncing: chain download in progress      synced=11.00% chain=139.46GiB headers=7,522,595@3.88GiB bodies=7,522,595@79.59GiB receipts=7,522,595@55.99GiB eta=45h43m28.302s
INFO [11-16|18:00:38.851] Syncing: chain download in progress      synced=11.00% chain=139.59GiB headers=7,524,035@3.88GiB bodies=7,524,035@79.67GiB receipts=7,524,035@56.05GiB eta=45h45m55.662s
INFO [11-16|18:00:46.923] Syncing: chain download in progress      synced=11.00% chain=139.72GiB headers=7,525,294@3.88GiB bodies=7,525,294@79.75GiB receipts=7,525,294@56.10GiB eta=45h48m40.493s
INFO [11-16|18:00:54.957] Syncing: chain download in progress      synced=11.00% chain=139.86GiB headers=7,526,833@3.88GiB bodies=7,526,833@79.82GiB receipts=7,526,833@56.16GiB eta=45h50m55.575s
INFO [11-16|18:01:03.166] Syncing: chain download in progress      synced=11.00% chain=139.98GiB headers=7,528,563@3.88GiB bodies=7,528,563@79.89GiB receipts=7,528,563@56.21GiB eta=45h52m57.589s
INFO [11-16|18:01:11.283] Syncing: chain download in progress      synced=11.01% chain=140.11GiB headers=7,530,334@3.88GiB bodies=7,530,334@79.96GiB receipts=7,530,334@56.27GiB eta=45h54m51.874s
INFO [11-16|18:01:19.393] Syncing: chain download in progress      synced=11.01% chain=140.24GiB headers=7,532,071@3.88GiB bodies=7,532,071@80.03GiB receipts=7,532,071@56.32GiB eta=45h56m49.106s
INFO [11-16|18:01:27.496] Syncing: chain download in progress      synced=11.01% chain=140.37GiB headers=7,533,542@3.88GiB bodies=7,533,542@80.12GiB receipts=7,533,542@56.37GiB eta=45h59m12.442s
INFO [11-16|18:01:35.539] Syncing: chain download in progress      synced=11.01% chain=140.51GiB headers=7,534,956@3.88GiB bodies=7,534,956@80.19GiB receipts=7,534,956@56.43GiB eta=46h1m39.152s
INFO [11-16|18:01:43.568] Syncing: chain download in progress      synced=11.02% chain=140.64GiB headers=7,536,097@3.89GiB bodies=7,536,097@80.27GiB receipts=7,536,097@56.48GiB eta=46h4m32.412s
INFO [11-16|18:01:51.672] Syncing: chain download in progress      synced=11.02% chain=140.76GiB headers=7,537,412@3.89GiB bodies=7,537,412@80.34GiB receipts=7,537,412@56.53GiB eta=46h7m10.701s
INFO [11-16|18:02:03.842] Syncing: chain download in progress      synced=11.02% chain=140.87GiB headers=7,538,904@3.89GiB bodies=7,538,904@80.40GiB receipts=7,538,904@56.58GiB eta=46h11m56.401s
INFO [11-16|18:02:11.916] Syncing: chain download in progress      synced=11.02% chain=141.06GiB headers=7,541,822@3.89GiB bodies=7,541,822@80.51GiB receipts=7,541,822@56.67GiB eta=46h11m52.081s
INFO [11-16|18:02:20.044] Syncing: chain download in progress      synced=11.03% chain=141.18GiB headers=7,543,225@3.89GiB bodies=7,543,225@80.57GiB receipts=7,543,225@56.72GiB eta=46h14m21.461s
INFO [11-16|18:02:28.074] Syncing: chain download in progress      synced=11.03% chain=141.32GiB headers=7,544,437@3.89GiB bodies=7,544,437@80.66GiB receipts=7,544,437@56.77GiB eta=46h17m6.270s
WARN [11-16|18:02:32.855] Pivot seemingly stale, moving            old=68,414,638 new=68,414,702
INFO [11-16|18:02:32.856] Syncing: state download in progress      synced=12.02% state=113.89GiB      accounts=80,912,392@13.51GiB slots=468,796,264@96.61GiB codes=497,361@3.76GiB eta=9h26m27.127s
INFO [11-16|18:02:36.152] Syncing: chain download in progress      synced=11.03% chain=141.45GiB headers=7,545,547@3.89GiB bodies=7,545,547@80.74GiB receipts=7,545,547@56.82GiB eta=46h20m2.910s
INFO [11-16|18:02:44.235] Syncing: chain download in progress      synced=11.03% chain=141.60GiB headers=7,546,596@3.89GiB bodies=7,546,596@80.84GiB receipts=7,546,596@56.87GiB eta=46h23m5.501s
INFO [11-16|18:02:52.287] Syncing: chain download in progress      synced=11.03% chain=141.75GiB headers=7,547,724@3.89GiB bodies=7,547,724@80.94GiB receipts=7,547,724@56.92GiB eta=46h25m58.799s
INFO [11-16|18:03:00.362] Syncing: chain download in progress      synced=11.03% chain=141.89GiB headers=7,548,937@3.89GiB bodies=7,548,937@81.02GiB receipts=7,548,937@56.98GiB eta=46h28m44.126s
INFO [11-16|18:03:08.629] Syncing: chain download in progress      synced=11.04% chain=142.00GiB headers=7,550,046@3.89GiB bodies=7,550,046@81.08GiB receipts=7,550,046@57.03GiB eta=46h31m46.471s
INFO [11-16|18:03:16.834] Syncing: chain download in progress      synced=11.04% chain=142.14GiB headers=7,551,712@3.89GiB bodies=7,551,712@81.16GiB receipts=7,551,712@57.09GiB eta=46h33m50.429s
INFO [11-16|18:03:24.855] Syncing: chain download in progress      synced=11.04% chain=142.29GiB headers=7,553,702@3.90GiB bodies=7,553,702@81.25GiB receipts=7,553,702@57.15GiB eta=46h35m14.962s
INFO [11-16|18:03:32.921] Syncing: chain download in progress      synced=11.04% chain=142.43GiB headers=7,555,686@3.90GiB bodies=7,555,686@81.33GiB receipts=7,555,686@57.20GiB eta=46h36m41.513s
INFO [11-16|18:03:40.991] Syncing: chain download in progress      synced=11.05% chain=142.56GiB headers=7,557,394@3.90GiB bodies=7,557,394@81.41GiB receipts=7,557,394@57.25GiB eta=46h38m35.719s
INFO [11-16|18:03:49.062] Syncing: chain download in progress      synced=11.05% chain=142.69GiB headers=7,558,569@3.90GiB bodies=7,558,569@81.49GiB receipts=7,558,569@57.30GiB eta=46h41m23.178s
INFO [11-16|18:04:00.893] Syncing: chain download in progress      synced=11.05% chain=142.83GiB headers=7,559,795@3.90GiB bodies=7,559,795@81.58GiB receipts=7,559,795@57.35GiB eta=46h46m18.042s
INFO [11-16|18:04:08.939] Syncing: chain download in progress      synced=11.05% chain=143.01GiB headers=7,561,498@3.90GiB bodies=7,561,498@81.70GiB receipts=7,561,498@57.41GiB eta=46h48m11.020s
INFO [11-16|18:04:17.058] Syncing: chain download in progress      synced=11.05% chain=143.15GiB headers=7,562,764@3.90GiB bodies=7,562,764@81.78GiB receipts=7,562,764@57.46GiB eta=46h50m50.172s
INFO [11-16|18:04:25.159] Syncing: chain download in progress      synced=11.06% chain=143.28GiB headers=7,564,504@3.90GiB bodies=7,564,504@81.86GiB receipts=7,564,504@57.51GiB eta=46h52m40.843s
INFO [11-16|18:04:33.305] Syncing: chain download in progress      synced=11.06% chain=143.41GiB headers=7,566,235@3.90GiB bodies=7,566,235@81.94GiB receipts=7,566,235@57.57GiB eta=46h54m33.784s
INFO [11-16|18:04:41.416] Syncing: chain download in progress      synced=11.06% chain=143.53GiB headers=7,567,763@3.90GiB bodies=7,567,763@82.01GiB receipts=7,567,763@57.62GiB eta=46h56m45.597s
INFO [11-16|18:04:49.545] Syncing: chain download in progress      synced=11.06% chain=143.65GiB headers=7,569,050@3.90GiB bodies=7,569,050@82.08GiB receipts=7,569,050@57.67GiB eta=46h59m21.986s
WARN [11-16|18:04:55.860] Pivot seemingly stale, moving            old=68,414,702 new=68,414,766
INFO [11-16|18:04:55.878] Syncing: state download in progress      synced=12.02% state=113.89GiB      accounts=80,912,392@13.51GiB slots=468,796,264@96.61GiB codes=497,361@3.76GiB eta=9h41m1.653s
INFO [11-16|18:04:57.657] Syncing: chain download in progress      synced=11.07% chain=143.77GiB headers=7,570,127@3.90GiB bodies=7,570,127@82.14GiB receipts=7,570,127@57.72GiB eta=47h2m18.844s
INFO [11-16|18:05:05.686] Syncing: chain download in progress      synced=11.07% chain=143.88GiB headers=7,571,102@3.91GiB bodies=7,571,102@82.21GiB receipts=7,571,102@57.76GiB eta=47h5m22.677s
INFO [11-16|18:05:13.792] Syncing: chain download in progress      synced=11.07% chain=144.00GiB headers=7,572,692@3.91GiB bodies=7,572,692@82.28GiB receipts=7,572,692@57.82GiB eta=47h7m27.110s
INFO [11-16|18:05:21.928] Syncing: chain download in progress      synced=11.07% chain=144.13GiB headers=7,574,046@3.91GiB bodies=7,574,046@82.35GiB receipts=7,574,046@57.87GiB eta=47h9m56.045s
INFO [11-16|18:05:29.971] Syncing: chain download in progress      synced=11.07% chain=144.27GiB headers=7,575,238@3.91GiB bodies=7,575,238@82.43GiB receipts=7,575,238@57.93GiB eta=47h12m37.776s
INFO [11-16|18:05:38.095] Syncing: chain download in progress      synced=11.07% chain=144.39GiB headers=7,576,592@3.91GiB bodies=7,576,592@82.50GiB receipts=7,576,592@57.98GiB eta=47h15m5.846s
INFO [11-16|18:05:46.166] Syncing: chain download in progress      synced=11.08% chain=144.53GiB headers=7,577,927@3.91GiB bodies=7,577,927@82.58GiB receipts=7,577,927@58.04GiB eta=47h17m33.719s
INFO [11-16|18:05:55.138] Syncing: chain download in progress      synced=11.08% chain=144.66GiB headers=7,579,697@3.91GiB bodies=7,579,697@82.66GiB receipts=7,579,697@58.09GiB eta=47h19m49.051s
INFO [11-16|18:06:03.271] Syncing: chain download in progress      synced=11.08% chain=144.81GiB headers=7,581,806@3.91GiB bodies=7,581,806@82.74GiB receipts=7,581,806@58.16GiB eta=47h21m0.767s
INFO [11-16|18:06:11.460] Syncing: chain download in progress      synced=11.09% chain=144.94GiB headers=7,583,861@3.91GiB bodies=7,583,861@82.81GiB receipts=7,583,861@58.22GiB eta=47h22m19.624s
INFO [11-16|18:06:19.463] Syncing: chain download in progress      synced=11.09% chain=145.07GiB headers=7,585,911@3.91GiB bodies=7,585,911@82.89GiB receipts=7,585,911@58.27GiB eta=47h23m32.346s
INFO [11-16|18:06:27.569] Syncing: chain download in progress      synced=11.09% chain=145.20GiB headers=7,588,311@3.92GiB bodies=7,588,311@82.96GiB receipts=7,588,311@58.33GiB eta=47h24m13.363s
INFO [11-16|18:06:35.652] Syncing: chain download in progress      synced=11.10% chain=145.33GiB headers=7,590,716@3.92GiB bodies=7,590,716@83.03GiB receipts=7,590,716@58.38GiB eta=47h24m52.903s
INFO [11-16|18:06:43.661] Syncing: chain download in progress      synced=11.10% chain=145.46GiB headers=7,592,857@3.92GiB bodies=7,592,857@83.10GiB receipts=7,592,857@58.44GiB eta=47h25m56.232s
WARN [11-16|18:06:48.035] Pivot seemingly stale, moving            old=68,414,766 new=68,414,830
INFO [11-16|18:06:48.102] Syncing: state download in progress      synced=12.02% state=113.89GiB      accounts=80,912,392@13.51GiB slots=468,796,264@96.61GiB codes=497,361@3.76GiB eta=9h56m6.978s
INFO [11-16|18:06:51.730] Syncing: chain download in progress      synced=11.10% chain=145.59GiB headers=7,594,797@3.92GiB bodies=7,594,797@83.18GiB receipts=7,594,797@58.49GiB eta=47h27m21.708s
INFO [11-16|18:06:59.845] Syncing: chain download in progress      synced=11.10% chain=145.72GiB headers=7,596,325@3.92GiB bodies=7,596,325@83.26GiB receipts=7,596,325@58.54GiB eta=47h29m29.575s
INFO [11-16|18:07:07.871] Syncing: chain download in progress      synced=11.11% chain=145.84GiB headers=7,598,125@3.92GiB bodies=7,598,125@83.33GiB receipts=7,598,125@58.60GiB eta=47h31m6.930s
INFO [11-16|18:07:15.929] Syncing: chain download in progress      synced=11.11% chain=145.98GiB headers=7,599,988@3.92GiB bodies=7,599,988@83.40GiB receipts=7,599,988@58.65GiB eta=47h32m38.872s
INFO [11-16|18:07:23.955] Syncing: chain download in progress      synced=11.11% chain=146.10GiB headers=7,601,783@3.92GiB bodies=7,601,783@83.47GiB receipts=7,601,783@58.71GiB eta=47h34m16.290s
INFO [11-16|18:07:32.028] Syncing: chain download in progress      synced=11.11% chain=146.23GiB headers=7,603,446@3.92GiB bodies=7,603,446@83.54GiB receipts=7,603,446@58.76GiB eta=47h36m8.365s
INFO [11-16|18:07:40.111] Syncing: chain download in progress      synced=11.12% chain=146.37GiB headers=7,604,554@3.92GiB bodies=7,604,554@83.63GiB receipts=7,604,554@58.82GiB eta=47h38m55.876s
INFO [11-16|18:07:48.193] Syncing: chain download in progress      synced=11.12% chain=146.51GiB headers=7,605,857@3.93GiB bodies=7,605,857@83.71GiB receipts=7,605,857@58.87GiB eta=47h41m23.676s
INFO [11-16|18:07:56.308] Syncing: chain download in progress      synced=11.12% chain=146.64GiB headers=7,607,465@3.93GiB bodies=7,607,465@83.79GiB receipts=7,607,465@58.93GiB eta=47h43m21.906s
INFO [11-16|18:08:04.383] Syncing: chain download in progress      synced=11.12% chain=146.77GiB headers=7,609,400@3.93GiB bodies=7,609,400@83.86GiB receipts=7,609,400@58.98GiB eta=47h44m45.944s
INFO [11-16|18:08:12.421] Syncing: chain download in progress      synced=11.13% chain=146.91GiB headers=7,611,186@3.93GiB bodies=7,611,186@83.94GiB receipts=7,611,186@59.04GiB eta=47h46m23.350s
INFO [11-16|18:08:20.453] Syncing: chain download in progress      synced=11.13% chain=147.05GiB headers=7,612,865@3.93GiB bodies=7,612,865@84.02GiB receipts=7,612,865@59.09GiB eta=47h48m10.963s
INFO [11-16|18:08:28.509] Syncing: chain download in progress      synced=11.13% chain=147.18GiB headers=7,615,365@3.93GiB bodies=7,615,365@84.10GiB receipts=7,615,365@59.15GiB eta=47h48m37.448s
INFO [11-16|18:08:36.849] Syncing: chain download in progress      synced=11.14% chain=147.31GiB headers=7,618,446@3.93GiB bodies=7,618,446@84.17GiB receipts=7,618,446@59.20GiB eta=47h48m15.655s
WARN [11-16|18:08:37.071] Pivot seemingly stale, moving            old=68,414,830 new=68,414,894
INFO [11-16|18:08:37.230] Syncing: state download in progress      synced=12.02% state=113.89GiB      accounts=80,912,392@13.51GiB slots=468,796,264@96.61GiB codes=497,361@3.76GiB eta=10h11m15.398s
INFO [11-16|18:08:44.996] Syncing: chain download in progress      synced=11.14% chain=147.45GiB headers=7,621,422@3.93GiB bodies=7,621,422@84.25GiB receipts=7,621,422@59.26GiB eta=47h47m57.989s
INFO [11-16|18:08:53.118] Syncing: chain download in progress      synced=11.14% chain=147.59GiB headers=7,623,999@3.94GiB bodies=7,623,999@84.33GiB receipts=7,623,999@59.32GiB eta=47h48m18.841s
INFO [11-16|18:09:01.300] Syncing: chain download in progress      synced=11.15% chain=147.72GiB headers=7,626,623@3.94GiB bodies=7,626,623@84.40GiB receipts=7,626,623@59.38GiB eta=47h48m37.004s
INFO [11-16|18:09:09.330] Syncing: chain download in progress      synced=11.15% chain=147.86GiB headers=7,629,438@3.94GiB bodies=7,629,438@84.48GiB receipts=7,629,438@59.44GiB eta=47h48m31.040s
INFO [11-16|18:09:17.390] Syncing: chain download in progress      synced=11.16% chain=147.99GiB headers=7,631,933@3.94GiB bodies=7,631,933@84.55GiB receipts=7,631,933@59.50GiB eta=47h48m57.710s
INFO [11-16|18:09:25.464] Syncing: chain download in progress      synced=11.16% chain=148.12GiB headers=7,633,695@3.94GiB bodies=7,633,695@84.63GiB receipts=7,633,695@59.55GiB eta=47h50m37.020s
INFO [11-16|18:09:33.523] Syncing: chain download in progress      synced=11.16% chain=148.25GiB headers=7,635,137@3.94GiB bodies=7,635,137@84.71GiB receipts=7,635,137@59.60GiB eta=47h52m47.257s
INFO [11-16|18:09:41.564] Syncing: chain download in progress      synced=11.16% chain=148.39GiB headers=7,637,099@3.94GiB bodies=7,637,099@84.79GiB receipts=7,637,099@59.65GiB eta=47h54m5.323s
INFO [11-16|18:09:49.759] Syncing: chain download in progress      synced=11.17% chain=148.50GiB headers=7,639,035@3.94GiB bodies=7,639,035@84.85GiB receipts=7,639,035@59.70GiB eta=47h55m30.933s
INFO [11-16|18:09:57.873] Syncing: chain download in progress      synced=11.17% chain=148.63GiB headers=7,641,743@3.95GiB bodies=7,641,743@84.93GiB receipts=7,641,743@59.76GiB eta=47h55m37.649s
WARN [11-16|18:10:02.174] Pivot seemingly stale, moving            old=68,414,894 new=68,414,958
INFO [11-16|18:10:02.175] Syncing: state download in progress      synced=12.02% state=113.89GiB      accounts=80,912,392@13.51GiB slots=468,796,264@96.61GiB codes=497,361@3.76GiB eta=10h9m50.453s
INFO [11-16|18:10:06.020] Syncing: chain download in progress      synced=11.17% chain=148.77GiB headers=7,644,865@3.95GiB bodies=7,644,865@85.01GiB receipts=7,644,865@59.81GiB eta=47h55m4.842s
INFO [11-16|18:10:14.067] Syncing: chain download in progress      synced=11.18% chain=148.90GiB headers=7,648,093@3.95GiB bodies=7,648,093@85.08GiB receipts=7,648,093@59.87GiB eta=47h54m18.246s
INFO [11-16|18:10:22.439] Syncing: chain download in progress      synced=11.18% chain=149.03GiB headers=7,651,070@3.95GiB bodies=7,651,070@85.15GiB receipts=7,651,070@59.93GiB eta=47h54m7.245s
INFO [11-16|18:10:30.517] Syncing: chain download in progress      synced=11.19% chain=149.17GiB headers=7,653,733@3.95GiB bodies=7,653,733@85.23GiB receipts=7,653,733@59.98GiB eta=47h54m17.065s
INFO [11-16|18:10:38.578] Syncing: chain download in progress      synced=11.19% chain=149.30GiB headers=7,655,326@3.95GiB bodies=7,655,326@85.31GiB receipts=7,655,326@60.04GiB eta=47h56m10.843s
INFO [11-16|18:10:46.703] Syncing: chain download in progress      synced=11.19% chain=149.43GiB headers=7,657,427@3.96GiB bodies=7,657,427@85.38GiB receipts=7,657,427@60.09GiB eta=47h57m16.873s
INFO [11-16|18:10:54.768] Syncing: chain download in progress      synced=11.20% chain=149.57GiB headers=7,659,323@3.96GiB bodies=7,659,323@85.47GiB receipts=7,659,323@60.14GiB eta=47h58m40.736s
INFO [11-16|18:11:02.840] Syncing: chain download in progress      synced=11.20% chain=149.71GiB headers=7,660,626@3.96GiB bodies=7,660,626@85.55GiB receipts=7,660,626@60.19GiB eta=48h1m2.538s
INFO [11-16|18:11:10.930] Syncing: chain download in progress      synced=11.20% chain=149.84GiB headers=7,662,022@3.96GiB bodies=7,662,022@85.65GiB receipts=7,662,022@60.24GiB eta=48h3m15.686s
INFO [11-16|18:11:19.062] Syncing: chain download in progress      synced=11.20% chain=149.98GiB headers=7,663,821@3.96GiB bodies=7,663,821@85.73GiB receipts=7,663,821@60.30GiB eta=48h4m50.620s
INFO [11-16|18:11:27.167] Syncing: chain download in progress      synced=11.20% chain=150.13GiB headers=7,665,358@3.96GiB bodies=7,665,358@85.82GiB receipts=7,665,358@60.35GiB eta=48h6m50.049s
WARN [11-16|18:11:35.255] Pivot seemingly stale, moving            old=68,414,958 new=68,415,022
INFO [11-16|18:11:35.331] Syncing: chain download in progress      synced=11.21% chain=150.27GiB headers=7,667,983@3.96GiB bodies=7,667,983@85.90GiB receipts=7,667,983@60.40GiB eta=48h7m5.284s
INFO [11-16|18:11:35.331] Syncing: state download in progress      synced=12.02% state=113.89GiB      accounts=80,912,392@13.51GiB slots=468,796,264@96.61GiB codes=497,361@3.76GiB eta=10h25m14.844s
INFO [11-16|18:11:43.383] Syncing: chain download in progress      synced=11.21% chain=150.39GiB headers=7,670,508@3.96GiB bodies=7,670,508@85.97GiB receipts=7,670,508@60.46GiB eta=48h7m26.330s
INFO [11-16|18:11:51.587] Syncing: chain download in progress      synced=11.22% chain=150.52GiB headers=7,673,447@3.96GiB bodies=7,673,447@86.04GiB receipts=7,673,447@60.51GiB eta=48h7m12.056s
INFO [11-16|18:11:59.878] Syncing: chain download in progress      synced=11.22% chain=150.65GiB headers=7,676,843@3.97GiB bodies=7,676,843@86.11GiB receipts=7,676,843@60.57GiB eta=48h6m16.331s
INFO [11-16|18:12:08.067] Syncing: chain download in progress      synced=11.23% chain=150.78GiB headers=7,680,259@3.97GiB bodies=7,680,259@86.18GiB receipts=7,680,259@60.63GiB eta=48h5m15.513s
INFO [11-16|18:12:16.195] Syncing: chain download in progress      synced=11.23% chain=150.89GiB headers=7,682,055@3.97GiB bodies=7,682,055@86.25GiB receipts=7,682,055@60.68GiB eta=48h6m49.389s
INFO [11-16|18:12:24.230] Syncing: chain download in progress      synced=11.23% chain=151.02GiB headers=7,684,186@3.97GiB bodies=7,684,186@86.31GiB receipts=7,684,186@60.73GiB eta=48h7m47.686s
INFO [11-16|18:12:32.373] Syncing: chain download in progress      synced=11.24% chain=151.14GiB headers=7,686,648@3.97GiB bodies=7,686,648@86.38GiB receipts=7,686,648@60.79GiB eta=48h8m17.403s
INFO [11-16|18:12:40.389] Syncing: chain download in progress      synced=11.24% chain=151.26GiB headers=7,688,562@3.97GiB bodies=7,688,562@86.44GiB receipts=7,688,562@60.85GiB eta=48h9m35.682s
INFO [11-16|18:12:48.390] Syncing: chain download in progress      synced=11.24% chain=151.39GiB headers=7,690,302@3.97GiB bodies=7,690,302@86.52GiB receipts=7,690,302@60.90GiB eta=48h11m10.121s
INFO [11-16|18:12:56.413] Syncing: chain download in progress      synced=11.24% chain=151.51GiB headers=7,691,993@3.98GiB bodies=7,691,993@86.58GiB receipts=7,691,993@60.96GiB eta=48h12m49.795s
WARN [11-16|18:12:58.251] Pivot seemingly stale, moving            old=68,415,022 new=68,415,086
INFO [11-16|18:12:58.253] Syncing: state download in progress      synced=12.02% state=113.89GiB      accounts=80,912,392@13.51GiB slots=468,796,264@96.61GiB codes=497,361@3.76GiB eta=10h40m49.471s
INFO [11-16|18:13:04.519] Syncing: chain download in progress      synced=11.25% chain=151.64GiB headers=7,693,991@3.98GiB bodies=7,693,991@86.65GiB receipts=7,693,991@61.01GiB eta=48h14m2.597s
INFO [11-16|18:13:12.570] Syncing: chain download in progress      synced=11.25% chain=151.77GiB headers=7,696,434@3.98GiB bodies=7,696,434@86.72GiB receipts=7,696,434@61.07GiB eta=48h14m30.402s
INFO [11-16|18:13:20.613] Syncing: chain download in progress      synced=11.25% chain=151.90GiB headers=7,698,521@3.98GiB bodies=7,698,521@86.79GiB receipts=7,698,521@61.13GiB eta=48h15m32.011s
INFO [11-16|18:13:28.688] Syncing: chain download in progress      synced=11.26% chain=152.02GiB headers=7,700,541@3.98GiB bodies=7,700,541@86.86GiB receipts=7,700,541@61.18GiB eta=48h16m41.031s
INFO [11-16|18:13:36.816] Syncing: chain download in progress      synced=11.26% chain=152.15GiB headers=7,702,687@3.98GiB bodies=7,702,687@86.93GiB receipts=7,702,687@61.24GiB eta=48h17m39.486s
INFO [11-16|18:13:44.877] Syncing: chain download in progress      synced=11.26% chain=152.28GiB headers=7,704,854@3.98GiB bodies=7,704,854@87.00GiB receipts=7,704,854@61.30GiB eta=48h18m33.566s
INFO [11-16|18:13:52.980] Syncing: chain download in progress      synced=11.27% chain=152.41GiB headers=7,707,315@3.98GiB bodies=7,707,315@87.07GiB receipts=7,707,315@61.36GiB eta=48h19m0.755s
INFO [11-16|18:14:01.029] Syncing: chain download in progress      synced=11.27% chain=152.54GiB headers=7,710,058@3.99GiB bodies=7,710,058@87.14GiB receipts=7,710,058@61.42GiB eta=48h18m58.966s
INFO [11-16|18:14:09.039] Syncing: chain download in progress      synced=11.27% chain=152.66GiB headers=7,712,680@3.99GiB bodies=7,712,680@87.20GiB receipts=7,712,680@61.47GiB eta=48h19m7.600s
INFO [11-16|18:14:17.167] Syncing: chain download in progress      synced=11.28% chain=152.79GiB headers=7,714,782@3.99GiB bodies=7,714,782@87.27GiB receipts=7,714,782@61.53GiB eta=48h20m9.561s
INFO [11-16|18:14:25.194] Syncing: chain download in progress      synced=11.28% chain=152.92GiB headers=7,716,977@3.99GiB bodies=7,716,977@87.34GiB receipts=7,716,977@61.59GiB eta=48h20m59.293s
WARN [11-16|18:14:25.357] Pivot seemingly stale, moving            old=68,415,086 new=68,415,150
INFO [11-16|18:14:25.359] Syncing: state download in progress      synced=12.02% state=113.89GiB      accounts=80,912,392@13.51GiB slots=468,796,264@96.61GiB codes=497,361@3.76GiB eta=10h56m19.913s
INFO [11-16|18:14:33.300] Syncing: chain download in progress      synced=11.28% chain=153.04GiB headers=7,718,913@3.99GiB bodies=7,718,913@87.40GiB receipts=7,718,913@61.65GiB eta=48h22m16.350s
INFO [11-16|18:14:41.401] Syncing: chain download in progress      synced=11.29% chain=153.16GiB headers=7,720,777@3.99GiB bodies=7,720,777@87.47GiB receipts=7,720,777@61.70GiB eta=48h23m39.677s
INFO [11-16|18:14:49.459] Syncing: chain download in progress      synced=11.29% chain=153.28GiB headers=7,722,865@3.99GiB bodies=7,722,865@87.53GiB receipts=7,722,865@61.75GiB eta=48h24m40.141s
INFO [11-16|18:14:57.591] Syncing: chain download in progress      synced=11.29% chain=153.41GiB headers=7,725,329@3.99GiB bodies=7,725,329@87.60GiB receipts=7,725,329@61.81GiB eta=48h25m6.992s
INFO [11-16|18:15:05.613] Syncing: chain download in progress      synced=11.30% chain=153.54GiB headers=7,728,061@4.00GiB bodies=7,728,061@87.67GiB receipts=7,728,061@61.87GiB eta=48h25m4.789s
INFO [11-16|18:15:13.879] Syncing: chain download in progress      synced=11.30% chain=153.67GiB headers=7,731,051@4.00GiB bodies=7,731,051@87.74GiB receipts=7,731,051@61.93GiB eta=48h24m45.885s
INFO [11-16|18:15:22.564] Syncing: chain download in progress      synced=11.30% chain=153.77GiB headers=7,733,423@4.00GiB bodies=7,733,423@87.79GiB receipts=7,733,423@61.98GiB eta=48h25m38.965s
INFO [11-16|18:15:30.643] Syncing: chain download in progress      synced=11.31% chain=153.93GiB headers=7,737,003@4.00GiB bodies=7,737,003@87.88GiB receipts=7,737,003@62.05GiB eta=48h24m18.233s
INFO [11-16|18:15:38.781] Syncing: chain download in progress      synced=11.31% chain=154.06GiB headers=7,739,534@4.00GiB bodies=7,739,534@87.95GiB receipts=7,739,534@62.11GiB eta=48h24m38.693s
WARN [11-16|18:15:46.411] Pivot seemingly stale, moving            old=68,415,150 new=68,415,214
INFO [11-16|18:15:46.412] Syncing: state download in progress      synced=12.02% state=113.89GiB      accounts=80,912,392@13.51GiB slots=468,796,264@96.61GiB codes=497,361@3.76GiB eta=10h54m58.859s
INFO [11-16|18:15:46.887] Syncing: chain download in progress      synced=11.32% chain=154.19GiB headers=7,741,669@4.00GiB bodies=7,741,669@88.01GiB receipts=7,741,669@62.17GiB eta=48h25m35.663s
INFO [11-16|18:15:55.069] Syncing: chain download in progress      synced=11.32% chain=154.31GiB headers=7,743,990@4.01GiB bodies=7,743,990@88.07GiB receipts=7,743,990@62.23GiB eta=48h26m17.106s
INFO [11-16|18:16:03.271] Syncing: chain download in progress      synced=11.32% chain=154.44GiB headers=7,746,067@4.01GiB bodies=7,746,067@88.14GiB receipts=7,746,067@62.29GiB eta=48h27m22.059s
INFO [11-16|18:16:11.414] Syncing: chain download in progress      synced=11.32% chain=154.57GiB headers=7,747,758@4.01GiB bodies=7,747,758@88.21GiB receipts=7,747,758@62.35GiB eta=48h29m1.423s
INFO [11-16|18:16:19.552] Syncing: chain download in progress      synced=11.33% chain=154.69GiB headers=7,749,558@4.01GiB bodies=7,749,558@88.28GiB receipts=7,749,558@62.41GiB eta=48h30m30.094s
INFO [11-16|18:16:27.555] Syncing: chain download in progress      synced=11.33% chain=154.82GiB headers=7,751,495@4.01GiB bodies=7,751,495@88.34GiB receipts=7,751,495@62.47GiB eta=48h31m41.379s
INFO [11-16|18:16:35.646] Syncing: chain download in progress      synced=11.33% chain=154.95GiB headers=7,753,586@4.01GiB bodies=7,753,586@88.41GiB receipts=7,753,586@62.52GiB eta=48h32m40.872s
INFO [11-16|18:16:43.774] Syncing: chain download in progress      synced=11.34% chain=155.08GiB headers=7,756,118@4.01GiB bodies=7,756,118@88.48GiB receipts=7,756,118@62.58GiB eta=48h32m59.904s
INFO [11-16|18:16:52.213] Syncing: chain download in progress      synced=11.34% chain=155.21GiB headers=7,758,821@4.01GiB bodies=7,758,821@88.55GiB receipts=7,758,821@62.64GiB eta=48h33m12.678s
INFO [11-16|18:17:00.341] Syncing: chain download in progress      synced=11.35% chain=155.34GiB headers=7,761,814@4.02GiB bodies=7,761,814@88.62GiB receipts=7,761,814@62.71GiB eta=48h32m48.405s
INFO [11-16|18:17:08.367] Syncing: chain download in progress      synced=11.35% chain=155.46GiB headers=7,764,697@4.02GiB bodies=7,764,697@88.68GiB receipts=7,764,697@62.76GiB eta=48h32m31.242s
WARN [11-16|18:17:11.603] Pivot seemingly stale, moving            old=68,415,214 new=68,415,278
INFO [11-16|18:17:11.879] Syncing: state download in progress      synced=12.02% state=113.89GiB      accounts=80,912,392@13.51GiB slots=468,796,264@96.61GiB codes=497,361@3.76GiB eta=11h10m30.941s
INFO [11-16|18:17:16.659] Syncing: chain download in progress      synced=11.35% chain=155.60GiB headers=7,767,608@4.02GiB bodies=7,767,608@88.75GiB receipts=7,767,608@62.82GiB eta=48h32m20.068s
INFO [11-16|18:17:24.764] Syncing: chain download in progress      synced=11.36% chain=155.73GiB headers=7,769,688@4.02GiB bodies=7,769,688@88.82GiB receipts=7,769,688@62.88GiB eta=48h33m20.300s
INFO [11-16|18:17:32.859] Syncing: chain download in progress      synced=11.36% chain=155.85GiB headers=7,771,486@4.02GiB bodies=7,771,486@88.89GiB receipts=7,771,486@62.94GiB eta=48h34m46.447s
INFO [11-16|18:17:40.885] Syncing: chain download in progress      synced=11.36% chain=155.98GiB headers=7,773,031@4.02GiB bodies=7,773,031@88.96GiB receipts=7,773,031@62.99GiB eta=48h36m33.876s
INFO [11-16|18:17:49.023] Syncing: chain download in progress      synced=11.36% chain=156.10GiB headers=7,774,308@4.02GiB bodies=7,774,308@89.03GiB receipts=7,774,308@63.05GiB eta=48h38m49.544s
INFO [11-16|18:17:57.134] Syncing: chain download in progress      synced=11.36% chain=156.22GiB headers=7,775,284@4.02GiB bodies=7,775,284@89.10GiB receipts=7,775,284@63.10GiB eta=48h41m32.273s
INFO [11-16|18:18:05.207] Syncing: chain download in progress      synced=11.37% chain=156.33GiB headers=7,776,140@4.02GiB bodies=7,776,140@89.16GiB receipts=7,776,140@63.14GiB eta=48h44m24.924s
INFO [11-16|18:18:13.250] Syncing: chain download in progress      synced=11.37% chain=156.45GiB headers=7,777,142@4.02GiB bodies=7,777,142@89.23GiB receipts=7,777,142@63.20GiB eta=48h47m2.776s
INFO [11-16|18:18:21.331] Syncing: chain download in progress      synced=11.37% chain=156.57GiB headers=7,778,644@4.03GiB bodies=7,778,644@89.29GiB receipts=7,778,644@63.25GiB eta=48h48m54.909s
INFO [11-16|18:18:29.383] Syncing: chain download in progress      synced=11.37% chain=156.70GiB headers=7,780,387@4.03GiB bodies=7,780,387@89.37GiB receipts=7,780,387@63.31GiB eta=48h50m23.478s
INFO [11-16|18:18:37.513] Syncing: chain download in progress      synced=11.38% chain=156.82GiB headers=7,782,339@4.03GiB bodies=7,782,339@89.43GiB receipts=7,782,339@63.36GiB eta=48h51m34.822s
INFO [11-16|18:18:45.685] Syncing: chain download in progress      synced=11.38% chain=156.95GiB headers=7,784,451@4.03GiB bodies=7,784,451@89.50GiB receipts=7,784,451@63.42GiB eta=48h52m32.357s
INFO [11-16|18:18:53.690] Syncing: chain download in progress      synced=11.38% chain=157.08GiB headers=7,786,734@4.03GiB bodies=7,786,734@89.57GiB receipts=7,786,734@63.48GiB eta=48h53m8.657s
INFO [11-16|18:19:01.806] Syncing: chain download in progress      synced=11.39% chain=157.21GiB headers=7,789,271@4.03GiB bodies=7,789,271@89.64GiB receipts=7,789,271@63.54GiB eta=48h53m24.634s
WARN [11-16|18:19:05.593] Pivot seemingly stale, moving            old=68,415,278 new=68,415,342
INFO [11-16|18:19:05.678] Syncing: state download in progress      synced=12.02% state=113.89GiB      accounts=80,912,392@13.51GiB slots=468,796,264@96.61GiB codes=497,361@3.76GiB eta=11h25m34.690s
INFO [11-16|18:19:09.914] Syncing: chain download in progress      synced=11.39% chain=157.31GiB headers=7,791,281@4.03GiB bodies=7,791,281@89.70GiB receipts=7,791,281@63.58GiB eta=48h54m29.490s
INFO [11-16|18:19:17.953] Syncing: chain download in progress      synced=11.39% chain=157.47GiB headers=7,794,480@4.03GiB bodies=7,794,480@89.78GiB receipts=7,794,480@63.65GiB eta=48h53m41.402s
INFO [11-16|18:19:26.009] Syncing: chain download in progress      synced=11.40% chain=157.59GiB headers=7,796,605@4.04GiB bodies=7,796,605@89.85GiB receipts=7,796,605@63.71GiB eta=48h54m33.547s
INFO [11-16|18:19:34.118] Syncing: chain download in progress      synced=11.40% chain=157.72GiB headers=7,798,687@4.04GiB bodies=7,798,687@89.91GiB receipts=7,798,687@63.77GiB eta=48h55m31.207s
INFO [11-16|18:19:42.227] Syncing: chain download in progress      synced=11.40% chain=157.85GiB headers=7,801,047@4.04GiB bodies=7,801,047@89.98GiB receipts=7,801,047@63.83GiB eta=48h56m2.961s
INFO [11-16|18:19:50.346] Syncing: chain download in progress      synced=11.41% chain=157.98GiB headers=7,803,170@4.04GiB bodies=7,803,170@90.05GiB receipts=7,803,170@63.88GiB eta=48h56m56.919s
INFO [11-16|18:19:58.483] Syncing: chain download in progress      synced=11.41% chain=158.11GiB headers=7,805,204@4.04GiB bodies=7,805,204@90.12GiB receipts=7,805,204@63.94GiB eta=48h57m59.495s
INFO [11-16|18:20:06.848] Syncing: chain download in progress      synced=11.41% chain=158.22GiB headers=7,806,881@4.04GiB bodies=7,806,881@90.18GiB receipts=7,806,881@63.99GiB eta=48h59m41.894s
INFO [11-16|18:20:14.922] Syncing: chain download in progress      synced=11.41% chain=158.37GiB headers=7,809,431@4.04GiB bodies=7,809,431@90.26GiB receipts=7,809,431@64.06GiB eta=48h59m54.534s
INFO [11-16|18:20:22.972] Syncing: chain download in progress      synced=11.42% chain=158.49GiB headers=7,811,872@4.04GiB bodies=7,811,872@90.33GiB receipts=7,811,872@64.12GiB eta=49h0m16.458s
INFO [11-16|18:20:31.004] Syncing: chain download in progress      synced=11.42% chain=158.63GiB headers=7,814,533@4.05GiB bodies=7,814,533@90.41GiB receipts=7,814,533@64.18GiB eta=49h0m17.439s
WARN [11-16|18:20:33.664] Pivot seemingly stale, moving            old=68,415,342 new=68,415,406
INFO [11-16|18:20:33.808] Syncing: state download in progress      synced=12.02% state=113.89GiB      accounts=80,912,392@13.51GiB slots=468,796,264@96.61GiB codes=497,361@3.76GiB eta=11h41m4.108s
INFO [11-16|18:20:39.138] Syncing: chain download in progress      synced=11.43% chain=158.75GiB headers=7,817,482@4.05GiB bodies=7,817,482@90.47GiB receipts=7,817,482@64.23GiB eta=48h59m55.284s
INFO [11-16|18:20:47.167] Syncing: chain download in progress      synced=11.43% chain=158.88GiB headers=7,820,577@4.05GiB bodies=7,820,577@90.54GiB receipts=7,820,577@64.29GiB eta=48h59m16.281s
INFO [11-16|18:20:55.182] Syncing: chain download in progress      synced=11.44% chain=159.00GiB headers=7,823,475@4.05GiB bodies=7,823,475@90.60GiB receipts=7,823,475@64.35GiB eta=48h58m55.061s
INFO [11-16|18:21:03.273] Syncing: chain download in progress      synced=11.44% chain=159.13GiB headers=7,826,324@4.05GiB bodies=7,826,324@90.67GiB receipts=7,826,324@64.41GiB eta=48h58m40.711s
INFO [11-16|18:21:11.344] Syncing: chain download in progress      synced=11.44% chain=159.26GiB headers=7,828,799@4.05GiB bodies=7,828,799@90.74GiB receipts=7,828,799@64.46GiB eta=48h58m59.924s
INFO [11-16|18:21:19.496] Syncing: chain download in progress      synced=11.45% chain=159.36GiB headers=7,830,804@4.06GiB bodies=7,830,804@90.79GiB receipts=7,830,804@64.51GiB eta=49h0m4.488s
INFO [11-16|18:21:27.573] Syncing: chain download in progress      synced=11.45% chain=159.49GiB headers=7,832,840@4.06GiB bodies=7,832,840@90.86GiB receipts=7,832,840@64.57GiB eta=49h1m3.747s
INFO [11-16|18:21:35.604] Syncing: chain download in progress      synced=11.45% chain=159.61GiB headers=7,834,663@4.06GiB bodies=7,834,663@90.92GiB receipts=7,834,663@64.63GiB eta=49h2m20.948s
INFO [11-16|18:21:43.927] Syncing: chain download in progress      synced=11.45% chain=159.72GiB headers=7,836,483@4.06GiB bodies=7,836,483@90.98GiB receipts=7,836,483@64.68GiB eta=49h3m47.179s
INFO [11-16|18:21:52.011] Syncing: chain download in progress      synced=11.46% chain=159.87GiB headers=7,839,318@4.06GiB bodies=7,839,318@91.06GiB receipts=7,839,318@64.75GiB eta=49h3m33.400s
WARN [11-16|18:21:53.779] Pivot seemingly stale, moving            old=68,415,406 new=68,415,470
INFO [11-16|18:21:54.118] Syncing: state download in progress      synced=12.02% state=113.89GiB      accounts=80,912,392@13.51GiB slots=468,796,264@96.61GiB codes=497,361@3.76GiB eta=11h39m43.797s
INFO [11-16|18:22:00.077] Syncing: chain download in progress      synced=11.46% chain=159.99GiB headers=7,842,006@4.06GiB bodies=7,842,006@91.12GiB receipts=7,842,006@64.80GiB eta=49h3m32.655s
INFO [11-16|18:22:08.228] Syncing: chain download in progress      synced=11.47% chain=160.10GiB headers=7,844,823@4.06GiB bodies=7,844,823@91.19GiB receipts=7,844,823@64.85GiB eta=49h3m22.504s
INFO [11-16|18:22:16.413] Syncing: chain download in progress      synced=11.47% chain=160.23GiB headers=7,848,145@4.07GiB bodies=7,848,145@91.25GiB receipts=7,848,145@64.91GiB eta=49h2m27.635s
INFO [11-16|18:22:24.421] Syncing: chain download in progress      synced=11.48% chain=160.35GiB headers=7,851,402@4.07GiB bodies=7,851,402@91.32GiB receipts=7,851,402@64.97GiB eta=49h1m33.505s
INFO [11-16|18:22:32.489] Syncing: chain download in progress      synced=11.48% chain=160.49GiB headers=7,854,310@4.07GiB bodies=7,854,310@91.39GiB receipts=7,854,310@65.03GiB eta=49h1m12.797s
INFO [11-16|18:22:40.528] Syncing: chain download in progress      synced=11.48% chain=160.61GiB headers=7,857,007@4.07GiB bodies=7,857,007@91.45GiB receipts=7,857,007@65.09GiB eta=49h1m10.389s
INFO [11-16|18:22:48.625] Syncing: chain download in progress      synced=11.49% chain=160.74GiB headers=7,859,380@4.07GiB bodies=7,859,380@91.52GiB receipts=7,859,380@65.15GiB eta=49h1m38.838s
INFO [11-16|18:22:56.645] Syncing: chain download in progress      synced=11.49% chain=160.86GiB headers=7,861,511@4.07GiB bodies=7,861,511@91.58GiB receipts=7,861,511@65.21GiB eta=49h2m26.702s
INFO [11-16|18:23:04.659] Syncing: chain download in progress      synced=11.49% chain=160.98GiB headers=7,863,552@4.07GiB bodies=7,863,552@91.64GiB receipts=7,863,552@65.26GiB eta=49h3m22.454s
WARN [11-16|18:23:07.774] Pivot seemingly stale, moving            old=68,415,470 new=68,415,534
INFO [11-16|18:23:07.775] Syncing: state download in progress      synced=12.02% state=113.89GiB      accounts=80,912,392@13.51GiB slots=468,796,264@96.61GiB codes=497,361@3.76GiB eta=11h55m27.689s
INFO [11-16|18:23:12.673] Syncing: chain download in progress      synced=11.50% chain=161.10GiB headers=7,865,748@4.08GiB bodies=7,865,748@91.71GiB receipts=7,865,748@65.32GiB eta=49h4m4.252s
INFO [11-16|18:23:20.709] Syncing: chain download in progress      synced=11.50% chain=161.23GiB headers=7,868,270@4.08GiB bodies=7,868,270@91.77GiB receipts=7,868,270@65.38GiB eta=49h4m17.117s
INFO [11-16|18:23:28.839] Syncing: chain download in progress      synced=11.50% chain=161.35GiB headers=7,870,923@4.08GiB bodies=7,870,923@91.84GiB receipts=7,870,923@65.44GiB eta=49h4m21.001s
INFO [11-16|18:23:37.040] Syncing: chain download in progress      synced=11.51% chain=161.48GiB headers=7,874,020@4.08GiB bodies=7,874,020@91.90GiB receipts=7,874,020@65.49GiB eta=49h3m47.082s
INFO [11-16|18:23:45.110] Syncing: chain download in progress      synced=11.51% chain=161.60GiB headers=7,876,957@4.08GiB bodies=7,876,957@91.96GiB receipts=7,876,957@65.55GiB eta=49h3m23.742s
INFO [11-16|18:23:53.122] Syncing: chain download in progress      synced=11.52% chain=161.73GiB headers=7,880,259@4.08GiB bodies=7,880,259@92.04GiB receipts=7,880,259@65.61GiB eta=49h2m26.105s
INFO [11-16|18:24:01.156] Syncing: chain download in progress      synced=11.52% chain=161.86GiB headers=7,883,227@4.09GiB bodies=7,883,227@92.10GiB receipts=7,883,227@65.67GiB eta=49h1m59.047s
INFO [11-16|18:24:09.194] Syncing: chain download in progress      synced=11.53% chain=161.99GiB headers=7,885,874@4.09GiB bodies=7,885,874@92.17GiB receipts=7,885,874@65.73GiB eta=49h2m0.710s
INFO [11-16|18:24:17.264] Syncing: chain download in progress      synced=11.53% chain=162.11GiB headers=7,888,084@4.09GiB bodies=7,888,084@92.23GiB receipts=7,888,084@65.79GiB eta=49h2m42.263s
WARN [11-16|18:24:20.984] Pivot seemingly stale, moving            old=68,415,534 new=68,415,598
INFO [11-16|18:24:20.985] Syncing: state download in progress      synced=12.02% state=113.89GiB      accounts=80,912,392@13.51GiB slots=468,796,264@96.61GiB codes=497,361@3.76GiB eta=11h54m14.478s
INFO [11-16|18:24:25.288] Syncing: chain download in progress      synced=11.53% chain=162.23GiB headers=7,890,088@4.09GiB bodies=7,890,088@92.30GiB receipts=7,890,088@65.85GiB eta=49h3m40.822s
INFO [11-16|18:24:33.338] Syncing: chain download in progress      synced=11.54% chain=162.35GiB headers=7,891,983@4.09GiB bodies=7,891,983@92.36GiB receipts=7,891,983@65.90GiB eta=49h4m49.494s
INFO [11-16|18:24:41.397] Syncing: chain download in progress      synced=11.54% chain=162.48GiB headers=7,893,891@4.09GiB bodies=7,893,891@92.42GiB receipts=7,893,891@65.96GiB eta=49h5m57.155s
INFO [11-16|18:24:49.440] Syncing: chain download in progress      synced=11.54% chain=162.60GiB headers=7,895,959@4.09GiB bodies=7,895,959@92.49GiB receipts=7,895,959@66.02GiB eta=49h6m50.001s
INFO [11-16|18:24:57.528] Syncing: chain download in progress      synced=11.54% chain=162.73GiB headers=7,898,459@4.10GiB bodies=7,898,459@92.56GiB receipts=7,898,459@66.08GiB eta=49h7m5.694s
INFO [11-16|18:25:05.543] Syncing: chain download in progress      synced=11.55% chain=162.85GiB headers=7,900,853@4.10GiB bodies=7,900,853@92.62GiB receipts=7,900,853@66.14GiB eta=49h7m28.653s
INFO [11-16|18:25:13.620] Syncing: chain download in progress      synced=11.55% chain=162.98GiB headers=7,903,373@4.10GiB bodies=7,903,373@92.68GiB receipts=7,903,373@66.20GiB eta=49h7m42.105s
INFO [11-16|18:25:21.863] Syncing: chain download in progress      synced=11.56% chain=163.09GiB headers=7,905,671@4.10GiB bodies=7,905,671@92.74GiB receipts=7,905,671@66.25GiB eta=49h8m20.105s
INFO [11-16|18:25:30.052] Syncing: chain download in progress      synced=11.56% chain=163.22GiB headers=7,908,536@4.10GiB bodies=7,908,536@92.81GiB receipts=7,908,536@66.31GiB eta=49h8m6.224s
INFO [11-16|18:25:38.066] Syncing: chain download in progress      synced=11.56% chain=163.35GiB headers=7,911,067@4.10GiB bodies=7,911,067@92.87GiB receipts=7,911,067@66.37GiB eta=49h8m16.794s
INFO [11-16|18:25:46.104] Syncing: chain download in progress      synced=11.57% chain=163.47GiB headers=7,913,222@4.10GiB bodies=7,913,222@92.93GiB receipts=7,913,222@66.43GiB eta=49h9m1.134s
WARN [11-16|18:25:47.933] Pivot seemingly stale, moving            old=68,415,598 new=68,415,662
INFO [11-16|18:25:47.934] Syncing: state download in progress      synced=12.02% state=113.89GiB      accounts=80,912,392@13.51GiB slots=468,796,264@96.61GiB codes=497,361@3.76GiB eta=12h9m45.078s
INFO [11-16|18:25:54.172] Syncing: chain download in progress      synced=11.57% chain=163.59GiB headers=7,915,506@4.10GiB bodies=7,915,506@92.99GiB receipts=7,915,506@66.49GiB eta=49h9m34.995s
INFO [11-16|18:26:02.223] Syncing: chain download in progress      synced=11.57% chain=163.71GiB headers=7,917,612@4.11GiB bodies=7,917,612@93.06GiB receipts=7,917,612@66.55GiB eta=49h10m23.828s
INFO [11-16|18:26:10.298] Syncing: chain download in progress      synced=11.58% chain=163.83GiB headers=7,919,359@4.11GiB bodies=7,919,359@93.12GiB receipts=7,919,359@66.60GiB eta=49h11m44.802s
INFO [11-16|18:26:18.299] Syncing: chain download in progress      synced=11.58% chain=163.95GiB headers=7,921,097@4.11GiB bodies=7,921,097@93.18GiB receipts=7,921,097@66.66GiB eta=49h13m4.285s
INFO [11-16|18:26:26.394] Syncing: chain download in progress      synced=11.58% chain=164.08GiB headers=7,922,944@4.11GiB bodies=7,922,944@93.25GiB receipts=7,922,944@66.72GiB eta=49h14m16.730s
INFO [11-16|18:26:34.471] Syncing: chain download in progress      synced=11.58% chain=164.20GiB headers=7,924,947@4.11GiB bodies=7,924,947@93.31GiB receipts=7,924,947@66.78GiB eta=49h15m14.860s
INFO [11-16|18:26:42.578] Syncing: chain download in progress      synced=11.59% chain=164.33GiB headers=7,927,185@4.11GiB bodies=7,927,185@93.37GiB receipts=7,927,185@66.84GiB eta=49h15m53.061s
INFO [11-16|18:26:50.618] Syncing: chain download in progress      synced=11.59% chain=164.45GiB headers=7,929,290@4.11GiB bodies=7,929,290@93.44GiB receipts=7,929,290@66.90GiB eta=49h16m40.843s
INFO [11-16|18:26:58.638] Syncing: chain download in progress      synced=11.59% chain=164.57GiB headers=7,931,981@4.11GiB bodies=7,931,981@93.50GiB receipts=7,931,981@66.96GiB eta=49h16m36.640s
INFO [11-16|18:27:06.682] Syncing: chain download in progress      synced=11.60% chain=164.69GiB headers=7,934,484@4.12GiB bodies=7,934,484@93.56GiB receipts=7,934,484@67.01GiB eta=49h16m49.560s
INFO [11-16|18:27:14.690] Syncing: chain download in progress      synced=11.60% chain=164.81GiB headers=7,936,988@4.12GiB bodies=7,936,988@93.62GiB receipts=7,936,988@67.07GiB eta=49h17m1.326s
WARN [11-16|18:27:19.081] Pivot seemingly stale, moving            old=68,415,662 new=68,415,726
INFO [11-16|18:27:19.125] Syncing: state download in progress      synced=12.02% state=113.89GiB      accounts=80,912,392@13.51GiB slots=468,796,264@96.61GiB codes=497,361@3.76GiB eta=12h25m11.435s
INFO [11-16|18:27:22.692] Syncing: chain download in progress      synced=11.60% chain=164.92GiB headers=7,939,083@4.12GiB bodies=7,939,083@93.67GiB receipts=7,939,083@67.13GiB eta=49h17m48.769s
INFO [11-16|18:27:30.737] Syncing: chain download in progress      synced=11.61% chain=165.04GiB headers=7,941,279@4.12GiB bodies=7,941,279@93.74GiB receipts=7,941,279@67.19GiB eta=49h18m28.346s
INFO [11-16|18:27:38.791] Syncing: chain download in progress      synced=11.61% chain=165.16GiB headers=7,943,423@4.12GiB bodies=7,943,423@93.80GiB receipts=7,943,423@67.24GiB eta=49h19m12.607s
INFO [11-16|18:27:46.893] Syncing: chain download in progress      synced=11.61% chain=165.29GiB headers=7,945,560@4.12GiB bodies=7,945,560@93.86GiB receipts=7,945,560@67.30GiB eta=49h19m58.700s
INFO [11-16|18:27:54.918] Syncing: chain download in progress      synced=11.62% chain=165.41GiB headers=7,947,334@4.12GiB bodies=7,947,334@93.93GiB receipts=7,947,334@67.37GiB eta=49h21m14.155s
INFO [11-16|18:28:03.061] Syncing: chain download in progress      synced=11.62% chain=165.53GiB headers=7,948,778@4.12GiB bodies=7,948,778@93.99GiB receipts=7,948,778@67.42GiB eta=49h23m1.594s
INFO [11-16|18:28:11.152] Syncing: chain download in progress      synced=11.62% chain=165.66GiB headers=7,950,489@4.13GiB bodies=7,950,489@94.06GiB receipts=7,950,489@67.48GiB eta=49h24m24.117s
INFO [11-16|18:28:19.225] Syncing: chain download in progress      synced=11.62% chain=165.78GiB headers=7,952,224@4.13GiB bodies=7,952,224@94.12GiB receipts=7,952,224@67.54GiB eta=49h25m43.904s
INFO [11-16|18:28:27.238] Syncing: chain download in progress      synced=11.63% chain=165.91GiB headers=7,954,426@4.13GiB bodies=7,954,426@94.19GiB receipts=7,954,426@67.59GiB eta=49h26m21.198s
INFO [11-16|18:28:35.306] Syncing: chain download in progress      synced=11.63% chain=166.04GiB headers=7,956,951@4.13GiB bodies=7,956,951@94.25GiB receipts=7,956,951@67.66GiB eta=49h26m31.842s
INFO [11-16|18:28:43.456] Syncing: chain download in progress      synced=11.63% chain=166.16GiB headers=7,959,600@4.13GiB bodies=7,959,600@94.31GiB receipts=7,959,600@67.71GiB eta=49h26m34.079s
WARN [11-16|18:28:51.105] Pivot seemingly stale, moving            old=68,415,726 new=68,415,790
INFO [11-16|18:28:51.137] Syncing: state download in progress      synced=12.02% state=113.89GiB      accounts=80,912,392@13.51GiB slots=468,796,264@96.61GiB codes=497,361@3.76GiB eta=12h40m36.971s
INFO [11-16|18:28:51.718] Syncing: chain download in progress      synced=11.64% chain=166.29GiB headers=7,962,772@4.13GiB bodies=7,962,772@94.38GiB receipts=7,962,772@67.78GiB eta=49h25m54.279s
INFO [11-16|18:28:59.805] Syncing: chain download in progress      synced=11.64% chain=166.41GiB headers=7,965,551@4.13GiB bodies=7,965,551@94.45GiB receipts=7,965,551@67.84GiB eta=49h25m43.499s
INFO [11-16|18:29:07.909] Syncing: chain download in progress      synced=11.65% chain=166.54GiB headers=7,968,122@4.14GiB bodies=7,968,122@94.51GiB receipts=7,968,122@67.90GiB eta=49h25m51.104s
INFO [11-16|18:29:15.963] Syncing: chain download in progress      synced=11.65% chain=166.65GiB headers=7,970,446@4.14GiB bodies=7,970,446@94.56GiB receipts=7,970,446@67.95GiB eta=49h26m18.595s
INFO [11-16|18:29:24.096] Syncing: chain download in progress      synced=11.65% chain=166.78GiB headers=7,972,565@4.14GiB bodies=7,972,565@94.63GiB receipts=7,972,565@68.01GiB eta=49h27m5.969s
INFO [11-16|18:29:32.223] Syncing: chain download in progress      synced=11.66% chain=166.90GiB headers=7,974,493@4.14GiB bodies=7,974,493@94.69GiB receipts=7,974,493@68.07GiB eta=49h28m9.495s
INFO [11-16|18:29:40.279] Syncing: chain download in progress      synced=11.66% chain=167.02GiB headers=7,976,353@4.14GiB bodies=7,976,353@94.75GiB receipts=7,976,353@68.13GiB eta=49h29m16.784s
INFO [11-16|18:29:48.282] Syncing: chain download in progress      synced=11.66% chain=167.15GiB headers=7,978,184@4.14GiB bodies=7,978,184@94.82GiB receipts=7,978,184@68.19GiB eta=49h30m24.939s
INFO [11-16|18:29:56.295] Syncing: chain download in progress      synced=11.66% chain=167.23GiB headers=7,979,350@4.14GiB bodies=7,979,350@94.86GiB receipts=7,979,350@68.23GiB eta=49h32m30.533s
INFO [11-16|18:30:04.304] Syncing: chain download in progress      synced=11.67% chain=167.39GiB headers=7,981,815@4.14GiB bodies=7,981,815@94.95GiB receipts=7,981,815@68.30GiB eta=49h32m43.987s
INFO [11-16|18:30:12.437] Syncing: chain download in progress      synced=11.67% chain=167.52GiB headers=7,984,135@4.14GiB bodies=7,984,135@95.02GiB receipts=7,984,135@68.36GiB eta=49h33m13.339s
INFO [11-16|18:30:20.485] Syncing: chain download in progress      synced=11.67% chain=167.65GiB headers=7,986,494@4.15GiB bodies=7,986,494@95.08GiB receipts=7,986,494@68.42GiB eta=49h33m36.831s
WARN [11-16|18:30:23.281] Pivot seemingly stale, moving            old=68,415,790 new=68,415,854
INFO [11-16|18:30:23.292] Syncing: state download in progress      synced=12.02% state=113.89GiB      accounts=80,912,392@13.51GiB slots=468,796,264@96.61GiB codes=497,361@3.76GiB eta=12h39m4.816s
INFO [11-16|18:30:28.504] Syncing: chain download in progress      synced=11.68% chain=167.76GiB headers=7,988,986@4.15GiB bodies=7,988,986@95.14GiB receipts=7,988,986@68.48GiB eta=49h33m48.274s
INFO [11-16|18:30:38.130] Syncing: chain download in progress      synced=11.68% chain=167.87GiB headers=7,991,220@4.15GiB bodies=7,991,220@95.20GiB receipts=7,991,220@68.53GiB eta=49h35m6.635s
INFO [11-16|18:30:46.246] Syncing: chain download in progress      synced=11.69% chain=168.03GiB headers=7,994,697@4.15GiB bodies=7,994,697@95.28GiB receipts=7,994,697@68.61GiB eta=49h33m56.002s
INFO [11-16|18:30:54.303] Syncing: chain download in progress      synced=11.69% chain=168.16GiB headers=7,997,004@4.15GiB bodies=7,997,004@95.34GiB receipts=7,997,004@68.67GiB eta=49h34m23.990s
INFO [11-16|18:31:02.410] Syncing: chain download in progress      synced=11.69% chain=168.29GiB headers=7,999,541@4.15GiB bodies=7,999,541@95.41GiB receipts=7,999,541@68.73GiB eta=49h34m33.594s
INFO [11-16|18:31:10.467] Syncing: chain download in progress      synced=11.70% chain=168.42GiB headers=8,002,281@4.16GiB bodies=8,002,281@95.48GiB receipts=8,002,281@68.79GiB eta=49h34m24.473s
INFO [11-16|18:31:18.479] Syncing: chain download in progress      synced=11.70% chain=168.55GiB headers=8,004,419@4.16GiB bodies=8,004,419@95.54GiB receipts=8,004,419@68.85GiB eta=49h35m5.460s
INFO [11-16|18:31:26.499] Syncing: chain download in progress      synced=11.70% chain=168.67GiB headers=8,006,429@4.16GiB bodies=8,006,429@95.61GiB receipts=8,006,429@68.91GiB eta=49h35m57.453s
INFO [11-16|18:31:34.582] Syncing: chain download in progress      synced=11.71% chain=168.80GiB headers=8,008,491@4.16GiB bodies=8,008,491@95.67GiB receipts=8,008,491@68.97GiB eta=49h36m46.691s
INFO [11-16|18:31:42.606] Syncing: chain download in progress      synced=11.71% chain=168.93GiB headers=8,010,621@4.16GiB bodies=8,010,621@95.74GiB receipts=8,010,621@69.03GiB eta=49h37m28.355s
WARN [11-16|18:31:47.330] Pivot seemingly stale, moving            old=68,415,854 new=68,415,918
INFO [11-16|18:31:47.429] Syncing: state download in progress      synced=12.02% state=113.89GiB      accounts=80,912,392@13.51GiB slots=468,796,264@96.61GiB codes=497,361@3.76GiB eta=12h54m38.227s
INFO [11-16|18:31:50.614] Syncing: chain download in progress      synced=11.71% chain=169.05GiB headers=8,012,914@4.16GiB bodies=8,012,914@95.81GiB receipts=8,012,914@69.09GiB eta=49h37m55.830s
INFO [11-16|18:31:58.661] Syncing: chain download in progress      synced=11.72% chain=169.18GiB headers=8,015,816@4.16GiB bodies=8,015,816@95.87GiB receipts=8,015,816@69.15GiB eta=49h37m32.327s
INFO [11-16|18:32:06.664] Syncing: chain download in progress      synced=11.72% chain=169.30GiB headers=8,018,355@4.16GiB bodies=8,018,355@95.94GiB receipts=8,018,355@69.20GiB eta=49h37m38.467s
INFO [11-16|18:32:14.843] Syncing: chain download in progress      synced=11.72% chain=169.41GiB headers=8,020,753@4.17GiB bodies=8,020,753@95.99GiB receipts=8,020,753@69.25GiB eta=49h38m1.390s
INFO [11-16|18:32:22.915] Syncing: chain download in progress      synced=11.73% chain=169.56GiB headers=8,024,381@4.17GiB bodies=8,024,381@96.07GiB receipts=8,024,381@69.32GiB eta=49h36m37.160s
INFO [11-16|18:32:30.997] Syncing: chain download in progress      synced=11.73% chain=169.68GiB headers=8,026,897@4.17GiB bodies=8,026,897@96.13GiB receipts=8,026,897@69.38GiB eta=49h36m47.413s
INFO [11-16|18:32:39.021] Syncing: chain download in progress      synced=11.74% chain=169.81GiB headers=8,028,953@4.17GiB bodies=8,028,953@96.20GiB receipts=8,028,953@69.44GiB eta=49h37m34.835s
INFO [11-16|18:32:47.030] Syncing: chain download in progress      synced=11.74% chain=169.93GiB headers=8,031,189@4.17GiB bodies=8,031,189@96.26GiB receipts=8,031,189@69.50GiB eta=49h38m6.625s
INFO [11-16|18:32:55.070] Syncing: chain download in progress      synced=11.74% chain=170.06GiB headers=8,033,292@4.17GiB bodies=8,033,292@96.33GiB receipts=8,033,292@69.56GiB eta=49h38m50.338s
INFO [11-16|18:33:03.415] Syncing: chain download in progress      synced=11.74% chain=170.16GiB headers=8,034,956@4.17GiB bodies=8,034,956@96.38GiB receipts=8,034,956@69.61GiB eta=49h40m19.366s
WARN [11-16|18:33:07.409] Pivot seemingly stale, moving            old=68,415,918 new=68,415,982
INFO [11-16|18:33:07.410] Syncing: state download in progress      synced=12.02% state=113.89GiB      accounts=80,912,392@13.51GiB slots=468,796,264@96.61GiB codes=497,361@3.76GiB eta=13h10m15.794s
INFO [11-16|18:33:11.419] Syncing: chain download in progress      synced=11.75% chain=170.31GiB headers=8,037,517@4.18GiB bodies=8,037,517@96.46GiB receipts=8,037,517@69.68GiB eta=49h40m23.503s
INFO [11-16|18:33:19.649] Syncing: chain download in progress      synced=11.75% chain=170.44GiB headers=8,039,946@4.18GiB bodies=8,039,946@96.53GiB receipts=8,039,946@69.73GiB eta=49h40m44.686s
INFO [11-16|18:33:27.883] Syncing: chain download in progress      synced=11.76% chain=170.57GiB headers=8,042,706@4.18GiB bodies=8,042,706@96.60GiB receipts=8,042,706@69.79GiB eta=49h40m38.080s
INFO [11-16|18:33:36.070] Syncing: chain download in progress      synced=11.76% chain=170.70GiB headers=8,045,773@4.18GiB bodies=8,045,773@96.67GiB receipts=8,045,773@69.86GiB eta=49h40m4.485s
INFO [11-16|18:33:44.193] Syncing: chain download in progress      synced=11.77% chain=170.83GiB headers=8,049,258@4.18GiB bodies=8,049,258@96.73GiB receipts=8,049,258@69.91GiB eta=49h38m54.158s
INFO [11-16|18:33:52.249] Syncing: chain download in progress      synced=11.77% chain=170.95GiB headers=8,052,701@4.18GiB bodies=8,052,701@96.79GiB receipts=8,052,701@69.97GiB eta=49h37m45.713s
INFO [11-16|18:34:00.356] Syncing: chain download in progress      synced=11.77% chain=171.08GiB headers=8,055,817@4.19GiB bodies=8,055,817@96.86GiB receipts=8,055,817@70.03GiB eta=49h37m6.129s
INFO [11-16|18:34:08.861] Syncing: chain download in progress      synced=11.78% chain=171.21GiB headers=8,058,674@4.19GiB bodies=8,058,674@96.93GiB receipts=8,058,674@70.10GiB eta=49h36m59.003s
WARN [11-16|18:34:16.530] Pivot seemingly stale, moving            old=68,415,982 new=68,416,046
INFO [11-16|18:34:16.532] Syncing: state download in progress      synced=12.02% state=113.89GiB      accounts=80,912,392@13.51GiB slots=468,796,264@96.61GiB codes=497,361@3.76GiB eta=13h9m6.672s
INFO [11-16|18:34:17.409] Syncing: chain download in progress      synced=11.78% chain=171.34GiB headers=8,061,157@4.19GiB bodies=8,061,157@96.99GiB receipts=8,061,157@70.16GiB eta=49h37m24.435s
INFO [11-16|18:34:25.414] Syncing: chain download in progress      synced=11.79% chain=171.47GiB headers=8,063,264@4.19GiB bodies=8,063,264@97.06GiB receipts=8,063,264@70.22GiB eta=49h38m6.119s
INFO [11-16|18:34:33.504] Syncing: chain download in progress      synced=11.79% chain=171.59GiB headers=8,065,151@4.19GiB bodies=8,065,151@97.12GiB receipts=8,065,151@70.28GiB eta=49h39m8.367s
INFO [11-16|18:34:41.546] Syncing: chain download in progress      synced=11.79% chain=171.72GiB headers=8,067,196@4.19GiB bodies=8,067,196@97.19GiB receipts=8,067,196@70.34GiB eta=49h39m56.020s
INFO [11-16|18:34:49.685] Syncing: chain download in progress      synced=11.79% chain=171.84GiB headers=8,069,532@4.19GiB bodies=8,069,532@97.26GiB receipts=8,069,532@70.39GiB eta=49h40m22.048s
INFO [11-16|18:34:57.840] Syncing: chain download in progress      synced=11.80% chain=171.97GiB headers=8,072,204@4.20GiB bodies=8,072,204@97.32GiB receipts=8,072,204@70.45GiB eta=49h40m20.467s
INFO [11-16|18:35:05.956] Syncing: chain download in progress      synced=11.80% chain=172.10GiB headers=8,075,365@4.20GiB bodies=8,075,365@97.39GiB receipts=8,075,365@70.51GiB eta=49h39m37.430s
INFO [11-16|18:35:14.193] Syncing: chain download in progress      synced=11.81% chain=172.22GiB headers=8,078,565@4.20GiB bodies=8,078,565@97.45GiB receipts=8,078,565@70.57GiB eta=49h38m54.461s
INFO [11-16|18:35:22.339] Syncing: chain download in progress      synced=11.81% chain=172.34GiB headers=8,081,333@4.20GiB bodies=8,081,333@97.51GiB receipts=8,081,333@70.63GiB eta=49h38m44.814s
INFO [11-16|18:35:30.419] Syncing: chain download in progress      synced=11.82% chain=172.48GiB headers=8,083,869@4.20GiB bodies=8,083,869@97.58GiB receipts=8,083,869@70.69GiB eta=49h38m52.566s
WARN [11-16|18:35:36.498] Pivot seemingly stale, moving            old=68,416,046 new=68,416,110
INFO [11-16|18:35:36.794] Syncing: state download in progress      synced=12.02% state=113.89GiB      accounts=80,912,392@13.51GiB slots=468,796,264@96.61GiB codes=497,361@3.76GiB eta=13h24m43.958s
INFO [11-16|18:35:38.530] Syncing: chain download in progress      synced=11.82% chain=172.60GiB headers=8,086,335@4.20GiB bodies=8,086,335@97.65GiB receipts=8,086,335@70.75GiB eta=49h39m7.048s
INFO [11-16|18:35:46.861] Syncing: chain download in progress      synced=11.82% chain=172.71GiB headers=8,087,852@4.20GiB bodies=8,087,852@97.70GiB receipts=8,087,852@70.80GiB eta=49h40m45.352s
INFO [11-16|18:35:54.893] Syncing: chain download in progress      synced=11.82% chain=172.82GiB headers=8,089,078@4.21GiB bodies=8,089,078@97.76GiB receipts=8,089,078@70.86GiB eta=49h42m39.537s
INFO [11-16|18:36:03.006] Syncing: chain download in progress      synced=11.83% chain=172.95GiB headers=8,091,077@4.21GiB bodies=8,091,077@97.82GiB receipts=8,091,077@70.92GiB eta=49h43m32.001s
INFO [11-16|18:36:11.040] Syncing: chain download in progress      synced=11.83% chain=173.07GiB headers=8,092,769@4.21GiB bodies=8,092,769@97.89GiB receipts=8,092,769@70.98GiB eta=49h44m47.572s
INFO [11-16|18:36:19.127] Syncing: chain download in progress      synced=11.83% chain=173.20GiB headers=8,094,718@4.21GiB bodies=8,094,718@97.95GiB receipts=8,094,718@71.04GiB eta=49h45m43.254s
INFO [11-16|18:36:27.134] Syncing: chain download in progress      synced=11.83% chain=173.33GiB headers=8,096,721@4.21GiB bodies=8,096,721@98.02GiB receipts=8,096,721@71.10GiB eta=49h46m32.256s
INFO [11-16|18:36:35.141] Syncing: chain download in progress      synced=11.84% chain=173.45GiB headers=8,099,025@4.21GiB bodies=8,099,025@98.08GiB receipts=8,099,025@71.15GiB eta=49h46m56.415s
INFO [11-16|18:36:43.419] Syncing: chain download in progress      synced=11.84% chain=173.53GiB headers=8,100,318@4.21GiB bodies=8,100,318@98.13GiB receipts=8,100,318@71.19GiB eta=49h48m50.792s
INFO [11-16|18:36:51.678] Syncing: chain download in progress      synced=11.85% chain=173.70GiB headers=8,103,907@4.21GiB bodies=8,103,907@98.22GiB receipts=8,103,907@71.27GiB eta=49h47m35.949s
INFO [11-16|18:36:59.733] Syncing: chain download in progress      synced=11.85% chain=173.83GiB headers=8,106,982@4.22GiB bodies=8,106,982@98.29GiB receipts=8,106,982@71.33GiB eta=49h46m58.042s
INFO [11-16|18:37:07.842] Syncing: chain download in progress      synced=11.85% chain=173.96GiB headers=8,109,829@4.22GiB bodies=8,109,829@98.35GiB receipts=8,109,829@71.39GiB eta=49h46m40.234s
WARN [11-16|18:37:08.637] Pivot seemingly stale, moving            old=68,416,110 new=68,416,174
INFO [11-16|18:37:08.730] Syncing: state download in progress      synced=12.02% state=113.89GiB      accounts=80,912,392@13.51GiB slots=468,796,264@96.61GiB codes=497,361@3.76GiB eta=13h40m9.570s
INFO [11-16|18:37:15.900] Syncing: chain download in progress      synced=11.86% chain=174.08GiB headers=8,112,639@4.22GiB bodies=8,112,639@98.42GiB receipts=8,112,639@71.45GiB eta=49h46m24.356s
INFO [11-16|18:37:23.971] Syncing: chain download in progress      synced=11.86% chain=174.21GiB headers=8,115,439@4.22GiB bodies=8,115,439@98.48GiB receipts=8,115,439@71.51GiB eta=49h46m9.403s
INFO [11-16|18:37:32.646] Syncing: chain download in progress      synced=11.87% chain=174.34GiB headers=8,118,178@4.22GiB bodies=8,118,178@98.55GiB receipts=8,118,178@71.57GiB eta=49h46m15.434s
INFO [11-16|18:37:40.869] Syncing: chain download in progress      synced=11.87% chain=174.44GiB headers=8,119,984@4.22GiB bodies=8,119,984@98.60GiB receipts=8,119,984@71.62GiB eta=49h47m25.559s
INFO [11-16|18:37:48.885] Syncing: chain download in progress      synced=11.87% chain=174.59GiB headers=8,122,174@4.22GiB bodies=8,122,174@98.68GiB receipts=8,122,174@71.69GiB eta=49h47m58.782s
INFO [11-16|18:37:56.928] Syncing: chain download in progress      synced=11.88% chain=174.72GiB headers=8,124,540@4.23GiB bodies=8,124,540@98.75GiB receipts=8,124,540@71.75GiB eta=49h48m18.275s
INFO [11-16|18:38:05.071] Syncing: chain download in progress      synced=11.88% chain=174.82GiB headers=8,126,523@4.23GiB bodies=8,126,523@98.80GiB receipts=8,126,523@71.79GiB eta=49h49m11.522s
INFO [11-16|18:38:13.077] Syncing: chain download in progress      synced=11.88% chain=174.96GiB headers=8,129,881@4.23GiB bodies=8,129,881@98.87GiB receipts=8,129,881@71.86GiB eta=49h48m9.385s
INFO [11-16|18:38:21.169] Syncing: chain download in progress      synced=11.89% chain=175.08GiB headers=8,132,995@4.23GiB bodies=8,132,995@98.93GiB receipts=8,132,995@71.92GiB eta=49h47m29.440s
WARN [11-16|18:38:24.754] Pivot seemingly stale, moving            old=68,416,174 new=68,416,238
INFO [11-16|18:38:24.837] Syncing: state download in progress      synced=12.02% state=113.89GiB      accounts=80,912,392@13.51GiB slots=468,796,264@96.61GiB codes=497,361@3.76GiB eta=13h38m53.463s
INFO [11-16|18:38:29.368] Syncing: chain download in progress      synced=11.89% chain=175.21GiB headers=8,136,536@4.23GiB bodies=8,136,536@99.00GiB receipts=8,136,536@71.98GiB eta=49h46m18.038s
INFO [11-16|18:38:37.388] Syncing: chain download in progress      synced=11.90% chain=175.34GiB headers=8,139,784@4.23GiB bodies=8,139,784@99.06GiB receipts=8,139,784@72.04GiB eta=49h45m25.587s
INFO [11-16|18:38:45.424] Syncing: chain download in progress      synced=11.90% chain=175.46GiB headers=8,142,494@4.24GiB bodies=8,142,494@99.13GiB receipts=8,142,494@72.10GiB eta=49h45m17.112s
INFO [11-16|18:38:53.505] Syncing: chain download in progress      synced=11.91% chain=175.58GiB headers=8,145,062@4.24GiB bodies=8,145,062@99.19GiB receipts=8,145,062@72.15GiB eta=49h45m21.173s
INFO [11-16|18:39:01.542] Syncing: chain download in progress      synced=11.91% chain=175.71GiB headers=8,147,505@4.24GiB bodies=8,147,505@99.26GiB receipts=8,147,505@72.21GiB eta=49h45m34.163s
INFO [11-16|18:39:09.642] Syncing: chain download in progress      synced=11.91% chain=175.83GiB headers=8,149,671@4.24GiB bodies=8,149,671@99.32GiB receipts=8,149,671@72.27GiB eta=49h46m11.057s
INFO [11-16|18:39:17.769] Syncing: chain download in progress      synced=11.91% chain=175.96GiB headers=8,151,553@4.24GiB bodies=8,151,553@99.38GiB receipts=8,151,553@72.33GiB eta=49h47m11.391s
INFO [11-16|18:39:25.851] Syncing: chain download in progress      synced=11.92% chain=176.08GiB headers=8,153,606@4.24GiB bodies=8,153,606@99.45GiB receipts=8,153,606@72.39GiB eta=49h47m56.689s
INFO [11-16|18:39:34.000] Syncing: chain download in progress      synced=11.92% chain=176.21GiB headers=8,156,099@4.24GiB bodies=8,156,099@99.52GiB receipts=8,156,099@72.45GiB eta=49h48m8.315s
INFO [11-16|18:39:42.089] Syncing: chain download in progress      synced=11.93% chain=176.34GiB headers=8,158,911@4.25GiB bodies=8,158,911@99.58GiB receipts=8,158,911@72.51GiB eta=49h47m52.718s
WARN [11-16|18:39:43.811] Pivot seemingly stale, moving            old=68,416,238 new=68,416,302
INFO [11-16|18:39:44.059] Syncing: state download in progress      synced=12.02% state=113.89GiB      accounts=80,912,392@13.51GiB slots=468,796,264@96.61GiB codes=497,361@3.76GiB eta=13h54m31.789s
INFO [11-16|18:39:50.134] Syncing: chain download in progress      synced=11.93% chain=176.46GiB headers=8,162,017@4.25GiB bodies=8,162,017@99.64GiB receipts=8,162,017@72.57GiB eta=49h47m12.697s
INFO [11-16|18:39:58.247] Syncing: chain download in progress      synced=11.93% chain=176.58GiB headers=8,164,982@4.25GiB bodies=8,164,982@99.70GiB receipts=8,164,982@72.62GiB eta=49h46m45.621s
INFO [11-16|18:40:06.256] Syncing: chain download in progress      synced=11.94% chain=176.71GiB headers=8,168,115@4.25GiB bodies=8,168,115@99.77GiB receipts=8,168,115@72.69GiB eta=49h46m2.443s
INFO [11-16|18:40:14.322] Syncing: chain download in progress      synced=11.94% chain=176.84GiB headers=8,170,794@4.25GiB bodies=8,170,794@99.84GiB receipts=8,170,794@72.75GiB eta=49h45m57.007s
INFO [11-16|18:40:22.382] Syncing: chain download in progress      synced=11.95% chain=176.96GiB headers=8,173,196@4.25GiB bodies=8,173,196@99.90GiB receipts=8,173,196@72.81GiB eta=49h46m13.539s
INFO [11-16|18:40:30.619] Syncing: chain download in progress      synced=11.95% chain=177.08GiB headers=8,175,485@4.26GiB bodies=8,175,485@99.96GiB receipts=8,175,485@72.86GiB eta=49h46m43.539s
INFO [11-16|18:40:38.685] Syncing: chain download in progress      synced=11.95% chain=177.20GiB headers=8,177,515@4.26GiB bodies=8,177,515@100.03GiB receipts=8,177,515@72.92GiB eta=49h47m29.667s
INFO [11-16|18:40:46.819] Syncing: chain download in progress      synced=11.96% chain=177.33GiB headers=8,179,463@4.26GiB bodies=8,179,463@100.09GiB receipts=8,179,463@72.98GiB eta=49h48m23.986s
INFO [11-16|18:40:54.882] Syncing: chain download in progress      synced=11.96% chain=177.45GiB headers=8,181,629@4.26GiB bodies=8,181,629@100.15GiB receipts=8,181,629@73.04GiB eta=49h48m59.041s
WARN [11-16|18:41:01.767] Pivot seemingly stale, moving            old=68,416,302 new=68,416,366
INFO [11-16|18:41:01.814] Syncing: state download in progress      synced=12.02% state=113.89GiB      accounts=80,912,392@13.51GiB slots=468,796,264@96.61GiB codes=497,361@3.76GiB eta=14h10m11.583s
INFO [11-16|18:41:02.992] Syncing: chain download in progress      synced=11.96% chain=177.58GiB headers=8,184,311@4.26GiB bodies=8,184,311@100.22GiB receipts=8,184,311@73.10GiB eta=49h48m54.438s
INFO [11-16|18:41:11.008] Syncing: chain download in progress      synced=11.97% chain=177.71GiB headers=8,187,274@4.26GiB bodies=8,187,274@100.29GiB receipts=8,187,274@73.16GiB eta=49h48m24.958s
INFO [11-16|18:41:19.271] Syncing: chain download in progress      synced=11.97% chain=177.83GiB headers=8,190,418@4.26GiB bodies=8,190,418@100.35GiB receipts=8,190,418@73.21GiB eta=49h47m47.532s
INFO [11-16|18:41:27.465] Syncing: chain download in progress      synced=11.98% chain=177.95GiB headers=8,193,510@4.27GiB bodies=8,193,510@100.41GiB receipts=8,193,510@73.27GiB eta=49h47m12.553s
INFO [11-16|18:41:35.748] Syncing: chain download in progress      synced=11.98% chain=178.08GiB headers=8,196,823@4.27GiB bodies=8,196,823@100.47GiB receipts=8,196,823@73.34GiB eta=49h46m22.467s
INFO [11-16|18:41:43.785] Syncing: chain download in progress      synced=11.98% chain=178.20GiB headers=8,199,632@4.27GiB bodies=8,199,632@100.53GiB receipts=8,199,632@73.39GiB eta=49h46m5.859s
INFO [11-16|18:41:51.804] Syncing: chain download in progress      synced=11.99% chain=178.34GiB headers=8,202,335@4.27GiB bodies=8,202,335@100.61GiB receipts=8,202,335@73.46GiB eta=49h45m57.275s
INFO [11-16|18:42:00.207] Syncing: chain download in progress      synced=11.99% chain=178.46GiB headers=8,204,776@4.27GiB bodies=8,204,776@100.67GiB receipts=8,204,776@73.52GiB eta=49h46m18.974s
INFO [11-16|18:42:08.265] Syncing: chain download in progress      synced=12.00% chain=178.59GiB headers=8,206,897@4.27GiB bodies=8,206,897@100.74GiB receipts=8,206,897@73.58GiB eta=49h46m57.036s
WARN [11-16|18:42:15.000] Pivot seemingly stale, moving            old=68,416,366 new=68,416,430
INFO [11-16|18:42:15.105] Syncing: state download in progress      synced=12.02% state=113.89GiB      accounts=80,912,392@13.51GiB slots=468,796,264@96.61GiB codes=497,361@3.76GiB eta=14h8m58.291s
INFO [11-16|18:42:16.328] Syncing: chain download in progress      synced=12.00% chain=178.71GiB headers=8,208,864@4.27GiB bodies=8,208,864@100.80GiB receipts=8,208,864@73.63GiB eta=49h47m47.425s
INFO [11-16|18:42:24.437] Syncing: chain download in progress      synced=12.00% chain=178.82GiB headers=8,210,860@4.28GiB bodies=8,210,860@100.86GiB receipts=8,210,860@73.69GiB eta=49h48m36.390s
INFO [11-16|18:42:32.517] Syncing: chain download in progress      synced=12.01% chain=178.96GiB headers=8,213,743@4.28GiB bodies=8,213,743@100.93GiB receipts=8,213,743@73.75GiB eta=49h48m14.980s
INFO [11-16|18:42:40.799] Syncing: chain download in progress      synced=12.01% chain=179.04GiB headers=8,215,735@4.28GiB bodies=8,215,735@100.98GiB receipts=8,215,735@73.79GiB eta=49h49m8.525s
INFO [11-16|18:42:49.080] Syncing: chain download in progress      synced=12.01% chain=179.20GiB headers=8,219,916@4.28GiB bodies=8,219,916@101.06GiB receipts=8,219,916@73.86GiB eta=49h47m10.605s
INFO [11-16|18:42:57.199] Syncing: chain download in progress      synced=12.02% chain=179.33GiB headers=8,223,417@4.28GiB bodies=8,223,417@101.13GiB receipts=8,223,417@73.92GiB eta=49h46m2.035s
INFO [11-16|18:43:05.441] Syncing: chain download in progress      synced=12.02% chain=179.46GiB headers=8,226,794@4.29GiB bodies=8,226,794@101.19GiB receipts=8,226,794@73.98GiB eta=49h45m6.420s
INFO [11-16|18:43:13.689] Syncing: chain download in progress      synced=12.03% chain=179.58GiB headers=8,229,885@4.29GiB bodies=8,229,885@101.25GiB receipts=8,229,885@74.04GiB eta=49h44m33.328s
INFO [11-16|18:43:21.777] Syncing: chain download in progress      synced=12.03% chain=179.71GiB headers=8,232,853@4.29GiB bodies=8,232,853@101.32GiB receipts=8,232,853@74.10GiB eta=49h44m5.840s
WARN [11-16|18:43:21.954] Pivot seemingly stale, moving            old=68,416,430 new=68,416,494
INFO [11-16|18:43:22.001] Syncing: state download in progress      synced=12.02% state=113.89GiB      accounts=80,912,392@13.51GiB slots=468,796,264@96.61GiB codes=497,361@3.76GiB eta=14h24m48.943s
INFO [11-16|18:43:29.867] Syncing: chain download in progress      synced=12.04% chain=179.83GiB headers=8,235,382@4.29GiB bodies=8,235,382@101.39GiB receipts=8,235,382@74.16GiB eta=49h44m12.710s
INFO [11-16|18:43:37.960] Syncing: chain download in progress      synced=12.04% chain=179.96GiB headers=8,237,791@4.29GiB bodies=8,237,791@101.45GiB receipts=8,237,791@74.22GiB eta=49h44m28.771s
INFO [11-16|18:43:46.048] Syncing: chain download in progress      synced=12.04% chain=180.08GiB headers=8,240,101@4.29GiB bodies=8,240,101@101.51GiB receipts=8,240,101@74.27GiB eta=49h44m52.287s
INFO [11-16|18:43:54.105] Syncing: chain download in progress      synced=12.05% chain=180.20GiB headers=8,242,991@4.29GiB bodies=8,242,991@101.58GiB receipts=8,242,991@74.33GiB eta=49h44m30.086s
INFO [11-16|18:44:02.392] Syncing: chain download in progress      synced=12.05% chain=180.32GiB headers=8,246,162@4.30GiB bodies=8,246,162@101.64GiB receipts=8,246,162@74.39GiB eta=49h43m51.949s
INFO [11-16|18:44:10.631] Syncing: chain download in progress      synced=12.06% chain=180.44GiB headers=8,249,733@4.30GiB bodies=8,249,733@101.70GiB receipts=8,249,733@74.44GiB eta=49h42m41.758s
INFO [11-16|18:44:18.783] Syncing: chain download in progress      synced=12.06% chain=180.57GiB headers=8,253,215@4.30GiB bodies=8,253,215@101.77GiB receipts=8,253,215@74.50GiB eta=49h41m36.532s
INFO [11-16|18:44:26.783] Syncing: chain download in progress      synced=12.07% chain=180.70GiB headers=8,256,569@4.30GiB bodies=8,256,569@101.83GiB receipts=8,256,569@74.57GiB eta=49h40m37.529s
WARN [11-16|18:44:28.986] Pivot seemingly stale, moving            old=68,416,494 new=68,416,558
INFO [11-16|18:44:29.117] Syncing: state download in progress      synced=12.02% state=113.89GiB      accounts=80,912,392@13.51GiB slots=468,796,264@96.61GiB codes=497,361@3.76GiB eta=14h23m41.828s
INFO [11-16|18:44:35.040] Syncing: chain download in progress      synced=12.07% chain=180.82GiB headers=8,259,397@4.30GiB bodies=8,259,397@101.89GiB receipts=8,259,397@74.62GiB eta=49h40m25.583s
INFO [11-16|18:44:43.382] Syncing: chain download in progress      synced=12.08% chain=180.91GiB headers=8,261,607@4.31GiB bodies=8,261,607@101.94GiB receipts=8,261,607@74.67GiB eta=49h41m2.986s
INFO [11-16|18:44:51.534] Syncing: chain download in progress      synced=12.08% chain=181.07GiB headers=8,264,667@4.31GiB bodies=8,264,667@102.02GiB receipts=8,264,667@74.74GiB eta=49h40m30.429s
INFO [11-16|18:44:59.539] Syncing: chain download in progress      synced=12.08% chain=181.19GiB headers=8,266,793@4.31GiB bodies=8,266,793@102.08GiB receipts=8,266,793@74.80GiB eta=49h41m5.792s
INFO [11-16|18:45:07.628] Syncing: chain download in progress      synced=12.09% chain=181.32GiB headers=8,269,250@4.31GiB bodies=8,269,250@102.15GiB receipts=8,269,250@74.86GiB eta=49h41m17.853s
INFO [11-16|18:45:15.636] Syncing: chain download in progress      synced=12.09% chain=181.44GiB headers=8,271,926@4.31GiB bodies=8,271,926@102.22GiB receipts=8,271,926@74.91GiB eta=49h41m11.097s
INFO [11-16|18:45:23.638] Syncing: chain download in progress      synced=12.09% chain=181.57GiB headers=8,274,859@4.31GiB bodies=8,274,859@102.28GiB receipts=8,274,859@74.97GiB eta=49h40m44.633s
INFO [11-16|18:45:31.862] Syncing: chain download in progress      synced=12.10% chain=181.69GiB headers=8,278,033@4.31GiB bodies=8,278,033@102.34GiB receipts=8,278,033@75.03GiB eta=49h40m5.245s
INFO [11-16|18:45:39.878] Syncing: chain download in progress      synced=12.10% chain=181.82GiB headers=8,281,819@4.32GiB bodies=8,281,819@102.41GiB receipts=8,281,819@75.09GiB eta=49h38m34.250s
WARN [11-16|18:45:41.111] Pivot seemingly stale, moving            old=68,416,558 new=68,416,622
INFO [11-16|18:45:41.414] Syncing: state download in progress      synced=12.02% state=113.89GiB      accounts=80,912,392@13.51GiB slots=468,796,264@96.61GiB codes=497,361@3.76GiB eta=14h39m27.079s
INFO [11-16|18:45:47.913] Syncing: chain download in progress      synced=12.11% chain=181.94GiB headers=8,284,756@4.32GiB bodies=8,284,756@102.47GiB receipts=8,284,756@75.15GiB eta=49h38m8.694s
INFO [11-16|18:45:55.938] Syncing: chain download in progress      synced=12.11% chain=182.07GiB headers=8,287,528@4.32GiB bodies=8,287,528@102.54GiB receipts=8,287,528@75.21GiB eta=49h37m55.286s
INFO [11-16|18:46:04.108] Syncing: chain download in progress      synced=12.12% chain=182.20GiB headers=8,290,301@4.32GiB bodies=8,290,301@102.61GiB receipts=8,290,301@75.27GiB eta=49h37m45.302s
INFO [11-16|18:46:12.151] Syncing: chain download in progress      synced=12.12% chain=182.32GiB headers=8,292,381@4.32GiB bodies=8,292,381@102.67GiB receipts=8,292,381@75.33GiB eta=49h38m24.696s
INFO [11-16|18:46:20.332] Syncing: chain download in progress      synced=12.12% chain=182.45GiB headers=8,294,337@4.32GiB bodies=8,294,337@102.74GiB receipts=8,294,337@75.39GiB eta=49h39m16.840s
INFO [11-16|18:46:28.482] Syncing: chain download in progress      synced=12.13% chain=182.58GiB headers=8,296,636@4.33GiB bodies=8,296,636@102.81GiB receipts=8,296,636@75.45GiB eta=49h39m42.108s
INFO [11-16|18:46:36.522] Syncing: chain download in progress      synced=12.13% chain=182.71GiB headers=8,299,350@4.33GiB bodies=8,299,350@102.88GiB receipts=8,299,350@75.51GiB eta=49h39m33.316s
INFO [11-16|18:46:44.540] Syncing: chain download in progress      synced=12.14% chain=182.84GiB headers=8,302,359@4.33GiB bodies=8,302,359@102.95GiB receipts=8,302,359@75.57GiB eta=49h39m1.705s
INFO [11-16|18:46:52.616] Syncing: chain download in progress      synced=12.14% chain=182.96GiB headers=8,305,326@4.33GiB bodies=8,305,326@103.01GiB receipts=8,305,326@75.62GiB eta=49h38m34.670s
WARN [11-16|18:46:55.132] Pivot seemingly stale, moving            old=68,416,622 new=68,416,686
INFO [11-16|18:46:56.453] Syncing: state download in progress      synced=12.02% state=113.89GiB      accounts=80,912,392@13.51GiB slots=468,796,264@96.61GiB codes=497,361@3.76GiB eta=14h55m9.587s
INFO [11-16|18:47:00.927] Syncing: chain download in progress      synced=12.14% chain=183.09GiB headers=8,308,846@4.33GiB bodies=8,308,846@103.08GiB receipts=8,308,846@75.68GiB eta=49h37m32.041s
INFO [11-16|18:47:09.006] Syncing: chain download in progress      synced=12.15% chain=183.22GiB headers=8,311,969@4.33GiB bodies=8,311,969@103.14GiB receipts=8,311,969@75.74GiB eta=49h36m53.548s
INFO [11-16|18:47:17.244] Syncing: chain download in progress      synced=12.15% chain=183.35GiB headers=8,314,785@4.34GiB bodies=8,314,785@103.21GiB receipts=8,314,785@75.80GiB eta=49h36m41.994s
INFO [11-16|18:47:25.400] Syncing: chain download in progress      synced=12.16% chain=183.47GiB headers=8,317,203@4.34GiB bodies=8,317,203@103.27GiB receipts=8,317,203@75.86GiB eta=49h36m58.307s
INFO [11-16|18:47:33.488] Syncing: chain download in progress      synced=12.16% chain=183.59GiB headers=8,319,303@4.34GiB bodies=8,319,303@103.33GiB receipts=8,319,303@75.92GiB eta=49h37m36.779s
INFO [11-16|18:47:41.590] Syncing: chain download in progress      synced=12.16% chain=183.71GiB headers=8,321,261@4.34GiB bodies=8,321,261@103.39GiB receipts=8,321,261@75.98GiB eta=49h38m26.125s
INFO [11-16|18:47:49.698] Syncing: chain download in progress      synced=12.17% chain=183.83GiB headers=8,323,201@4.34GiB bodies=8,323,201@103.46GiB receipts=8,323,201@76.04GiB eta=49h39m16.904s
INFO [11-16|18:47:57.758] Syncing: chain download in progress      synced=12.17% chain=183.96GiB headers=8,325,278@4.34GiB bodies=8,325,278@103.53GiB receipts=8,325,278@76.09GiB eta=49h39m56.215s
INFO [11-16|18:48:05.801] Syncing: chain download in progress      synced=12.17% chain=184.09GiB headers=8,327,868@4.34GiB bodies=8,327,868@103.60GiB receipts=8,327,868@76.15GiB eta=49h39m56.621s
INFO [11-16|18:48:13.929] Syncing: chain download in progress      synced=12.18% chain=184.21GiB headers=8,330,652@4.35GiB bodies=8,330,652@103.66GiB receipts=8,330,652@76.21GiB eta=49h39m44.552s
WARN [11-16|18:48:15.326] Pivot seemingly stale, moving            old=68,416,686 new=68,416,750
INFO [11-16|18:48:15.492] Syncing: state download in progress      synced=12.02% state=113.89GiB      accounts=80,912,392@13.51GiB slots=468,796,264@96.61GiB codes=497,361@3.76GiB eta=14h53m50.548s
INFO [11-16|18:48:22.046] Syncing: chain download in progress      synced=12.18% chain=184.34GiB headers=8,333,695@4.35GiB bodies=8,333,695@103.73GiB receipts=8,333,695@76.27GiB eta=49h39m13.157s
INFO [11-16|18:48:30.065] Syncing: chain download in progress      synced=12.19% chain=184.47GiB headers=8,336,893@4.35GiB bodies=8,336,893@103.79GiB receipts=8,336,893@76.32GiB eta=49h38m27.654s
INFO [11-16|18:48:38.326] Syncing: chain download in progress      synced=12.19% chain=184.59GiB headers=8,339,945@4.35GiB bodies=8,339,945@103.86GiB receipts=8,339,945@76.38GiB eta=49h37m58.991s
INFO [11-16|18:48:46.329] Syncing: chain download in progress      synced=12.19% chain=184.71GiB headers=8,342,522@4.35GiB bodies=8,342,522@103.92GiB receipts=8,342,522@76.44GiB eta=49h37m59.437s
INFO [11-16|18:48:54.409] Syncing: chain download in progress      synced=12.20% chain=184.84GiB headers=8,345,065@4.35GiB bodies=8,345,065@103.99GiB receipts=8,345,065@76.50GiB eta=49h38m4.248s
INFO [11-16|18:49:02.471] Syncing: chain download in progress      synced=12.20% chain=184.96GiB headers=8,347,266@4.35GiB bodies=8,347,266@104.05GiB receipts=8,347,266@76.55GiB eta=49h38m33.983s
INFO [11-16|18:49:10.514] Syncing: chain download in progress      synced=12.20% chain=185.08GiB headers=8,349,191@4.36GiB bodies=8,349,191@104.12GiB receipts=8,349,191@76.61GiB eta=49h39m23.638s
INFO [11-16|18:49:18.541] Syncing: chain download in progress      synced=12.21% chain=185.20GiB headers=8,350,754@4.36GiB bodies=8,350,754@104.18GiB receipts=8,350,754@76.66GiB eta=49h40m39.595s
INFO [11-16|18:49:26.576] Syncing: chain download in progress      synced=12.21% chain=185.32GiB headers=8,352,553@4.36GiB bodies=8,352,553@104.25GiB receipts=8,352,553@76.72GiB eta=49h41m38.207s
INFO [11-16|18:49:34.682] Syncing: chain download in progress      synced=12.21% chain=185.45GiB headers=8,354,783@4.36GiB bodies=8,354,783@104.31GiB receipts=8,354,783@76.78GiB eta=49h42m6.521s
WARN [11-16|18:49:38.348] Pivot seemingly stale, moving            old=68,416,750 new=68,416,814
INFO [11-16|18:49:38.446] Syncing: state download in progress      synced=12.02% state=113.89GiB      accounts=80,912,392@13.51GiB slots=468,796,264@96.61GiB codes=497,361@3.76GiB eta=15h9m25.142s
INFO [11-16|18:49:42.719] Syncing: chain download in progress      synced=12.22% chain=185.57GiB headers=8,357,324@4.36GiB bodies=8,357,324@104.38GiB receipts=8,357,324@76.83GiB eta=49h42m10.253s
INFO [11-16|18:49:50.872] Syncing: chain download in progress      synced=12.22% chain=185.70GiB headers=8,360,390@4.36GiB bodies=8,360,390@104.45GiB receipts=8,360,390@76.89GiB eta=49h41m37.757s
INFO [11-16|18:49:58.873] Syncing: chain download in progress      synced=12.22% chain=185.83GiB headers=8,363,613@4.36GiB bodies=8,363,613@104.51GiB receipts=8,363,613@76.95GiB eta=49h40m50.142s
INFO [11-16|18:50:06.946] Syncing: chain download in progress      synced=12.23% chain=185.95GiB headers=8,366,617@4.37GiB bodies=8,366,617@104.58GiB receipts=8,366,617@77.01GiB eta=49h40m20.479s
INFO [11-16|18:50:14.973] Syncing: chain download in progress      synced=12.23% chain=186.07GiB headers=8,369,353@4.37GiB bodies=8,369,353@104.64GiB receipts=8,369,353@77.06GiB eta=49h40m9.449s
INFO [11-16|18:50:22.980] Syncing: chain download in progress      synced=12.24% chain=186.19GiB headers=8,371,739@4.37GiB bodies=8,371,739@104.70GiB receipts=8,371,739@77.12GiB eta=49h40m23.720s
INFO [11-16|18:50:31.085] Syncing: chain download in progress      synced=12.24% chain=186.31GiB headers=8,374,191@4.37GiB bodies=8,374,191@104.77GiB receipts=8,374,191@77.17GiB eta=49h40m35.391s
INFO [11-16|18:50:39.192] Syncing: chain download in progress      synced=12.24% chain=186.43GiB headers=8,376,187@4.37GiB bodies=8,376,187@104.83GiB receipts=8,376,187@77.23GiB eta=49h41m20.601s
INFO [11-16|18:50:47.239] Syncing: chain download in progress      synced=12.25% chain=186.56GiB headers=8,378,092@4.37GiB bodies=8,378,092@104.90GiB receipts=8,378,092@77.28GiB eta=49h42m10.941s
INFO [11-16|18:50:55.253] Syncing: chain download in progress      synced=12.25% chain=186.68GiB headers=8,379,823@4.37GiB bodies=8,379,823@104.97GiB receipts=8,379,823@77.34GiB eta=49h43m13.204s
WARN [11-16|18:50:58.366] Pivot seemingly stale, moving            old=68,416,814 new=68,416,878
INFO [11-16|18:50:58.479] Syncing: state download in progress      synced=12.02% state=113.89GiB      accounts=80,912,392@13.51GiB slots=468,796,264@96.61GiB codes=497,361@3.76GiB eta=15h25m2.657s
INFO [11-16|18:51:03.258] Syncing: chain download in progress      synced=12.25% chain=186.80GiB headers=8,381,698@4.37GiB bodies=8,381,698@105.03GiB receipts=8,381,698@77.39GiB eta=49h44m4.778s
INFO [11-16|18:51:11.383] Syncing: chain download in progress      synced=12.25% chain=186.92GiB headers=8,383,995@4.38GiB bodies=8,383,995@105.10GiB receipts=8,383,995@77.45GiB eta=49h44m27.944s
INFO [11-16|18:51:19.470] Syncing: chain download in progress      synced=12.26% chain=187.05GiB headers=8,386,520@4.38GiB bodies=8,386,520@105.17GiB receipts=8,386,520@77.51GiB eta=49h44m33.499s
INFO [11-16|18:51:27.474] Syncing: chain download in progress      synced=12.26% chain=187.17GiB headers=8,389,285@4.38GiB bodies=8,389,285@105.23GiB receipts=8,389,285@77.56GiB eta=49h44m19.488s
INFO [11-16|18:51:35.513] Syncing: chain download in progress      synced=12.27% chain=187.30GiB headers=8,392,272@4.38GiB bodies=8,392,272@105.30GiB receipts=8,392,272@77.62GiB eta=49h43m50.170s
INFO [11-16|18:51:43.580] Syncing: chain download in progress      synced=12.27% chain=187.42GiB headers=8,395,235@4.38GiB bodies=8,395,235@105.36GiB receipts=8,395,235@77.68GiB eta=49h43m23.266s
INFO [11-16|18:51:51.934] Syncing: chain download in progress      synced=12.27% chain=187.53GiB headers=8,397,590@4.38GiB bodies=8,397,590@105.42GiB receipts=8,397,590@77.72GiB eta=49h43m47.392s
INFO [11-16|18:51:59.990] Syncing: chain download in progress      synced=12.28% chain=187.68GiB headers=8,400,475@4.39GiB bodies=8,400,475@105.50GiB receipts=8,400,475@77.79GiB eta=49h43m25.943s
INFO [11-16|18:52:08.041] Syncing: chain download in progress      synced=12.28% chain=187.80GiB headers=8,402,797@4.39GiB bodies=8,402,797@105.57GiB receipts=8,402,797@77.84GiB eta=49h43m45.304s
INFO [11-16|18:52:16.426] Syncing: chain download in progress      synced=12.28% chain=187.91GiB headers=8,404,685@4.39GiB bodies=8,404,685@105.62GiB receipts=8,404,685@77.89GiB eta=49h44m44.065s
WARN [11-16|18:52:17.508] Pivot seemingly stale, moving            old=68,416,878 new=68,416,942
INFO [11-16|18:52:17.604] Syncing: state download in progress      synced=12.02% state=113.89GiB      accounts=80,912,392@13.51GiB slots=468,796,264@96.61GiB codes=497,361@3.76GiB eta=15h23m43.532s
INFO [11-16|18:52:24.552] Syncing: chain download in progress      synced=12.29% chain=188.03GiB headers=8,406,583@4.39GiB bodies=8,406,583@105.69GiB receipts=8,406,583@77.95GiB eta=49h45m36.082s
INFO [11-16|18:52:32.581] Syncing: chain download in progress      synced=12.29% chain=188.15GiB headers=8,408,292@4.39GiB bodies=8,408,292@105.76GiB receipts=8,408,292@78.00GiB eta=49h46m39.270s
INFO [11-16|18:52:40.672] Syncing: chain download in progress      synced=12.29% chain=188.27GiB headers=8,410,106@4.39GiB bodies=8,410,106@105.82GiB receipts=8,410,106@78.05GiB eta=49h47m36.200s
INFO [11-16|18:52:48.704] Syncing: chain download in progress      synced=12.30% chain=188.39GiB headers=8,412,015@4.39GiB bodies=8,412,015@105.89GiB receipts=8,412,015@78.10GiB eta=49h48m24.802s
INFO [11-16|18:52:56.893] Syncing: chain download in progress      synced=12.30% chain=188.51GiB headers=8,414,874@4.39GiB bodies=8,414,874@105.96GiB receipts=8,414,874@78.16GiB eta=49h48m8.039s
INFO [11-16|18:53:05.075] Syncing: chain download in progress      synced=12.30% chain=188.62GiB headers=8,417,826@4.40GiB bodies=8,417,826@106.01GiB receipts=8,417,826@78.21GiB eta=49h47m44.338s
INFO [11-16|18:53:13.500] Syncing: chain download in progress      synced=12.31% chain=188.75GiB headers=8,421,970@4.40GiB bodies=8,421,970@106.08GiB receipts=8,421,970@78.27GiB eta=49h46m0.105s
INFO [11-16|18:53:21.612] Syncing: chain download in progress      synced=12.32% chain=188.88GiB headers=8,425,722@4.40GiB bodies=8,425,722@106.15GiB receipts=8,425,722@78.32GiB eta=49h44m37.271s
INFO [11-16|18:53:29.694] Syncing: chain download in progress      synced=12.32% chain=189.00GiB headers=8,428,998@4.40GiB bodies=8,428,998@106.22GiB receipts=8,428,998@78.38GiB eta=49h43m48.200s
WARN [11-16|18:53:30.615] Pivot seemingly stale, moving            old=68,416,942 new=68,417,006
INFO [11-16|18:53:30.836] Syncing: state download in progress      synced=12.02% state=113.89GiB      accounts=80,912,392@13.51GiB slots=468,796,264@96.61GiB codes=497,361@3.76GiB eta=15h39m27.849s
INFO [11-16|18:53:37.925] Syncing: chain download in progress      synced=12.32% chain=189.13GiB headers=8,431,988@4.40GiB bodies=8,431,988@106.29GiB receipts=8,431,988@78.44GiB eta=49h43m23.451s
INFO [11-16|18:53:46.110] Syncing: chain download in progress      synced=12.33% chain=189.25GiB headers=8,434,049@4.41GiB bodies=8,434,049@106.35GiB receipts=8,434,049@78.50GiB eta=49h44m4.328s
INFO [11-16|18:53:54.231] Syncing: chain download in progress      synced=12.33% chain=189.38GiB headers=8,435,955@4.41GiB bodies=8,435,955@106.42GiB receipts=8,435,955@78.55GiB eta=49h44m54.781s
INFO [11-16|18:54:02.270] Syncing: chain download in progress      synced=12.33% chain=189.50GiB headers=8,437,922@4.41GiB bodies=8,437,922@106.48GiB receipts=8,437,922@78.61GiB eta=49h45m38.810s
INFO [11-16|18:54:10.498] Syncing: chain download in progress      synced=12.34% chain=189.62GiB headers=8,440,571@4.41GiB bodies=8,440,571@106.54GiB receipts=8,440,571@78.67GiB eta=49h45m38.215s
INFO [11-16|18:54:18.554] Syncing: chain download in progress      synced=12.34% chain=189.75GiB headers=8,443,641@4.41GiB bodies=8,443,641@106.61GiB receipts=8,443,641@78.73GiB eta=49h45m3.437s
INFO [11-16|18:54:26.598] Syncing: chain download in progress      synced=12.35% chain=189.87GiB headers=8,447,289@4.41GiB bodies=8,447,289@106.67GiB receipts=8,447,289@78.78GiB eta=49h43m47.056s
INFO [11-16|18:54:34.647] Syncing: chain download in progress      synced=12.35% chain=189.99GiB headers=8,451,049@4.41GiB bodies=8,451,049@106.73GiB receipts=8,451,049@78.84GiB eta=49h42m22.973s
WARN [11-16|18:54:40.682] Pivot seemingly stale, moving            old=68,417,006 new=68,417,070
INFO [11-16|18:54:40.822] Syncing: state download in progress      synced=12.02% state=113.89GiB      accounts=80,912,392@13.51GiB slots=468,796,264@96.61GiB codes=497,361@3.76GiB eta=15h38m17.862s
INFO [11-16|18:54:42.920] Syncing: chain download in progress      synced=12.36% chain=190.12GiB headers=8,455,160@4.42GiB bodies=8,455,160@106.80GiB receipts=8,455,160@78.90GiB eta=49h40m39.394s
INFO [11-16|18:54:51.193] Syncing: chain download in progress      synced=12.36% chain=190.25GiB headers=8,458,563@4.42GiB bodies=8,458,563@106.86GiB receipts=8,458,563@78.96GiB eta=49h39m46.314s
INFO [11-16|18:54:59.338] Syncing: chain download in progress      synced=12.37% chain=190.38GiB headers=8,461,497@4.42GiB bodies=8,461,497@106.93GiB receipts=8,461,497@79.03GiB eta=49h39m23.776s
INFO [11-16|18:55:07.405] Syncing: chain download in progress      synced=12.37% chain=190.51GiB headers=8,464,125@4.42GiB bodies=8,464,125@107.00GiB receipts=8,464,125@79.09GiB eta=49h39m21.216s
INFO [11-16|18:55:15.411] Syncing: chain download in progress      synced=12.38% chain=190.63GiB headers=8,466,638@4.42GiB bodies=8,466,638@107.07GiB receipts=8,466,638@79.14GiB eta=49h39m25.413s
INFO [11-16|18:55:23.518] Syncing: chain download in progress      synced=12.38% chain=190.76GiB headers=8,469,732@4.43GiB bodies=8,469,732@107.13GiB receipts=8,469,732@79.20GiB eta=49h38m50.710s
INFO [11-16|18:55:31.568] Syncing: chain download in progress      synced=12.38% chain=190.89GiB headers=8,473,173@4.43GiB bodies=8,473,173@107.20GiB receipts=8,473,173@79.26GiB eta=49h37m50.218s
INFO [11-16|18:55:39.605] Syncing: chain download in progress      synced=12.39% chain=191.01GiB headers=8,476,860@4.43GiB bodies=8,476,860@107.26GiB receipts=8,476,860@79.32GiB eta=49h36m32.215s
WARN [11-16|18:55:43.732] Pivot seemingly stale, moving            old=68,417,070 new=68,417,134
INFO [11-16|18:55:43.846] Syncing: state download in progress      synced=12.02% state=113.89GiB      accounts=80,912,392@13.51GiB slots=468,796,264@96.61GiB codes=497,361@3.76GiB eta=15h54m12.386s
INFO [11-16|18:55:47.933] Syncing: chain download in progress      synced=12.39% chain=191.13GiB headers=8,480,093@4.43GiB bodies=8,480,093@107.32GiB receipts=8,480,093@79.38GiB eta=49h35m53.164s
INFO [11-16|18:55:56.219] Syncing: chain download in progress      synced=12.40% chain=191.26GiB headers=8,483,215@4.43GiB bodies=8,483,215@107.39GiB receipts=8,483,215@79.44GiB eta=49h35m20.909s
INFO [11-16|18:56:04.310] Syncing: chain download in progress      synced=12.40% chain=191.39GiB headers=8,486,186@4.44GiB bodies=8,486,186@107.46GiB receipts=8,486,186@79.50GiB eta=49h34m54.919s
INFO [11-16|18:56:12.396] Syncing: chain download in progress      synced=12.41% chain=191.51GiB headers=8,488,488@4.44GiB bodies=8,488,488@107.52GiB receipts=8,488,488@79.56GiB eta=49h35m15.810s
INFO [11-16|18:56:20.462] Syncing: chain download in progress      synced=12.41% chain=191.64GiB headers=8,490,638@4.44GiB bodies=8,490,638@107.59GiB receipts=8,490,638@79.61GiB eta=49h35m46.979s
INFO [11-16|18:56:28.478] Syncing: chain download in progress      synced=12.41% chain=191.77GiB headers=8,492,794@4.44GiB bodies=8,492,794@107.66GiB receipts=8,492,794@79.67GiB eta=49h36m16.450s
INFO [11-16|18:56:36.593] Syncing: chain download in progress      synced=12.42% chain=191.87GiB headers=8,494,498@4.44GiB bodies=8,494,498@107.71GiB receipts=8,494,498@79.72GiB eta=49h37m19.864s
INFO [11-16|18:56:44.688] Syncing: chain download in progress      synced=12.42% chain=192.01GiB headers=8,497,082@4.44GiB bodies=8,497,082@107.79GiB receipts=8,497,082@79.78GiB eta=49h37m20.969s
INFO [11-16|18:56:52.770] Syncing: chain download in progress      synced=12.42% chain=192.14GiB headers=8,500,304@4.44GiB bodies=8,500,304@107.85GiB receipts=8,500,304@79.84GiB eta=49h36m37.091s
WARN [11-16|18:57:00.841] Pivot seemingly stale, moving            old=68,417,134 new=68,417,198
INFO [11-16|18:57:00.923] Syncing: chain download in progress      synced=12.43% chain=192.26GiB headers=8,503,027@4.44GiB bodies=8,503,027@107.92GiB receipts=8,503,027@79.89GiB eta=49h36m30.004s
INFO [11-16|18:57:00.923] Syncing: state download in progress      synced=12.02% state=113.89GiB      accounts=80,912,392@13.51GiB slots=468,796,264@96.61GiB codes=497,361@3.76GiB eta=15h52m55.309s
INFO [11-16|18:57:09.009] Syncing: chain download in progress      synced=12.43% chain=192.39GiB headers=8,506,148@4.45GiB bodies=8,506,148@107.99GiB receipts=8,506,148@79.95GiB eta=49h35m53.381s
INFO [11-16|18:57:17.062] Syncing: chain download in progress      synced=12.44% chain=192.52GiB headers=8,510,286@4.45GiB bodies=8,510,286@108.06GiB receipts=8,510,286@80.01GiB eta=49h34m5.138s
INFO [11-16|18:57:25.192] Syncing: chain download in progress      synced=12.44% chain=192.66GiB headers=8,514,087@4.45GiB bodies=8,514,087@108.13GiB receipts=8,514,087@80.07GiB eta=49h32m42.351s
INFO [11-16|18:57:33.290] Syncing: chain download in progress      synced=12.45% chain=192.80GiB headers=8,516,871@4.45GiB bodies=8,516,871@108.21GiB receipts=8,516,871@80.14GiB eta=49h32m29.809s
INFO [11-16|18:57:41.371] Syncing: chain download in progress      synced=12.45% chain=192.94GiB headers=8,518,977@4.45GiB bodies=8,518,977@108.29GiB receipts=8,518,977@80.19GiB eta=49h33m3.970s
INFO [11-16|18:57:49.445] Syncing: chain download in progress      synced=12.45% chain=193.06GiB headers=8,520,823@4.46GiB bodies=8,520,823@108.36GiB receipts=8,520,823@80.25GiB eta=49h33m55.973s
INFO [11-16|18:57:57.523] Syncing: chain download in progress      synced=12.46% chain=193.19GiB headers=8,522,680@4.46GiB bodies=8,522,680@108.43GiB receipts=8,522,680@80.31GiB eta=49h34m47.220s
INFO [11-16|18:58:05.806] Syncing: chain download in progress      synced=12.46% chain=193.31GiB headers=8,524,844@4.46GiB bodies=8,524,844@108.49GiB receipts=8,524,844@80.36GiB eta=49h35m21.618s
WARN [11-16|18:58:12.921] Pivot seemingly stale, moving            old=68,417,198 new=68,417,262
INFO [11-16|18:58:13.006] Syncing: state download in progress      synced=12.02% state=113.89GiB      accounts=80,912,392@13.51GiB slots=468,796,264@96.61GiB codes=497,361@3.76GiB eta=16h8m40.775s
INFO [11-16|18:58:13.928] Syncing: chain download in progress      synced=12.47% chain=193.44GiB headers=8,528,272@4.46GiB bodies=8,528,272@108.56GiB receipts=8,528,272@80.43GiB eta=49h34m24.997s
INFO [11-16|18:58:22.058] Syncing: chain download in progress      synced=12.47% chain=193.55GiB headers=8,531,361@4.46GiB bodies=8,531,361@108.61GiB receipts=8,531,361@80.48GiB eta=49h33m51.898s
INFO [11-16|18:58:30.352] Syncing: chain download in progress      synced=12.47% chain=193.69GiB headers=8,534,886@4.46GiB bodies=8,534,886@108.69GiB receipts=8,534,886@80.54GiB eta=49h32m52.351s
INFO [11-16|18:58:38.451] Syncing: chain download in progress      synced=12.48% chain=193.81GiB headers=8,538,474@4.47GiB bodies=8,538,474@108.75GiB receipts=8,538,474@80.60GiB eta=49h31m44.300s
INFO [11-16|18:58:46.615] Syncing: chain download in progress      synced=12.49% chain=193.95GiB headers=8,542,274@4.47GiB bodies=8,542,274@108.82GiB receipts=8,542,274@80.66GiB eta=49h30m23.230s
INFO [11-16|18:58:54.810] Syncing: chain download in progress      synced=12.49% chain=194.09GiB headers=8,545,470@4.47GiB bodies=8,545,470@108.90GiB receipts=8,545,470@80.72GiB eta=49h29m44.559s
INFO [11-16|18:59:03.002] Syncing: chain download in progress      synced=12.49% chain=194.23GiB headers=8,548,349@4.47GiB bodies=8,548,349@108.97GiB receipts=8,548,349@80.78GiB eta=49h29m27.669s
INFO [11-16|18:59:11.246] Syncing: chain download in progress      synced=12.50% chain=194.33GiB headers=8,550,256@4.47GiB bodies=8,550,256@109.03GiB receipts=8,550,256@80.83GiB eta=49h30m18.688s
INFO [11-16|18:59:16.870] Syncing: state download in progress      synced=12.02% state=113.89GiB      accounts=80,912,392@13.51GiB slots=468,796,264@96.61GiB codes=497,361@3.76GiB eta=16h24m34.458s
WARN [11-16|18:59:19.013] Pivot seemingly stale, moving            old=68,417,262 new=68,417,326
INFO [11-16|18:59:19.143] Syncing: state download in progress      synced=12.02% state=113.89GiB      accounts=80,912,392@13.51GiB slots=468,796,264@96.61GiB codes=497,361@3.76GiB eta=16h24m32.186s
INFO [11-16|18:59:19.252] Syncing: chain download in progress      synced=12.50% chain=194.46GiB headers=8,552,696@4.47GiB bodies=8,552,696@109.10GiB receipts=8,552,696@80.89GiB eta=49h30m27.958s
INFO [11-16|18:59:31.224] Syncing: chain download in progress      synced=12.50% chain=194.52GiB headers=8,554,057@4.47GiB bodies=8,554,057@109.13GiB receipts=8,554,057@80.92GiB eta=49h33m18.408s
INFO [11-16|18:59:40.117] Syncing: chain download in progress      synced=12.51% chain=194.68GiB headers=8,558,058@4.48GiB bodies=8,558,058@109.22GiB receipts=8,558,058@80.99GiB eta=49h31m59.861s
INFO [11-16|18:59:48.261] Syncing: chain download in progress      synced=12.51% chain=194.80GiB headers=8,559,778@4.48GiB bodies=8,559,778@109.27GiB receipts=8,559,778@81.05GiB eta=49h33m1.119s
INFO [11-16|18:59:56.484] Syncing: chain download in progress      synced=12.51% chain=194.91GiB headers=8,562,055@4.48GiB bodies=8,562,055@109.33GiB receipts=8,562,055@81.10GiB eta=49h33m25.877s
INFO [11-16|19:00:04.515] Syncing: chain download in progress      synced=12.52% chain=195.04GiB headers=8,565,688@4.48GiB bodies=8,565,688@109.40GiB receipts=8,565,688@81.16GiB eta=49h32m13.701s
INFO [11-16|19:00:12.568] Syncing: chain download in progress      synced=12.52% chain=195.15GiB headers=8,569,131@4.48GiB bodies=8,569,131@109.46GiB receipts=8,569,131@81.21GiB eta=49h31m15.144s
INFO [11-16|19:00:20.570] Syncing: chain download in progress      synced=12.53% chain=195.27GiB headers=8,572,072@4.48GiB bodies=8,572,072@109.52GiB receipts=8,572,072@81.27GiB eta=49h30m49.807s
INFO [11-16|19:00:28.670] Syncing: chain download in progress      synced=12.53% chain=195.40GiB headers=8,574,998@4.49GiB bodies=8,574,998@109.58GiB receipts=8,574,998@81.33GiB eta=49h30m27.627s
WARN [11-16|19:00:34.982] Pivot seemingly stale, moving            old=68,417,326 new=68,417,390
INFO [11-16|19:00:35.774] Syncing: state download in progress      synced=12.02% state=113.89GiB      accounts=80,912,392@13.51GiB slots=468,796,264@96.61GiB codes=497,361@3.76GiB eta=16h23m15.554s
INFO [11-16|19:00:36.852] Syncing: chain download in progress      synced=12.54% chain=195.51GiB headers=8,577,377@4.49GiB bodies=8,577,377@109.64GiB receipts=8,577,377@81.38GiB eta=49h30m44.668s
INFO [11-16|19:00:45.311] Syncing: chain download in progress      synced=12.54% chain=195.64GiB headers=8,579,876@4.49GiB bodies=8,579,876@109.71GiB receipts=8,579,876@81.44GiB eta=49h30m59.364s
INFO [11-16|19:00:53.322] Syncing: chain download in progress      synced=12.54% chain=195.76GiB headers=8,582,366@4.49GiB bodies=8,582,366@109.78GiB receipts=8,582,366@81.50GiB eta=49h31m4.871s
INFO [11-16|19:01:02.474] Syncing: chain download in progress      synced=12.55% chain=195.87GiB headers=8,584,854@4.49GiB bodies=8,584,854@109.83GiB receipts=8,584,854@81.54GiB eta=49h31m35.333s
INFO [11-16|19:01:10.843] Syncing: chain download in progress      synced=12.55% chain=196.00GiB headers=8,588,117@4.49GiB bodies=8,588,117@109.90GiB receipts=8,588,117@81.61GiB eta=49h30m56.173s
INFO [11-16|19:01:19.232] Syncing: chain download in progress      synced=12.56% chain=196.10GiB headers=8,590,832@4.50GiB bodies=8,590,832@109.95GiB receipts=8,590,832@81.65GiB eta=49h30m54.605s
INFO [11-16|19:01:27.259] Syncing: chain download in progress      synced=12.56% chain=196.25GiB headers=8,594,860@4.50GiB bodies=8,594,860@110.03GiB receipts=8,594,860@81.72GiB eta=49h29m16.399s
INFO [11-16|19:01:35.292] Syncing: chain download in progress      synced=12.57% chain=196.37GiB headers=8,598,295@4.50GiB bodies=8,598,295@110.09GiB receipts=8,598,295@81.78GiB eta=49h28m18.554s
INFO [11-16|19:01:43.471] Syncing: chain download in progress      synced=12.57% chain=196.50GiB headers=8,601,303@4.50GiB bodies=8,601,303@110.16GiB receipts=8,601,303@81.84GiB eta=49h27m52.790s
WARN [11-16|19:01:45.075] Pivot seemingly stale, moving            old=68,417,390 new=68,417,454
INFO [11-16|19:01:46.510] Syncing: state download in progress      synced=12.02% state=113.89GiB      accounts=80,912,392@13.51GiB slots=468,796,264@96.61GiB codes=497,361@3.76GiB eta=16h39m2.367s
INFO [11-16|19:01:51.591] Syncing: chain download in progress      synced=12.58% chain=196.62GiB headers=8,604,024@4.50GiB bodies=8,604,024@110.22GiB receipts=8,604,024@81.89GiB eta=49h27m45.298s
INFO [11-16|19:01:59.617] Syncing: chain download in progress      synced=12.58% chain=196.74GiB headers=8,606,233@4.50GiB bodies=8,606,233@110.28GiB receipts=8,606,233@81.95GiB eta=49h28m10.063s
INFO [11-16|19:02:07.659] Syncing: chain download in progress      synced=12.58% chain=196.86GiB headers=8,608,530@4.51GiB bodies=8,608,530@110.35GiB receipts=8,608,530@82.01GiB eta=49h28m29.181s
INFO [11-16|19:02:15.832] Syncing: chain download in progress      synced=12.59% chain=196.98GiB headers=8,610,753@4.51GiB bodies=8,610,753@110.41GiB receipts=8,610,753@82.06GiB eta=49h28m56.053s
INFO [11-16|19:02:24.017] Syncing: chain download in progress      synced=12.59% chain=197.10GiB headers=8,613,426@4.51GiB bodies=8,613,426@110.48GiB receipts=8,613,426@82.11GiB eta=49h28m52.875s
INFO [11-16|19:02:32.793] Syncing: chain download in progress      synced=12.59% chain=197.20GiB headers=8,616,012@4.51GiB bodies=8,616,012@110.53GiB receipts=8,616,012@82.16GiB eta=49h29m8.256s
INFO [11-16|19:02:41.146] Syncing: chain download in progress      synced=12.60% chain=197.34GiB headers=8,620,312@4.51GiB bodies=8,620,312@110.60GiB receipts=8,620,312@82.22GiB eta=49h27m19.711s
INFO [11-16|19:02:49.276] Syncing: chain download in progress      synced=12.61% chain=197.45GiB headers=8,624,481@4.52GiB bodies=8,624,481@110.66GiB receipts=8,624,481@82.28GiB eta=49h25m35.456s
WARN [11-16|19:02:52.105] Pivot seemingly stale, moving            old=68,417,454 new=68,417,518
INFO [11-16|19:02:52.948] Syncing: state download in progress      synced=12.02% state=113.89GiB      accounts=80,912,392@13.51GiB slots=468,796,264@96.61GiB codes=497,361@3.76GiB eta=16h37m55.929s
INFO [11-16|19:02:57.810] Syncing: chain download in progress      synced=12.61% chain=197.55GiB headers=8,627,546@4.52GiB bodies=8,627,546@110.71GiB receipts=8,627,546@82.32GiB eta=49h25m13.910s
INFO [11-16|19:03:08.025] Syncing: chain download in progress      synced=12.61% chain=197.66GiB headers=8,630,439@4.52GiB bodies=8,630,439@110.77GiB receipts=8,630,439@82.37GiB eta=49h25m39.679s
INFO [11-16|19:03:16.652] Syncing: chain download in progress      synced=12.62% chain=197.84GiB headers=8,635,031@4.52GiB bodies=8,635,031@110.86GiB receipts=8,635,031@82.45GiB eta=49h23m38.344s
INFO [11-16|19:03:24.661] Syncing: chain download in progress      synced=12.62% chain=197.96GiB headers=8,637,632@4.52GiB bodies=8,637,632@110.93GiB receipts=8,637,632@82.51GiB eta=49h23m36.406s
INFO [11-16|19:03:32.738] Syncing: chain download in progress      synced=12.63% chain=198.07GiB headers=8,640,040@4.52GiB bodies=8,640,040@110.99GiB receipts=8,640,040@82.56GiB eta=49h23m48.791s
INFO [11-16|19:03:41.219] Syncing: chain download in progress      synced=12.63% chain=198.18GiB headers=8,643,123@4.53GiB bodies=8,643,123@111.04GiB receipts=8,643,123@82.61GiB eta=49h23m24.855s
INFO [11-16|19:03:49.557] Syncing: chain download in progress      synced=12.64% chain=198.29GiB headers=8,646,822@4.53GiB bodies=8,646,822@111.10GiB receipts=8,646,822@82.66GiB eta=49h22m17.189s
INFO [11-16|19:03:57.807] Syncing: chain download in progress      synced=12.64% chain=198.41GiB headers=8,650,581@4.53GiB bodies=8,650,581@111.16GiB receipts=8,650,581@82.72GiB eta=49h21m3.794s
WARN [11-16|19:03:58.146] Pivot seemingly stale, moving            old=68,417,518 new=68,417,582
INFO [11-16|19:03:58.428] Syncing: state download in progress      synced=12.02% state=113.89GiB      accounts=80,912,392@13.51GiB slots=468,796,264@96.61GiB codes=497,361@3.76GiB eta=16h53m47.996s
INFO [11-16|19:04:05.828] Syncing: chain download in progress      synced=12.65% chain=198.52GiB headers=8,654,453@4.53GiB bodies=8,654,453@111.21GiB receipts=8,654,453@82.77GiB eta=49h19m38.488s
INFO [11-16|19:04:14.121] Syncing: chain download in progress      synced=12.65% chain=198.64GiB headers=8,658,111@4.53GiB bodies=8,658,111@111.27GiB receipts=8,658,111@82.83GiB eta=49h18m33.058s
INFO [11-16|19:04:22.359] Syncing: chain download in progress      synced=12.66% chain=198.75GiB headers=8,661,317@4.54GiB bodies=8,661,317@111.33GiB receipts=8,661,317@82.88GiB eta=49h17m56.346s
INFO [11-16|19:04:30.562] Syncing: chain download in progress      synced=12.66% chain=198.86GiB headers=8,664,019@4.54GiB bodies=8,664,019@111.39GiB receipts=8,664,019@82.94GiB eta=49h17m52.085s
INFO [11-16|19:04:38.573] Syncing: chain download in progress      synced=12.67% chain=198.98GiB headers=8,666,454@4.54GiB bodies=8,666,454@111.45GiB receipts=8,666,454@82.99GiB eta=49h18m1.285s
INFO [11-16|19:04:46.586] Syncing: chain download in progress      synced=12.67% chain=199.09GiB headers=8,668,819@4.54GiB bodies=8,668,819@111.51GiB receipts=8,668,819@83.04GiB eta=49h18m15.112s
INFO [11-16|19:04:54.707] Syncing: chain download in progress      synced=12.67% chain=199.20GiB headers=8,671,857@4.54GiB bodies=8,671,857@111.57GiB receipts=8,671,857@83.09GiB eta=49h17m47.028s
INFO [11-16|19:05:02.735] Syncing: chain download in progress      synced=12.68% chain=199.31GiB headers=8,675,148@4.54GiB bodies=8,675,148@111.63GiB receipts=8,675,148@83.14GiB eta=49h17m0.451s
WARN [11-16|19:05:03.310] Pivot seemingly stale, moving            old=68,417,582 new=68,417,646
INFO [11-16|19:05:03.335] Syncing: state download in progress      synced=12.02% state=113.89GiB      accounts=80,912,392@13.51GiB slots=468,796,264@96.61GiB codes=497,361@3.76GiB eta=16h52m43.090s
INFO [11-16|19:05:10.901] Syncing: chain download in progress      synced=12.68% chain=199.43GiB headers=8,678,663@4.55GiB bodies=8,678,663@111.69GiB receipts=8,678,663@83.19GiB eta=49h16m2.471s
INFO [11-16|19:05:19.155] Syncing: chain download in progress      synced=12.69% chain=199.54GiB headers=8,682,478@4.55GiB bodies=8,682,478@111.74GiB receipts=8,682,478@83.25GiB eta=49h14m46.631s
INFO [11-16|19:05:27.213] Syncing: chain download in progress      synced=12.70% chain=199.65GiB headers=8,685,749@4.55GiB bodies=8,685,749@111.80GiB receipts=8,685,749@83.30GiB eta=49h14m2.278s
INFO [11-16|19:05:35.259] Syncing: chain download in progress      synced=12.70% chain=199.76GiB headers=8,688,633@4.55GiB bodies=8,688,633@111.86GiB receipts=8,688,633@83.35GiB eta=49h13m43.029s
INFO [11-16|19:05:43.376] Syncing: chain download in progress      synced=12.70% chain=199.88GiB headers=8,691,658@4.55GiB bodies=8,691,658@111.92GiB receipts=8,691,658@83.41GiB eta=49h13m16.076s
INFO [11-16|19:05:51.494] Syncing: chain download in progress      synced=12.71% chain=200.00GiB headers=8,694,061@4.56GiB bodies=8,694,061@111.98GiB receipts=8,694,061@83.46GiB eta=49h13m29.611s
INFO [11-16|19:05:59.525] Syncing: chain download in progress      synced=12.71% chain=200.11GiB headers=8,696,080@4.56GiB bodies=8,696,080@112.04GiB receipts=8,696,080@83.52GiB eta=49h14m6.262s
INFO [11-16|19:06:07.723] Syncing: chain download in progress      synced=12.71% chain=200.22GiB headers=8,698,910@4.56GiB bodies=8,698,910@112.10GiB receipts=8,698,910@83.57GiB eta=49h13m53.682s
WARN [11-16|19:06:11.352] Pivot seemingly stale, moving            old=68,417,646 new=68,417,710
INFO [11-16|19:06:11.502] Syncing: state download in progress      synced=12.02% state=113.89GiB      accounts=80,912,392@13.51GiB slots=468,796,264@96.61GiB codes=497,361@3.76GiB eta=17h8m32.470s
INFO [11-16|19:06:15.784] Syncing: chain download in progress      synced=12.72% chain=200.33GiB headers=8,701,788@4.56GiB bodies=8,701,788@112.16GiB receipts=8,701,788@83.62GiB eta=49h13m35.299s
INFO [11-16|19:06:23.841] Syncing: chain download in progress      synced=12.72% chain=200.44GiB headers=8,704,602@4.56GiB bodies=8,704,602@112.22GiB receipts=8,704,602@83.66GiB eta=49h13m20.857s
INFO [11-16|19:06:32.015] Syncing: chain download in progress      synced=12.73% chain=200.55GiB headers=8,708,217@4.56GiB bodies=8,708,217@112.28GiB receipts=8,708,217@83.71GiB eta=49h12m16.988s
INFO [11-16|19:06:40.241] Syncing: chain download in progress      synced=12.73% chain=200.66GiB headers=8,711,799@4.57GiB bodies=8,711,799@112.34GiB receipts=8,711,799@83.76GiB eta=49h11m16.507s
INFO [11-16|19:06:48.412] Syncing: chain download in progress      synced=12.74% chain=200.78GiB headers=8,715,116@4.57GiB bodies=8,715,116@112.40GiB receipts=8,715,116@83.82GiB eta=49h10m32.101s
INFO [11-16|19:06:56.421] Syncing: chain download in progress      synced=12.74% chain=200.90GiB headers=8,718,069@4.57GiB bodies=8,718,069@112.46GiB receipts=8,718,069@83.87GiB eta=49h10m7.883s
INFO [11-16|19:07:04.422] Syncing: chain download in progress      synced=12.75% chain=201.02GiB headers=8,720,626@4.57GiB bodies=8,720,626@112.52GiB receipts=8,720,626@83.93GiB eta=49h10m8.958s
INFO [11-16|19:07:12.424] Syncing: chain download in progress      synced=12.75% chain=201.13GiB headers=8,722,823@4.57GiB bodies=8,722,823@112.58GiB receipts=8,722,823@83.98GiB eta=49h10m33.246s
WARN [11-16|19:07:20.478] Pivot seemingly stale, moving            old=68,417,710 new=68,417,774
INFO [11-16|19:07:20.480] Syncing: chain download in progress      synced=12.75% chain=201.25GiB headers=8,724,685@4.57GiB bodies=8,724,685@112.65GiB receipts=8,724,685@84.03GiB eta=49h11m20.264s
INFO [11-16|19:07:20.480] Syncing: state download in progress      synced=12.02% state=113.89GiB      accounts=80,912,392@13.51GiB slots=468,796,264@96.61GiB codes=497,361@3.76GiB eta=17h24m21.040s
INFO [11-16|19:07:28.543] Syncing: chain download in progress      synced=12.76% chain=201.35GiB headers=8,727,053@4.57GiB bodies=8,727,053@112.70GiB receipts=8,727,053@84.08GiB eta=49h11m34.728s
INFO [11-16|19:07:36.777] Syncing: chain download in progress      synced=12.76% chain=201.46GiB headers=8,729,640@4.58GiB bodies=8,729,640@112.76GiB receipts=8,729,640@84.12GiB eta=49h11m38.573s
INFO [11-16|19:07:44.858] Syncing: chain download in progress      synced=12.76% chain=201.57GiB headers=8,733,214@4.58GiB bodies=8,733,214@112.82GiB receipts=8,733,214@84.17GiB eta=49h10m35.983s
INFO [11-16|19:07:52.987] Syncing: chain download in progress      synced=12.77% chain=201.68GiB headers=8,736,771@4.58GiB bodies=8,736,771@112.88GiB receipts=8,736,771@84.22GiB eta=49h9m35.539s
INFO [11-16|19:08:01.213] Syncing: chain download in progress      synced=12.78% chain=201.79GiB headers=8,740,554@4.58GiB bodies=8,740,554@112.94GiB receipts=8,740,554@84.28GiB eta=49h8m22.854s
INFO [11-16|19:08:09.344] Syncing: chain download in progress      synced=12.78% chain=201.90GiB headers=8,743,822@4.58GiB bodies=8,743,822@112.99GiB receipts=8,743,822@84.33GiB eta=49h7m41.181s
INFO [11-16|19:08:17.528] Syncing: chain download in progress      synced=12.78% chain=202.02GiB headers=8,747,028@4.59GiB bodies=8,747,028@113.05GiB receipts=8,747,028@84.38GiB eta=49h7m4.708s
WARN [11-16|19:08:23.489] Pivot seemingly stale, moving            old=68,417,774 new=68,417,838
INFO [11-16|19:08:23.568] Syncing: state download in progress      synced=12.02% state=113.89GiB      accounts=80,912,392@13.51GiB slots=468,796,264@96.61GiB codes=497,361@3.76GiB eta=17h23m17.952s
INFO [11-16|19:08:25.550] Syncing: chain download in progress      synced=12.79% chain=202.14GiB headers=8,749,805@4.59GiB bodies=8,749,805@113.12GiB receipts=8,749,805@84.43GiB eta=49h6m52.372s
INFO [11-16|19:08:33.649] Syncing: chain download in progress      synced=12.79% chain=202.25GiB headers=8,752,184@4.59GiB bodies=8,752,184@113.18GiB receipts=8,752,184@84.48GiB eta=49h7m6.802s
INFO [11-16|19:08:41.744] Syncing: chain download in progress      synced=12.80% chain=202.36GiB headers=8,754,790@4.59GiB bodies=8,754,790@113.24GiB receipts=8,754,790@84.53GiB eta=49h7m6.716s
INFO [11-16|19:08:49.879] Syncing: chain download in progress      synced=12.80% chain=202.49GiB headers=8,758,053@4.59GiB bodies=8,758,053@113.31GiB receipts=8,758,053@84.58GiB eta=49h6m25.664s
INFO [11-16|19:08:57.925] Syncing: chain download in progress      synced=12.81% chain=202.61GiB headers=8,761,424@4.59GiB bodies=8,761,424@113.38GiB receipts=8,761,424@84.64GiB eta=49h5m36.063s
INFO [11-16|19:09:05.984] Syncing: chain download in progress      synced=12.81% chain=202.71GiB headers=8,764,168@4.60GiB bodies=8,764,168@113.43GiB receipts=8,764,168@84.68GiB eta=49h5m26.502s
INFO [11-16|19:09:13.991] Syncing: chain download in progress      synced=12.81% chain=202.82GiB headers=8,767,661@4.60GiB bodies=8,767,661@113.49GiB receipts=8,767,661@84.73GiB eta=49h4m28.494s
INFO [11-16|19:09:22.082] Syncing: chain download in progress      synced=12.82% chain=202.94GiB headers=8,771,160@4.60GiB bodies=8,771,160@113.55GiB receipts=8,771,160@84.78GiB eta=49h3m31.904s
INFO [11-16|19:09:30.137] Syncing: chain download in progress      synced=12.82% chain=203.06GiB headers=8,773,720@4.60GiB bodies=8,773,720@113.62GiB receipts=8,773,720@84.84GiB eta=49h3m33.987s
WARN [11-16|19:09:30.545] Pivot seemingly stale, moving            old=68,417,838 new=68,417,902
INFO [11-16|19:09:30.687] Syncing: state download in progress      synced=12.02% state=113.89GiB      accounts=80,912,392@13.51GiB slots=468,796,264@96.61GiB codes=497,361@3.76GiB eta=17h39m8.381s
INFO [11-16|19:09:38.177] Syncing: chain download in progress      synced=12.83% chain=203.17GiB headers=8,776,279@4.60GiB bodies=8,776,279@113.68GiB receipts=8,776,279@84.89GiB eta=49h3m35.962s
INFO [11-16|19:09:46.190] Syncing: chain download in progress      synced=12.83% chain=203.29GiB headers=8,778,704@4.60GiB bodies=8,778,704@113.74GiB receipts=8,778,704@84.94GiB eta=49h3m45.659s
INFO [11-16|19:09:54.413] Syncing: chain download in progress      synced=12.83% chain=203.40GiB headers=8,780,895@4.61GiB bodies=8,780,895@113.80GiB receipts=8,780,895@84.99GiB eta=49h4m14.297s
INFO [11-16|19:10:02.415] Syncing: chain download in progress      synced=12.84% chain=203.52GiB headers=8,783,647@4.61GiB bodies=8,783,647@113.86GiB receipts=8,783,647@85.05GiB eta=49h4m3.103s
INFO [11-16|19:10:10.507] Syncing: chain download in progress      synced=12.84% chain=203.63GiB headers=8,786,552@4.61GiB bodies=8,786,552@113.93GiB receipts=8,786,552@85.10GiB eta=49h3m44.123s
INFO [11-16|19:10:18.570] Syncing: chain download in progress      synced=12.85% chain=203.75GiB headers=8,790,106@4.61GiB bodies=8,790,106@113.99GiB receipts=8,790,106@85.15GiB eta=49h2m43.866s
INFO [11-16|19:10:26.775] Syncing: chain download in progress      synced=12.85% chain=203.86GiB headers=8,793,913@4.61GiB bodies=8,793,913@114.05GiB receipts=8,793,913@85.20GiB eta=49h1m30.763s
INFO [11-16|19:10:34.832] Syncing: chain download in progress      synced=12.86% chain=203.98GiB headers=8,797,755@4.62GiB bodies=8,797,755@114.11GiB receipts=8,797,755@85.25GiB eta=49h0m12.616s
WARN [11-16|19:10:35.616] Pivot seemingly stale, moving            old=68,417,902 new=68,417,966
INFO [11-16|19:10:35.728] Syncing: state download in progress      synced=12.02% state=113.89GiB      accounts=80,912,392@13.51GiB slots=468,796,264@96.61GiB codes=497,361@3.76GiB eta=17h38m3.340s
INFO [11-16|19:10:43.098] Syncing: chain download in progress      synced=12.86% chain=204.10GiB headers=8,801,246@4.62GiB bodies=8,801,246@114.17GiB receipts=8,801,246@85.31GiB eta=48h59m20.983s
INFO [11-16|19:10:51.137] Syncing: chain download in progress      synced=12.87% chain=204.22GiB headers=8,804,765@4.62GiB bodies=8,804,765@114.24GiB receipts=8,804,765@85.36GiB eta=48h58m22.942s
INFO [11-16|19:10:59.186] Syncing: chain download in progress      synced=12.87% chain=204.33GiB headers=8,807,384@4.62GiB bodies=8,807,384@114.30GiB receipts=8,807,384@85.41GiB eta=48h58m21.276s
INFO [11-16|19:11:07.379] Syncing: chain download in progress      synced=12.88% chain=204.44GiB headers=8,809,732@4.62GiB bodies=8,809,732@114.36GiB receipts=8,809,732@85.46GiB eta=48h58m39.367s
INFO [11-16|19:11:15.413] Syncing: chain download in progress      synced=12.88% chain=204.56GiB headers=8,811,925@4.62GiB bodies=8,811,925@114.43GiB receipts=8,811,925@85.51GiB eta=48h59m3.876s
INFO [11-16|19:11:23.444] Syncing: chain download in progress      synced=12.88% chain=204.68GiB headers=8,815,469@4.63GiB bodies=8,815,469@114.49GiB receipts=8,815,469@85.56GiB eta=48h58m4.278s
INFO [11-16|19:11:31.476] Syncing: chain download in progress      synced=12.89% chain=204.79GiB headers=8,819,000@4.63GiB bodies=8,819,000@114.55GiB receipts=8,819,000@85.61GiB eta=48h57m5.619s
WARN [11-16|19:11:38.736] Pivot seemingly stale, moving            old=68,417,966 new=68,418,030
INFO [11-16|19:11:38.751] Syncing: state download in progress      synced=12.02% state=113.89GiB      accounts=80,912,392@13.51GiB slots=468,796,264@96.61GiB codes=497,361@3.76GiB eta=17h53m57.866s
INFO [11-16|19:11:39.826] Syncing: chain download in progress      synced=12.90% chain=204.90GiB headers=8,822,962@4.63GiB bodies=8,822,962@114.61GiB receipts=8,822,962@85.66GiB eta=48h55m46.930s
INFO [11-16|19:11:48.037] Syncing: chain download in progress      synced=12.90% chain=205.02GiB headers=8,826,986@4.63GiB bodies=8,826,986@114.67GiB receipts=8,826,986@85.72GiB eta=48h54m21.679s
INFO [11-16|19:11:56.166] Syncing: chain download in progress      synced=12.91% chain=205.14GiB headers=8,830,314@4.63GiB bodies=8,830,314@114.74GiB receipts=8,830,314@85.77GiB eta=48h53m37.882s
INFO [11-16|19:12:04.287] Syncing: chain download in progress      synced=12.91% chain=205.26GiB headers=8,833,393@4.64GiB bodies=8,833,393@114.79GiB receipts=8,833,393@85.83GiB eta=48h53m9.422s
INFO [11-16|19:12:12.359] Syncing: chain download in progress      synced=12.92% chain=205.37GiB headers=8,836,254@4.64GiB bodies=8,836,254@114.86GiB receipts=8,836,254@85.88GiB eta=48h52m53.464s
INFO [11-16|19:12:20.618] Syncing: chain download in progress      synced=12.92% chain=205.49GiB headers=8,838,843@4.64GiB bodies=8,838,843@114.92GiB receipts=8,838,843@85.93GiB eta=48h52m58.031s
INFO [11-16|19:12:28.693] Syncing: chain download in progress      synced=12.92% chain=205.61GiB headers=8,841,771@4.64GiB bodies=8,841,771@114.98GiB receipts=8,841,771@85.99GiB eta=48h52m38.004s
INFO [11-16|19:12:36.886] Syncing: chain download in progress      synced=12.93% chain=205.72GiB headers=8,845,277@4.64GiB bodies=8,845,277@115.04GiB receipts=8,845,277@86.04GiB eta=48h51m44.816s
WARN [11-16|19:12:40.705] Pivot seemingly stale, moving            old=68,418,030 new=68,418,094
INFO [11-16|19:12:40.999] Syncing: state download in progress      synced=12.02% state=113.89GiB      accounts=80,912,392@13.51GiB slots=468,796,264@96.61GiB codes=497,361@3.76GiB eta=17h52m55.618s
INFO [11-16|19:12:44.891] Syncing: chain download in progress      synced=12.93% chain=205.83GiB headers=8,849,116@4.65GiB bodies=8,849,116@115.10GiB receipts=8,849,116@86.09GiB eta=48h50m27.786s
INFO [11-16|19:12:52.903] Syncing: chain download in progress      synced=12.94% chain=205.94GiB headers=8,852,645@4.65GiB bodies=8,852,645@115.16GiB receipts=8,852,645@86.14GiB eta=48h49m29.896s
INFO [11-16|19:13:01.081] Syncing: chain download in progress      synced=12.94% chain=206.06GiB headers=8,856,007@4.65GiB bodies=8,856,007@115.22GiB receipts=8,856,007@86.20GiB eta=48h48m45.608s
INFO [11-16|19:13:09.199] Syncing: chain download in progress      synced=12.95% chain=206.18GiB headers=8,858,993@4.65GiB bodies=8,858,993@115.28GiB receipts=8,858,993@86.25GiB eta=48h48m23.100s
INFO [11-16|19:13:17.365] Syncing: chain download in progress      synced=12.95% chain=206.29GiB headers=8,861,698@4.65GiB bodies=8,861,698@115.34GiB receipts=8,861,698@86.30GiB eta=48h48m18.812s
INFO [11-16|19:13:25.436] Syncing: chain download in progress      synced=12.96% chain=206.41GiB headers=8,863,994@4.65GiB bodies=8,863,994@115.40GiB receipts=8,863,994@86.35GiB eta=48h48m37.587s
INFO [11-16|19:13:33.438] Syncing: chain download in progress      synced=12.96% chain=206.51GiB headers=8,865,990@4.65GiB bodies=8,865,990@115.46GiB receipts=8,865,990@86.40GiB eta=48h49m13.206s
INFO [11-16|19:13:41.501] Syncing: chain download in progress      synced=12.96% chain=206.63GiB headers=8,868,064@4.66GiB bodies=8,868,064@115.52GiB receipts=8,868,064@86.46GiB eta=48h49m45.257s
INFO [11-16|19:13:49.534] Syncing: chain download in progress      synced=12.96% chain=206.75GiB headers=8,870,158@4.66GiB bodies=8,870,158@115.59GiB receipts=8,870,158@86.51GiB eta=48h50m15.459s
WARN [11-16|19:13:55.820] Pivot seemingly stale, moving            old=68,418,094 new=68,418,158
INFO [11-16|19:13:55.876] Syncing: state download in progress      synced=12.02% state=113.89GiB      accounts=80,912,392@13.51GiB slots=468,796,264@96.61GiB codes=497,361@3.76GiB eta=18h8m38.289s
INFO [11-16|19:13:57.712] Syncing: chain download in progress      synced=12.97% chain=206.87GiB headers=8,872,738@4.66GiB bodies=8,872,738@115.65GiB receipts=8,872,738@86.56GiB eta=48h50m18.987s
INFO [11-16|19:14:05.948] Syncing: chain download in progress      synced=12.97% chain=206.98GiB headers=8,875,631@4.66GiB bodies=8,875,631@115.71GiB receipts=8,875,631@86.60GiB eta=48h50m4.491s
INFO [11-16|19:14:14.079] Syncing: chain download in progress      synced=12.98% chain=207.09GiB headers=8,879,113@4.66GiB bodies=8,879,113@115.77GiB receipts=8,879,113@86.66GiB eta=48h49m12.116s
INFO [11-16|19:14:22.100] Syncing: chain download in progress      synced=12.98% chain=207.20GiB headers=8,882,467@4.66GiB bodies=8,882,467@115.83GiB receipts=8,882,467@86.71GiB eta=48h48m25.422s
INFO [11-16|19:14:30.125] Syncing: chain download in progress      synced=12.99% chain=207.31GiB headers=8,885,489@4.67GiB bodies=8,885,489@115.88GiB receipts=8,885,489@86.76GiB eta=48h47m59.060s
INFO [11-16|19:14:38.291] Syncing: chain download in progress      synced=12.99% chain=207.43GiB headers=8,888,329@4.67GiB bodies=8,888,329@115.94GiB receipts=8,888,329@86.82GiB eta=48h47m46.512s
INFO [11-16|19:14:46.889] Syncing: chain download in progress      synced=12.99% chain=207.55GiB headers=8,890,827@4.67GiB bodies=8,890,827@116.01GiB receipts=8,890,827@86.87GiB eta=48h48m3.071s
INFO [11-16|19:14:54.918] Syncing: chain download in progress      synced=13.00% chain=207.67GiB headers=8,893,126@4.67GiB bodies=8,893,126@116.07GiB receipts=8,893,126@86.93GiB eta=48h48m20.513s
INFO [11-16|19:15:02.964] Syncing: chain download in progress      synced=13.00% chain=207.78GiB headers=8,894,922@4.67GiB bodies=8,894,922@116.13GiB receipts=8,894,922@86.98GiB eta=48h49m8.604s
WARN [11-16|19:15:09.818] Pivot seemingly stale, moving            old=68,418,158 new=68,418,222
INFO [11-16|19:15:09.819] Syncing: state download in progress      synced=12.02% state=113.89GiB      accounts=80,912,392@13.51GiB slots=468,796,264@96.61GiB codes=497,361@3.76GiB eta=18h7m24.345s
INFO [11-16|19:15:11.071] Syncing: chain download in progress      synced=13.00% chain=207.89GiB headers=8,896,952@4.67GiB bodies=8,896,952@116.19GiB receipts=8,896,952@87.03GiB eta=48h49m43.928s
INFO [11-16|19:15:19.131] Syncing: chain download in progress      synced=13.01% chain=208.01GiB headers=8,899,458@4.67GiB bodies=8,899,458@116.25GiB receipts=8,899,458@87.08GiB eta=48h49m49.324s
INFO [11-16|19:15:27.195] Syncing: chain download in progress      synced=13.01% chain=208.11GiB headers=8,902,172@4.68GiB bodies=8,902,172@116.31GiB receipts=8,902,172@87.13GiB eta=48h49m42.260s
INFO [11-16|19:15:35.744] Syncing: chain download in progress      synced=13.02% chain=208.22GiB headers=8,905,370@4.68GiB bodies=8,905,370@116.36GiB receipts=8,905,370@87.18GiB eta=48h49m15.437s
INFO [11-16|19:15:44.034] Syncing: chain download in progress      synced=13.02% chain=208.35GiB headers=8,908,914@4.68GiB bodies=8,908,914@116.43GiB receipts=8,908,914@87.24GiB eta=48h48m22.779s
INFO [11-16|19:15:52.672] Syncing: chain download in progress      synced=13.03% chain=208.46GiB headers=8,911,589@4.68GiB bodies=8,911,589@116.49GiB receipts=8,911,589@87.30GiB eta=48h48m29.222s
INFO [11-16|19:16:00.922] Syncing: chain download in progress      synced=13.03% chain=208.58GiB headers=8,914,649@4.68GiB bodies=8,914,649@116.55GiB receipts=8,914,649@87.35GiB eta=48h48m5.013s
INFO [11-16|19:16:08.931] Syncing: chain download in progress      synced=13.03% chain=208.70GiB headers=8,917,220@4.68GiB bodies=8,917,220@116.61GiB receipts=8,917,220@87.41GiB eta=48h48m5.514s
INFO [11-16|19:16:17.103] Syncing: chain download in progress      synced=13.04% chain=208.82GiB headers=8,919,515@4.69GiB bodies=8,919,515@116.67GiB receipts=8,919,515@87.46GiB eta=48h48m25.631s
WARN [11-16|19:16:23.909] Pivot seemingly stale, moving            old=68,418,222 new=68,418,286
INFO [11-16|19:16:23.933] Syncing: state download in progress      synced=12.02% state=113.89GiB      accounts=80,912,392@13.51GiB slots=468,796,264@96.61GiB codes=497,361@3.76GiB eta=18h23m7.780s
INFO [11-16|19:16:25.243] Syncing: chain download in progress      synced=13.04% chain=208.92GiB headers=8,921,728@4.69GiB bodies=8,921,728@116.73GiB receipts=8,921,728@87.51GiB eta=48h48m50.223s
INFO [11-16|19:16:33.308] Syncing: chain download in progress      synced=13.04% chain=209.04GiB headers=8,923,925@4.69GiB bodies=8,923,925@116.79GiB receipts=8,923,925@87.56GiB eta=48h49m14.136s
INFO [11-16|19:16:41.331] Syncing: chain download in progress      synced=13.05% chain=209.15GiB headers=8,925,999@4.69GiB bodies=8,925,999@116.85GiB receipts=8,925,999@87.61GiB eta=48h49m44.537s
INFO [11-16|19:16:49.400] Syncing: chain download in progress      synced=13.05% chain=209.26GiB headers=8,928,336@4.69GiB bodies=8,928,336@116.91GiB receipts=8,928,336@87.66GiB eta=48h50m0.000s
INFO [11-16|19:16:57.600] Syncing: chain download in progress      synced=13.05% chain=209.37GiB headers=8,931,133@4.69GiB bodies=8,931,133@116.96GiB receipts=8,931,133@87.72GiB eta=48h49m50.485s
INFO [11-16|19:17:05.762] Syncing: chain download in progress      synced=13.06% chain=209.48GiB headers=8,934,275@4.69GiB bodies=8,934,275@117.02GiB receipts=8,934,275@87.77GiB eta=48h49m19.667s
INFO [11-16|19:17:13.849] Syncing: chain download in progress      synced=13.06% chain=209.59GiB headers=8,937,600@4.70GiB bodies=8,937,600@117.07GiB receipts=8,937,600@87.82GiB eta=48h48m36.474s
INFO [11-16|19:17:21.935] Syncing: chain download in progress      synced=13.07% chain=209.70GiB headers=8,940,768@4.70GiB bodies=8,940,768@117.13GiB receipts=8,940,768@87.87GiB eta=48h48m2.729s
INFO [11-16|19:17:29.953] Syncing: chain download in progress      synced=13.07% chain=209.81GiB headers=8,943,311@4.70GiB bodies=8,943,311@117.19GiB receipts=8,943,311@87.92GiB eta=48h48m4.912s
WARN [11-16|19:17:37.039] Pivot seemingly stale, moving            old=68,418,286 new=68,418,350
INFO [11-16|19:17:37.247] Syncing: state download in progress      synced=12.02% state=113.89GiB      accounts=80,912,392@13.51GiB slots=468,796,264@96.61GiB codes=497,361@3.76GiB eta=18h38m52.013s
INFO [11-16|19:17:38.123] Syncing: chain download in progress      synced=13.08% chain=209.93GiB headers=8,946,181@4.70GiB bodies=8,946,181@117.25GiB receipts=8,946,181@87.98GiB eta=48h47m50.736s
INFO [11-16|19:17:46.182] Syncing: chain download in progress      synced=13.08% chain=210.05GiB headers=8,948,676@4.70GiB bodies=8,948,676@117.31GiB receipts=8,948,676@88.04GiB eta=48h47m56.568s
INFO [11-16|19:17:54.277] Syncing: chain download in progress      synced=13.08% chain=210.16GiB headers=8,950,707@4.70GiB bodies=8,950,707@117.36GiB receipts=8,950,707@88.09GiB eta=48h48m30.531s
INFO [11-16|19:18:02.427] Syncing: chain download in progress      synced=13.09% chain=210.27GiB headers=8,952,737@4.71GiB bodies=8,952,737@117.42GiB receipts=8,952,737@88.14GiB eta=48h49m5.624s
INFO [11-16|19:18:10.555] Syncing: chain download in progress      synced=13.09% chain=210.39GiB headers=8,955,421@4.71GiB bodies=8,955,421@117.49GiB receipts=8,955,421@88.19GiB eta=48h49m1.437s
INFO [11-16|19:18:18.727] Syncing: chain download in progress      synced=13.09% chain=210.50GiB headers=8,958,251@4.71GiB bodies=8,958,251@117.55GiB receipts=8,958,251@88.24GiB eta=48h48m49.387s
INFO [11-16|19:18:26.830] Syncing: chain download in progress      synced=13.10% chain=210.59GiB headers=8,960,771@4.71GiB bodies=8,960,771@117.60GiB receipts=8,960,771@88.29GiB eta=48h48m54.425s
INFO [11-16|19:18:35.115] Syncing: chain download in progress      synced=13.10% chain=210.71GiB headers=8,964,461@4.71GiB bodies=8,964,461@117.66GiB receipts=8,964,461@88.35GiB eta=48h47m53.697s
INFO [11-16|19:18:43.363] Syncing: chain download in progress      synced=13.11% chain=210.82GiB headers=8,968,004@4.71GiB bodies=8,968,004@117.71GiB receipts=8,968,004@88.40GiB eta=48h47m1.078s
WARN [11-16|19:18:49.021] Pivot seemingly stale, moving            old=68,418,350 new=68,418,414
INFO [11-16|19:18:49.051] Syncing: state download in progress      synced=12.02% state=113.89GiB      accounts=80,912,392@13.51GiB slots=468,796,264@96.61GiB codes=497,361@3.76GiB eta=18h37m40.209s
INFO [11-16|19:18:51.378] Syncing: chain download in progress      synced=13.11% chain=210.94GiB headers=8,971,262@4.72GiB bodies=8,971,262@117.77GiB receipts=8,971,262@88.45GiB eta=48h46m21.086s
INFO [11-16|19:18:59.495] Syncing: chain download in progress      synced=13.12% chain=211.05GiB headers=8,974,278@4.72GiB bodies=8,974,278@117.83GiB receipts=8,974,278@88.51GiB eta=48h45m57.199s
INFO [11-16|19:19:07.552] Syncing: chain download in progress      synced=13.12% chain=211.17GiB headers=8,977,127@4.72GiB bodies=8,977,127@117.89GiB receipts=8,977,127@88.56GiB eta=48h45m42.008s
INFO [11-16|19:19:15.656] Syncing: chain download in progress      synced=13.12% chain=211.28GiB headers=8,979,099@4.72GiB bodies=8,979,099@117.95GiB receipts=8,979,099@88.62GiB eta=48h46m19.338s
INFO [11-16|19:19:23.686] Syncing: chain download in progress      synced=13.13% chain=211.39GiB headers=8,981,137@4.72GiB bodies=8,981,137@118.00GiB receipts=8,981,137@88.67GiB eta=48h46m51.357s
INFO [11-16|19:19:31.836] Syncing: chain download in progress      synced=13.13% chain=211.50GiB headers=8,983,514@4.72GiB bodies=8,983,514@118.06GiB receipts=8,983,514@88.72GiB eta=48h47m5.612s
INFO [11-16|19:19:39.925] Syncing: chain download in progress      synced=13.13% chain=211.61GiB headers=8,986,349@4.72GiB bodies=8,986,349@118.12GiB receipts=8,986,349@88.77GiB eta=48h46m51.767s
INFO [11-16|19:19:47.996] Syncing: chain download in progress      synced=13.14% chain=211.72GiB headers=8,989,280@4.73GiB bodies=8,989,280@118.18GiB receipts=8,989,280@88.82GiB eta=48h46m31.993s
INFO [11-16|19:19:56.042] Syncing: chain download in progress      synced=13.14% chain=211.80GiB headers=8,990,685@4.73GiB bodies=8,990,685@118.21GiB receipts=8,990,685@88.86GiB eta=48h47m41.235s
INFO [11-16|19:20:04.139] Syncing: chain download in progress      synced=13.14% chain=211.92GiB headers=8,993,162@4.73GiB bodies=8,993,162@118.27GiB receipts=8,993,162@88.92GiB eta=48h47m48.532s
WARN [11-16|19:20:09.197] Pivot seemingly stale, moving            old=68,418,414 new=68,418,478
INFO [11-16|19:20:09.372] Syncing: state download in progress      synced=12.02% state=113.89GiB      accounts=80,912,392@13.51GiB slots=468,796,264@96.61GiB codes=497,361@3.76GiB eta=18h53m17.437s
INFO [11-16|19:20:12.312] Syncing: chain download in progress      synced=13.15% chain=212.03GiB headers=8,996,269@4.73GiB bodies=8,996,269@118.33GiB receipts=8,996,269@88.97GiB eta=48h47m20.521s
INFO [11-16|19:20:20.339] Syncing: chain download in progress      synced=13.15% chain=212.12GiB headers=8,998,889@4.73GiB bodies=8,998,889@118.37GiB receipts=8,998,889@89.01GiB eta=48h47m18.066s
INFO [11-16|19:20:28.514] Syncing: chain download in progress      synced=13.16% chain=212.22GiB headers=9,001,414@4.73GiB bodies=9,001,414@118.42GiB receipts=9,001,414@89.06GiB eta=48h47m23.971s
INFO [11-16|19:20:36.550] Syncing: chain download in progress      synced=13.16% chain=212.32GiB headers=9,003,970@4.73GiB bodies=9,003,970@118.48GiB receipts=9,003,970@89.11GiB eta=48h47m25.386s
INFO [11-16|19:20:44.605] Syncing: chain download in progress      synced=13.16% chain=212.42GiB headers=9,006,278@4.74GiB bodies=9,006,278@118.53GiB receipts=9,006,278@89.16GiB eta=48h47m41.675s
INFO [11-16|19:20:52.660] Syncing: chain download in progress      synced=13.17% chain=212.53GiB headers=9,008,316@4.74GiB bodies=9,008,316@118.58GiB receipts=9,008,316@89.21GiB eta=48h48m13.672s
INFO [11-16|19:21:00.693] Syncing: chain download in progress      synced=13.17% chain=212.62GiB headers=9,010,200@4.74GiB bodies=9,010,200@118.63GiB receipts=9,010,200@89.25GiB eta=48h48m54.201s
INFO [11-16|19:21:08.821] Syncing: chain download in progress      synced=13.17% chain=212.72GiB headers=9,012,323@4.74GiB bodies=9,012,323@118.69GiB receipts=9,012,323@89.30GiB eta=48h49m22.495s
INFO [11-16|19:21:16.827] Syncing: chain download in progress      synced=13.18% chain=212.83GiB headers=9,014,853@4.74GiB bodies=9,014,853@118.74GiB receipts=9,014,853@89.34GiB eta=48h49m24.752s
INFO [11-16|19:21:24.971] Syncing: chain download in progress      synced=13.18% chain=212.92GiB headers=9,017,619@4.74GiB bodies=9,017,619@118.79GiB receipts=9,017,619@89.39GiB eta=48h49m15.796s
WARN [11-16|19:21:29.193] Pivot seemingly stale, moving            old=68,418,478 new=68,418,542
INFO [11-16|19:21:29.316] Syncing: state download in progress      synced=12.02% state=113.89GiB      accounts=80,912,392@13.51GiB slots=468,796,264@96.61GiB codes=497,361@3.76GiB eta=19h8m55.041s
INFO [11-16|19:21:33.030] Syncing: chain download in progress      synced=13.18% chain=213.02GiB headers=9,020,759@4.74GiB bodies=9,020,759@118.84GiB receipts=9,020,759@89.43GiB eta=48h48m43.707s
INFO [11-16|19:21:41.139] Syncing: chain download in progress      synced=13.19% chain=213.12GiB headers=9,023,793@4.75GiB bodies=9,023,793@118.89GiB receipts=9,023,793@89.48GiB eta=48h48m18.576s
INFO [11-16|19:21:49.237] Syncing: chain download in progress      synced=13.19% chain=213.22GiB headers=9,026,798@4.75GiB bodies=9,026,798@118.94GiB receipts=9,026,798@89.53GiB eta=48h47m54.958s
INFO [11-16|19:21:57.247] Syncing: chain download in progress      synced=13.20% chain=213.31GiB headers=9,029,543@4.75GiB bodies=9,029,543@118.99GiB receipts=9,029,543@89.57GiB eta=48h47m44.760s
INFO [11-16|19:22:05.506] Syncing: chain download in progress      synced=13.20% chain=213.42GiB headers=9,032,670@4.75GiB bodies=9,032,670@119.05GiB receipts=9,032,670@89.62GiB eta=48h47m17.160s
INFO [11-16|19:22:13.672] Syncing: chain download in progress      synced=13.21% chain=213.52GiB headers=9,035,277@4.75GiB bodies=9,035,277@119.10GiB receipts=9,035,277@89.67GiB eta=48h47m17.882s
INFO [11-16|19:22:21.748] Syncing: chain download in progress      synced=13.21% chain=213.63GiB headers=9,037,519@4.75GiB bodies=9,037,519@119.16GiB receipts=9,037,519@89.72GiB eta=48h47m38.091s
INFO [11-16|19:22:29.781] Syncing: chain download in progress      synced=13.21% chain=213.73GiB headers=9,039,512@4.76GiB bodies=9,039,512@119.21GiB receipts=9,039,512@89.77GiB eta=48h48m11.802s
INFO [11-16|19:22:37.898] Syncing: chain download in progress      synced=13.21% chain=213.83GiB headers=9,041,446@4.76GiB bodies=9,041,446@119.26GiB receipts=9,041,446@89.81GiB eta=48h48m50.434s
WARN [11-16|19:22:45.351] Pivot seemingly stale, moving            old=68,418,542 new=68,418,606
INFO [11-16|19:22:45.586] Syncing: state download in progress      synced=12.02% state=113.89GiB      accounts=80,912,392@13.51GiB slots=468,796,264@96.61GiB codes=497,361@3.76GiB eta=19h7m38.771s
INFO [11-16|19:22:46.159] Syncing: chain download in progress      synced=13.22% chain=213.93GiB headers=9,044,518@4.76GiB bodies=9,044,518@119.32GiB receipts=9,044,518@89.86GiB eta=48h48m26.154s
INFO [11-16|19:22:54.268] Syncing: chain download in progress      synced=13.22% chain=214.03GiB headers=9,047,960@4.76GiB bodies=9,047,960@119.37GiB receipts=9,047,960@89.90GiB eta=48h47m37.614s
INFO [11-16|19:23:02.385] Syncing: chain download in progress      synced=13.23% chain=214.13GiB headers=9,051,413@4.76GiB bodies=9,051,413@119.41GiB receipts=9,051,413@89.95GiB eta=48h46m48.631s
INFO [11-16|19:23:10.561] Syncing: chain download in progress      synced=13.23% chain=214.23GiB headers=9,054,862@4.76GiB bodies=9,054,862@119.47GiB receipts=9,054,862@90.00GiB eta=48h46m1.030s
INFO [11-16|19:23:18.807] Syncing: chain download in progress      synced=13.24% chain=214.33GiB headers=9,057,927@4.77GiB bodies=9,057,927@119.52GiB receipts=9,057,927@90.04GiB eta=48h45m36.888s
INFO [11-16|19:23:26.827] Syncing: chain download in progress      synced=13.24% chain=214.44GiB headers=9,060,927@4.77GiB bodies=9,060,927@119.58GiB receipts=9,060,927@90.10GiB eta=48h45m12.346s
INFO [11-16|19:23:34.997] Syncing: chain download in progress      synced=13.25% chain=214.54GiB headers=9,063,592@4.77GiB bodies=9,063,592@119.63GiB receipts=9,063,592@90.14GiB eta=48h45m9.808s
INFO [11-16|19:23:43.025] Syncing: chain download in progress      synced=13.25% chain=214.64GiB headers=9,065,766@4.77GiB bodies=9,065,766@119.68GiB receipts=9,065,766@90.19GiB eta=48h45m32.759s
INFO [11-16|19:23:51.051] Syncing: chain download in progress      synced=13.25% chain=214.74GiB headers=9,067,862@4.77GiB bodies=9,067,862@119.73GiB receipts=9,067,862@90.24GiB eta=48h46m0.094s
WARN [11-16|19:23:54.393] Pivot seemingly stale, moving            old=68,418,606 new=68,418,670
INFO [11-16|19:23:54.648] Syncing: state download in progress      synced=12.02% state=113.89GiB      accounts=80,912,392@13.51GiB slots=468,796,264@96.61GiB codes=497,361@3.76GiB eta=19h23m27.257s
INFO [11-16|19:23:59.067] Syncing: chain download in progress      synced=13.26% chain=214.84GiB headers=9,070,211@4.77GiB bodies=9,070,211@119.78GiB receipts=9,070,211@90.29GiB eta=48h46m12.979s
INFO [11-16|19:24:07.129] Syncing: chain download in progress      synced=13.26% chain=214.93GiB headers=9,073,097@4.77GiB bodies=9,073,097@119.83GiB receipts=9,073,097@90.33GiB eta=48h45m55.717s
INFO [11-16|19:24:15.158] Syncing: chain download in progress      synced=13.27% chain=215.03GiB headers=9,076,211@4.78GiB bodies=9,076,211@119.88GiB receipts=9,076,211@90.38GiB eta=48h45m24.846s
INFO [11-16|19:24:23.177] Syncing: chain download in progress      synced=13.27% chain=215.13GiB headers=9,079,313@4.78GiB bodies=9,079,313@119.93GiB receipts=9,079,313@90.42GiB eta=48h44m54.486s
INFO [11-16|19:24:31.386] Syncing: chain download in progress      synced=13.27% chain=215.23GiB headers=9,082,560@4.78GiB bodies=9,082,560@119.98GiB receipts=9,082,560@90.47GiB eta=48h44m19.369s
INFO [11-16|19:24:39.393] Syncing: chain download in progress      synced=13.28% chain=215.33GiB headers=9,085,448@4.78GiB bodies=9,085,448@120.03GiB receipts=9,085,448@90.52GiB eta=48h44m1.098s
INFO [11-16|19:24:47.487] Syncing: chain download in progress      synced=13.28% chain=215.42GiB headers=9,088,119@4.78GiB bodies=9,088,119@120.08GiB receipts=9,088,119@90.56GiB eta=48h43m56.820s
INFO [11-16|19:24:55.572] Syncing: chain download in progress      synced=13.29% chain=215.53GiB headers=9,090,924@4.79GiB bodies=9,090,924@120.13GiB receipts=9,090,924@90.62GiB eta=48h43m44.669s
INFO [11-16|19:25:03.633] Syncing: chain download in progress      synced=13.29% chain=215.65GiB headers=9,093,107@4.79GiB bodies=9,093,107@120.20GiB receipts=9,093,107@90.66GiB eta=48h44m7.521s
WARN [11-16|19:25:04.433] Pivot seemingly stale, moving            old=68,418,670 new=68,418,734
INFO [11-16|19:25:04.490] Syncing: state download in progress      synced=12.02% state=113.89GiB      accounts=80,912,392@13.51GiB slots=468,796,264@96.61GiB codes=497,361@3.76GiB eta=19h22m17.414s
INFO [11-16|19:25:11.751] Syncing: chain download in progress      synced=13.29% chain=215.76GiB headers=9,094,801@4.79GiB bodies=9,094,801@120.26GiB receipts=9,094,801@90.71GiB eta=48h44m59.296s
INFO [11-16|19:25:19.965] Syncing: chain download in progress      synced=13.30% chain=215.87GiB headers=9,096,533@4.79GiB bodies=9,096,533@120.32GiB receipts=9,096,533@90.76GiB eta=48h45m50.409s
INFO [11-16|19:25:27.974] Syncing: chain download in progress      synced=13.30% chain=215.95GiB headers=9,098,084@4.79GiB bodies=9,098,084@120.37GiB receipts=9,098,084@90.80GiB eta=48h46m47.987s
INFO [11-16|19:25:36.041] Syncing: chain download in progress      synced=13.30% chain=216.05GiB headers=9,100,257@4.79GiB bodies=9,100,257@120.42GiB receipts=9,100,257@90.84GiB eta=48h47m11.273s
INFO [11-16|19:25:44.138] Syncing: chain download in progress      synced=13.30% chain=216.13GiB headers=9,102,539@4.79GiB bodies=9,102,539@120.46GiB receipts=9,102,539@90.88GiB eta=48h47m28.896s
INFO [11-16|19:25:52.325] Syncing: chain download in progress      synced=13.31% chain=216.23GiB headers=9,105,428@4.79GiB bodies=9,105,428@120.51GiB receipts=9,105,428@90.92GiB eta=48h47m13.638s
INFO [11-16|19:26:00.446] Syncing: chain download in progress      synced=13.31% chain=216.33GiB headers=9,108,879@4.80GiB bodies=9,108,879@120.57GiB receipts=9,108,879@90.97GiB eta=48h46m25.402s
INFO [11-16|19:26:08.529] Syncing: chain download in progress      synced=13.32% chain=216.40GiB headers=9,110,327@4.80GiB bodies=9,110,327@120.59GiB receipts=9,110,327@91.01GiB eta=48h47m29.913s
INFO [11-16|19:26:16.759] Syncing: chain download in progress      synced=13.32% chain=216.49GiB headers=9,112,870@4.80GiB bodies=9,112,870@120.64GiB receipts=9,112,870@91.05GiB eta=48h47m35.013s
INFO [11-16|19:26:24.925] Syncing: chain download in progress      synced=13.32% chain=216.59GiB headers=9,115,580@4.80GiB bodies=9,115,580@120.69GiB receipts=9,115,580@91.10GiB eta=48h47m29.478s
INFO [11-16|19:26:33.055] Syncing: chain download in progress      synced=13.33% chain=216.67GiB headers=9,117,692@4.80GiB bodies=9,117,692@120.73GiB receipts=9,117,692@91.14GiB eta=48h47m57.142s
WARN [11-16|19:26:33.523] Pivot seemingly stale, moving            old=68,418,734 new=68,418,798
INFO [11-16|19:26:33.603] Syncing: state download in progress      synced=12.02% state=113.89GiB      accounts=80,912,392@13.51GiB slots=468,796,264@96.61GiB codes=497,361@3.76GiB eta=19h37m45.850s
INFO [11-16|19:26:41.199] Syncing: chain download in progress      synced=13.33% chain=216.78GiB headers=9,120,519@4.80GiB bodies=9,120,519@120.78GiB receipts=9,120,519@91.19GiB eta=48h47m44.747s
INFO [11-16|19:26:49.270] Syncing: chain download in progress      synced=13.33% chain=216.87GiB headers=9,122,701@4.80GiB bodies=9,122,701@120.83GiB receipts=9,122,701@91.24GiB eta=48h48m7.338s
INFO [11-16|19:26:57.363] Syncing: chain download in progress      synced=13.34% chain=216.98GiB headers=9,124,836@4.80GiB bodies=9,124,836@120.89GiB receipts=9,124,836@91.29GiB eta=48h48m32.853s
INFO [11-16|19:27:05.455] Syncing: chain download in progress      synced=13.34% chain=217.09GiB headers=9,127,239@4.81GiB bodies=9,127,239@120.95GiB receipts=9,127,239@91.34GiB eta=48h48m43.223s
INFO [11-16|19:27:13.517] Syncing: chain download in progress      synced=13.34% chain=217.18GiB headers=9,129,706@4.81GiB bodies=9,129,706@121.00GiB receipts=9,129,706@91.38GiB eta=48h48m49.429s
INFO [11-16|19:27:21.694] Syncing: chain download in progress      synced=13.35% chain=217.29GiB headers=9,132,800@4.81GiB bodies=9,132,800@121.05GiB receipts=9,132,800@91.43GiB eta=48h48m22.414s
INFO [11-16|19:27:29.896] Syncing: chain download in progress      synced=13.35% chain=217.39GiB headers=9,135,922@4.81GiB bodies=9,135,922@121.10GiB receipts=9,135,922@91.48GiB eta=48h47m54.250s
INFO [11-16|19:27:37.952] Syncing: chain download in progress      synced=13.36% chain=217.50GiB headers=9,139,056@4.81GiB bodies=9,139,056@121.16GiB receipts=9,139,056@91.53GiB eta=48h47m22.852s
INFO [11-16|19:27:46.140] Syncing: chain download in progress      synced=13.36% chain=217.59GiB headers=9,141,780@4.81GiB bodies=9,141,780@121.20GiB receipts=9,141,780@91.58GiB eta=48h47m16.915s
WARN [11-16|19:27:47.607] Pivot seemingly stale, moving            old=68,418,798 new=68,418,862
INFO [11-16|19:27:47.873] Syncing: state download in progress      synced=12.02% state=113.89GiB      accounts=80,912,392@13.51GiB slots=468,796,264@96.61GiB codes=497,361@3.76GiB eta=19h53m29.128s
INFO [11-16|19:27:54.168] Syncing: chain download in progress      synced=13.37% chain=217.70GiB headers=9,144,691@4.82GiB bodies=9,144,691@121.26GiB receipts=9,144,691@91.63GiB eta=48h46m57.750s
INFO [11-16|19:28:02.324] Syncing: chain download in progress      synced=13.37% chain=217.80GiB headers=9,146,785@4.82GiB bodies=9,146,785@121.31GiB receipts=9,146,785@91.67GiB eta=48h47m26.517s
INFO [11-16|19:28:10.402] Syncing: chain download in progress      synced=13.37% chain=217.89GiB headers=9,148,932@4.82GiB bodies=9,148,932@121.35GiB receipts=9,148,932@91.71GiB eta=48h47m50.856s
INFO [11-16|19:28:18.533] Syncing: chain download in progress      synced=13.37% chain=217.99GiB headers=9,150,990@4.82GiB bodies=9,150,990@121.41GiB receipts=9,150,990@91.76GiB eta=48h48m21.088s
INFO [11-16|19:28:26.595] Syncing: chain download in progress      synced=13.38% chain=218.09GiB headers=9,152,935@4.82GiB bodies=9,152,935@121.46GiB receipts=9,152,935@91.81GiB eta=48h48m56.334s
INFO [11-16|19:28:34.644] Syncing: chain download in progress      synced=13.38% chain=218.19GiB headers=9,155,112@4.82GiB bodies=9,155,112@121.52GiB receipts=9,155,112@91.86GiB eta=48h49m18.384s
INFO [11-16|19:28:42.702] Syncing: chain download in progress      synced=13.38% chain=218.30GiB headers=9,157,733@4.82GiB bodies=9,157,733@121.57GiB receipts=9,157,733@91.90GiB eta=48h49m15.648s
INFO [11-16|19:28:50.786] Syncing: chain download in progress      synced=13.39% chain=218.39GiB headers=9,160,258@4.83GiB bodies=9,160,258@121.62GiB receipts=9,160,258@91.95GiB eta=48h49m18.767s
INFO [11-16|19:28:58.961] Syncing: chain download in progress      synced=13.39% chain=218.50GiB headers=9,163,641@4.83GiB bodies=9,163,641@121.67GiB receipts=9,163,641@92.00GiB eta=48h48m35.669s
INFO [11-16|19:29:07.222] Syncing: chain download in progress      synced=13.40% chain=218.60GiB headers=9,166,685@4.83GiB bodies=9,166,685@121.73GiB receipts=9,166,685@92.04GiB eta=48h48m13.014s
WARN [11-16|19:29:07.701] Pivot seemingly stale, moving            old=68,418,862 new=68,418,926
INFO [11-16|19:29:07.821] Syncing: state download in progress      synced=12.02% state=113.89GiB      accounts=80,912,392@13.51GiB slots=468,796,264@96.61GiB codes=497,361@3.76GiB eta=19h52m9.180s
INFO [11-16|19:29:15.283] Syncing: chain download in progress      synced=13.40% chain=218.70GiB headers=9,169,657@4.83GiB bodies=9,169,657@121.78GiB receipts=9,169,657@92.09GiB eta=48h47m51.001s
INFO [11-16|19:29:23.430] Syncing: chain download in progress      synced=13.41% chain=218.81GiB headers=9,172,361@4.83GiB bodies=9,172,361@121.83GiB receipts=9,172,361@92.14GiB eta=48h47m45.295s
INFO [11-16|19:29:31.504] Syncing: chain download in progress      synced=13.41% chain=218.92GiB headers=9,174,661@4.83GiB bodies=9,174,661@121.89GiB receipts=9,174,661@92.19GiB eta=48h48m0.751s
INFO [11-16|19:29:39.566] Syncing: chain download in progress      synced=13.41% chain=219.02GiB headers=9,176,927@4.83GiB bodies=9,176,927@121.95GiB receipts=9,176,927@92.24GiB eta=48h48m17.847s
INFO [11-16|19:29:47.667] Syncing: chain download in progress      synced=13.42% chain=219.13GiB headers=9,179,022@4.84GiB bodies=9,179,022@122.00GiB receipts=9,179,022@92.29GiB eta=48h48m45.104s
INFO [11-16|19:29:55.686] Syncing: chain download in progress      synced=13.42% chain=219.23GiB headers=9,180,959@4.84GiB bodies=9,180,959@122.06GiB receipts=9,180,959@92.34GiB eta=48h49m19.640s
INFO [11-16|19:30:03.735] Syncing: chain download in progress      synced=13.42% chain=219.34GiB headers=9,182,808@4.84GiB bodies=9,182,808@122.11GiB receipts=9,182,808@92.38GiB eta=48h49m59.529s
INFO [11-16|19:30:11.926] Syncing: chain download in progress      synced=13.42% chain=219.44GiB headers=9,184,787@4.84GiB bodies=9,184,787@122.17GiB receipts=9,184,787@92.43GiB eta=48h50m34.646s
INFO [11-16|19:30:20.173] Syncing: chain download in progress      synced=13.43% chain=219.55GiB headers=9,187,560@4.84GiB bodies=9,187,560@122.23GiB receipts=9,187,560@92.48GiB eta=48h50m26.710s
INFO [11-16|19:30:28.369] Syncing: chain download in progress      synced=13.43% chain=219.65GiB headers=9,190,505@4.84GiB bodies=9,190,505@122.28GiB receipts=9,190,505@92.52GiB eta=48h50m8.314s
WARN [11-16|19:30:30.735] Pivot seemingly stale, moving            old=68,418,926 new=68,418,990
INFO [11-16|19:30:30.953] Syncing: state download in progress      synced=12.02% state=113.89GiB      accounts=80,912,392@13.51GiB slots=468,796,264@96.61GiB codes=497,361@3.76GiB eta=20h7m43.596s
INFO [11-16|19:30:36.575] Syncing: chain download in progress      synced=13.44% chain=219.75GiB headers=9,193,582@4.84GiB bodies=9,193,582@122.33GiB receipts=9,193,582@92.57GiB eta=48h49m43.024s
INFO [11-16|19:30:44.622] Syncing: chain download in progress      synced=13.44% chain=219.86GiB headers=9,196,638@4.85GiB bodies=9,196,638@122.39GiB receipts=9,196,638@92.62GiB eta=48h49m15.891s
INFO [11-16|19:30:52.644] Syncing: chain download in progress      synced=13.45% chain=219.95GiB headers=9,199,521@4.85GiB bodies=9,199,521@122.44GiB receipts=9,199,521@92.67GiB eta=48h48m57.919s
INFO [11-16|19:31:00.845] Syncing: chain download in progress      synced=13.45% chain=220.06GiB headers=9,202,344@4.85GiB bodies=9,202,344@122.49GiB receipts=9,202,344@92.72GiB eta=48h48m46.462s
INFO [11-16|19:31:08.879] Syncing: chain download in progress      synced=13.45% chain=220.16GiB headers=9,204,978@4.85GiB bodies=9,204,978@122.55GiB receipts=9,204,978@92.77GiB eta=48h48m42.436s
INFO [11-16|19:31:16.977] Syncing: chain download in progress      synced=13.46% chain=220.27GiB headers=9,207,397@4.85GiB bodies=9,207,397@122.60GiB receipts=9,207,397@92.81GiB eta=48h48m51.422s
INFO [11-16|19:31:25.052] Syncing: chain download in progress      synced=13.46% chain=220.37GiB headers=9,209,554@4.85GiB bodies=9,209,554@122.65GiB receipts=9,209,554@92.86GiB eta=48h49m14.388s
INFO [11-16|19:31:33.197] Syncing: chain download in progress      synced=13.46% chain=220.47GiB headers=9,211,762@4.85GiB bodies=9,211,762@122.71GiB receipts=9,211,762@92.91GiB eta=48h49m35.780s
INFO [11-16|19:31:41.285] Syncing: chain download in progress      synced=13.47% chain=220.58GiB headers=9,214,567@4.86GiB bodies=9,214,567@122.76GiB receipts=9,214,567@92.96GiB eta=48h49m23.249s
WARN [11-16|19:31:45.790] Pivot seemingly stale, moving            old=68,418,990 new=68,419,054
INFO [11-16|19:31:45.811] Syncing: state download in progress      synced=12.02% state=113.89GiB      accounts=80,912,392@13.51GiB slots=468,796,264@96.61GiB codes=497,361@3.76GiB eta=20h23m26.286s
INFO [11-16|19:31:49.538] Syncing: chain download in progress      synced=13.47% chain=220.68GiB headers=9,217,350@4.86GiB bodies=9,217,350@122.82GiB receipts=9,217,350@93.00GiB eta=48h49m14.999s
INFO [11-16|19:31:57.636] Syncing: chain download in progress      synced=13.48% chain=220.78GiB headers=9,220,423@4.86GiB bodies=9,220,423@122.87GiB receipts=9,220,423@93.04GiB eta=48h48m47.939s
INFO [11-16|19:32:05.745] Syncing: chain download in progress      synced=13.48% chain=220.88GiB headers=9,223,624@4.86GiB bodies=9,223,624@122.93GiB receipts=9,223,624@93.09GiB eta=48h48m14.108s
INFO [11-16|19:32:14.112] Syncing: chain download in progress      synced=13.49% chain=220.98GiB headers=9,226,912@4.86GiB bodies=9,226,912@122.98GiB receipts=9,226,912@93.14GiB eta=48h47m40.021s
INFO [11-16|19:32:22.143] Syncing: chain download in progress      synced=13.49% chain=221.09GiB headers=9,230,115@4.87GiB bodies=9,230,115@123.03GiB receipts=9,230,115@93.19GiB eta=48h47m4.827s
INFO [11-16|19:32:30.405] Syncing: chain download in progress      synced=13.49% chain=221.19GiB headers=9,232,827@4.87GiB bodies=9,232,827@123.09GiB receipts=9,232,827@93.24GiB eta=48h47m0.509s
INFO [11-16|19:32:38.590] Syncing: chain download in progress      synced=13.50% chain=221.29GiB headers=9,235,432@4.87GiB bodies=9,235,432@123.14GiB receipts=9,235,432@93.28GiB eta=48h47m0.710s
INFO [11-16|19:32:46.714] Syncing: chain download in progress      synced=13.50% chain=221.39GiB headers=9,237,928@4.87GiB bodies=9,237,928@123.19GiB receipts=9,237,928@93.33GiB eta=48h47m5.791s
INFO [11-16|19:32:54.773] Syncing: chain download in progress      synced=13.50% chain=221.49GiB headers=9,239,959@4.87GiB bodies=9,239,959@123.24GiB receipts=9,239,959@93.38GiB eta=48h47m35.093s
WARN [11-16|19:32:57.869] Pivot seemingly stale, moving            old=68,419,054 new=68,419,118
INFO [11-16|19:32:57.884] Syncing: state download in progress      synced=12.02% state=113.89GiB      accounts=80,912,392@13.51GiB slots=468,796,264@96.61GiB codes=497,361@3.76GiB eta=20h22m14.213s
INFO [11-16|19:33:02.913] Syncing: chain download in progress      synced=13.51% chain=221.59GiB headers=9,242,097@4.87GiB bodies=9,242,097@123.29GiB receipts=9,242,097@93.43GiB eta=48h48m0.124s
INFO [11-16|19:33:11.010] Syncing: chain download in progress      synced=13.51% chain=221.69GiB headers=9,244,547@4.87GiB bodies=9,244,547@123.34GiB receipts=9,244,547@93.47GiB eta=48h48m7.171s
INFO [11-16|19:33:19.053] Syncing: chain download in progress      synced=13.52% chain=221.79GiB headers=9,247,141@4.88GiB bodies=9,247,141@123.40GiB receipts=9,247,141@93.52GiB eta=48h48m5.386s
INFO [11-16|19:33:27.067] Syncing: chain download in progress      synced=13.52% chain=221.88GiB headers=9,250,015@4.88GiB bodies=9,250,015@123.44GiB receipts=9,250,015@93.56GiB eta=48h47m47.859s
INFO [11-16|19:33:35.260] Syncing: chain download in progress      synced=13.52% chain=221.98GiB headers=9,252,994@4.88GiB bodies=9,252,994@123.49GiB receipts=9,252,994@93.61GiB eta=48h47m27.714s
INFO [11-16|19:33:43.451] Syncing: chain download in progress      synced=13.53% chain=222.08GiB headers=9,256,017@4.88GiB bodies=9,256,017@123.54GiB receipts=9,256,017@93.66GiB eta=48h47m5.192s
INFO [11-16|19:33:51.763] Syncing: chain download in progress      synced=13.53% chain=222.19GiB headers=9,259,001@4.88GiB bodies=9,259,001@123.60GiB receipts=9,259,001@93.71GiB eta=48h46m46.868s
INFO [11-16|19:33:59.853] Syncing: chain download in progress      synced=13.54% chain=222.29GiB headers=9,261,607@4.88GiB bodies=9,261,607@123.65GiB receipts=9,261,607@93.75GiB eta=48h46m45.285s
INFO [11-16|19:34:07.871] Syncing: chain download in progress      synced=13.54% chain=222.38GiB headers=9,263,940@4.89GiB bodies=9,263,940@123.70GiB receipts=9,263,940@93.80GiB eta=48h46m57.230s
WARN [11-16|19:34:12.928] Pivot seemingly stale, moving            old=68,419,118 new=68,419,182
INFO [11-16|19:34:12.984] Syncing: state download in progress      synced=12.02% state=113.89GiB      accounts=80,912,392@13.51GiB slots=468,796,264@96.61GiB codes=497,361@3.76GiB eta=20h37m56.661s
INFO [11-16|19:34:16.009] Syncing: chain download in progress      synced=13.54% chain=222.49GiB headers=9,266,192@4.89GiB bodies=9,266,192@123.75GiB receipts=9,266,192@93.85GiB eta=48h47m15.756s
INFO [11-16|19:34:24.154] Syncing: chain download in progress      synced=13.55% chain=222.59GiB headers=9,267,920@4.89GiB bodies=9,267,920@123.80GiB receipts=9,267,920@93.90GiB eta=48h48m2.619s
INFO [11-16|19:34:32.300] Syncing: chain download in progress      synced=13.55% chain=222.69GiB headers=9,269,785@4.89GiB bodies=9,269,785@123.85GiB receipts=9,269,785@93.94GiB eta=48h48m41.974s
INFO [11-16|19:34:40.306] Syncing: chain download in progress      synced=13.55% chain=222.79GiB headers=9,271,911@4.89GiB bodies=9,271,911@123.91GiB receipts=9,271,911@93.99GiB eta=48h49m4.759s
INFO [11-16|19:34:48.362] Syncing: chain download in progress      synced=13.55% chain=222.89GiB headers=9,274,188@4.89GiB bodies=9,274,188@123.96GiB receipts=9,274,188@94.04GiB eta=48h49m20.173s
INFO [11-16|19:34:56.556] Syncing: chain download in progress      synced=13.56% chain=222.98GiB headers=9,276,840@4.89GiB bodies=9,276,840@124.01GiB receipts=9,276,840@94.08GiB eta=48h49m17.733s
INFO [11-16|19:35:04.665] Syncing: chain download in progress      synced=13.56% chain=223.08GiB headers=9,279,531@4.89GiB bodies=9,279,531@124.06GiB receipts=9,279,531@94.13GiB eta=48h49m11.628s
INFO [11-16|19:35:12.713] Syncing: chain download in progress      synced=13.57% chain=223.18GiB headers=9,282,119@4.90GiB bodies=9,282,119@124.11GiB receipts=9,282,119@94.18GiB eta=48h49m10.088s
INFO [11-16|19:35:20.763] Syncing: chain download in progress      synced=13.57% chain=223.28GiB headers=9,284,566@4.90GiB bodies=9,284,566@124.16GiB receipts=9,284,566@94.23GiB eta=48h49m16.121s
INFO [11-16|19:35:29.110] Syncing: chain download in progress      synced=13.57% chain=223.37GiB headers=9,286,711@4.90GiB bodies=9,286,711@124.20GiB receipts=9,286,711@94.27GiB eta=48h49m43.569s
INFO [11-16|19:35:37.110] Syncing: chain download in progress      synced=13.58% chain=223.47GiB headers=9,288,876@4.90GiB bodies=9,288,876@124.25GiB receipts=9,288,876@94.32GiB eta=48h50m3.919s
WARN [11-16|19:35:41.063] Pivot seemingly stale, moving            old=68,419,182 new=68,419,246
INFO [11-16|19:35:41.097] Syncing: state download in progress      synced=12.02% state=113.89GiB      accounts=80,912,392@13.51GiB slots=468,796,264@96.61GiB codes=497,361@3.76GiB eta=20h36m28.548s
INFO [11-16|19:35:45.211] Syncing: chain download in progress      synced=13.58% chain=223.57GiB headers=9,290,857@4.90GiB bodies=9,290,857@124.30GiB receipts=9,290,857@94.36GiB eta=48h50m36.062s
INFO [11-16|19:35:53.226] Syncing: chain download in progress      synced=13.58% chain=223.66GiB headers=9,292,896@4.90GiB bodies=9,292,896@124.35GiB receipts=9,292,896@94.41GiB eta=48h51m3.405s
INFO [11-16|19:36:01.279] Syncing: chain download in progress      synced=13.58% chain=223.76GiB headers=9,294,415@4.90GiB bodies=9,294,415@124.40GiB receipts=9,294,415@94.46GiB eta=48h51m59.312s
INFO [11-16|19:36:09.329] Syncing: chain download in progress      synced=13.59% chain=223.85GiB headers=9,295,853@4.90GiB bodies=9,295,853@124.45GiB receipts=9,295,853@94.50GiB eta=48h52m59.478s
INFO [11-16|19:36:17.357] Syncing: chain download in progress      synced=13.59% chain=223.95GiB headers=9,297,274@4.90GiB bodies=9,297,274@124.50GiB receipts=9,297,274@94.54GiB eta=48h54m0.164s
INFO [11-16|19:36:25.446] Syncing: chain download in progress      synced=13.59% chain=224.05GiB headers=9,299,006@4.91GiB bodies=9,299,006@124.55GiB receipts=9,299,006@94.59GiB eta=48h54m45.082s
INFO [11-16|19:36:33.508] Syncing: chain download in progress      synced=13.59% chain=224.15GiB headers=9,301,027@4.91GiB bodies=9,301,027@124.60GiB receipts=9,301,027@94.64GiB eta=48h55m13.942s
INFO [11-16|19:36:41.517] Syncing: chain download in progress      synced=13.60% chain=224.24GiB headers=9,303,142@4.91GiB bodies=9,303,142@124.65GiB receipts=9,303,142@94.68GiB eta=48h55m36.786s
INFO [11-16|19:36:49.528] Syncing: chain download in progress      synced=13.60% chain=224.34GiB headers=9,305,480@4.91GiB bodies=9,305,480@124.70GiB receipts=9,305,480@94.73GiB eta=48h55m47.613s
INFO [11-16|19:36:57.647] Syncing: chain download in progress      synced=13.60% chain=224.44GiB headers=9,308,024@4.91GiB bodies=9,308,024@124.75GiB receipts=9,308,024@94.78GiB eta=48h55m49.195s
INFO [11-16|19:37:05.704] Syncing: chain download in progress      synced=13.61% chain=224.54GiB headers=9,310,131@4.91GiB bodies=9,310,131@124.80GiB receipts=9,310,131@94.82GiB eta=48h56m13.180s
INFO [11-16|19:37:13.874] Syncing: chain download in progress      synced=13.61% chain=224.64GiB headers=9,311,957@4.91GiB bodies=9,311,957@124.86GiB receipts=9,311,957@94.87GiB eta=48h56m54.137s
INFO [11-16|19:37:22.037] Syncing: chain download in progress      synced=13.61% chain=224.74GiB headers=9,313,974@4.91GiB bodies=9,313,974@124.91GiB receipts=9,313,974@94.91GiB eta=48h57m24.651s
WARN [11-16|19:37:24.132] Pivot seemingly stale, moving            old=68,419,246 new=68,419,310
INFO [11-16|19:37:24.306] Syncing: state download in progress      synced=12.02% state=113.89GiB      accounts=80,912,392@13.51GiB slots=468,796,264@96.61GiB codes=497,361@3.76GiB eta=20h51m42.887s
INFO [11-16|19:37:30.173] Syncing: chain download in progress      synced=13.62% chain=224.83GiB headers=9,316,164@4.92GiB bodies=9,316,164@124.96GiB receipts=9,316,164@94.96GiB eta=48h57m45.617s
INFO [11-16|19:37:38.194] Syncing: chain download in progress      synced=13.62% chain=224.92GiB headers=9,318,173@4.92GiB bodies=9,318,173@125.00GiB receipts=9,318,173@95.00GiB eta=48h58m14.081s
INFO [11-16|19:37:46.293] Syncing: chain download in progress      synced=13.62% chain=225.02GiB headers=9,320,028@4.92GiB bodies=9,320,028@125.05GiB receipts=9,320,028@95.05GiB eta=48h58m52.045s
INFO [11-16|19:37:54.302] Syncing: chain download in progress      synced=13.62% chain=225.12GiB headers=9,321,986@4.92GiB bodies=9,321,986@125.10GiB receipts=9,321,986@95.10GiB eta=48h59m22.962s
INFO [11-16|19:38:02.373] Syncing: chain download in progress      synced=13.63% chain=225.22GiB headers=9,323,771@4.92GiB bodies=9,323,771@125.16GiB receipts=9,323,771@95.14GiB eta=49h0m4.143s
INFO [11-16|19:38:10.400] Syncing: chain download in progress      synced=13.63% chain=225.32GiB headers=9,325,396@4.92GiB bodies=9,325,396@125.21GiB receipts=9,325,396@95.19GiB eta=49h0m53.127s
INFO [11-16|19:38:18.543] Syncing: chain download in progress      synced=13.63% chain=225.41GiB headers=9,327,015@4.92GiB bodies=9,327,015@125.26GiB receipts=9,327,015@95.23GiB eta=49h1m44.312s
INFO [11-16|19:38:26.708] Syncing: chain download in progress      synced=13.64% chain=225.51GiB headers=9,329,009@4.92GiB bodies=9,329,009@125.31GiB receipts=9,329,009@95.28GiB eta=49h2m15.701s
INFO [11-16|19:38:34.816] Syncing: chain download in progress      synced=13.64% chain=225.61GiB headers=9,331,142@4.92GiB bodies=9,331,142@125.36GiB receipts=9,331,142@95.33GiB eta=49h2m38.695s
INFO [11-16|19:38:42.894] Syncing: chain download in progress      synced=13.64% chain=225.71GiB headers=9,333,329@4.93GiB bodies=9,333,329@125.41GiB receipts=9,333,329@95.37GiB eta=49h2m58.276s
INFO [11-16|19:38:50.918] Syncing: chain download in progress      synced=13.64% chain=225.79GiB headers=9,335,598@4.93GiB bodies=9,335,598@125.45GiB receipts=9,335,598@95.42GiB eta=49h3m12.470s
INFO [11-16|19:38:59.058] Syncing: chain download in progress      synced=13.65% chain=225.89GiB headers=9,338,068@4.93GiB bodies=9,338,068@125.50GiB receipts=9,338,068@95.46GiB eta=49h3m17.849s
WARN [11-16|19:39:03.196] Pivot seemingly stale, moving            old=68,419,310 new=68,419,374
INFO [11-16|19:39:03.338] Syncing: state download in progress      synced=12.02% state=113.89GiB      accounts=80,912,392@13.51GiB slots=468,796,264@96.61GiB codes=497,361@3.76GiB eta=21h7m1.403s
INFO [11-16|19:39:07.186] Syncing: chain download in progress      synced=13.65% chain=225.99GiB headers=9,340,305@4.93GiB bodies=9,340,305@125.55GiB receipts=9,340,305@95.51GiB eta=49h3m35.695s
INFO [11-16|19:39:15.223] Syncing: chain download in progress      synced=13.65% chain=226.09GiB headers=9,342,335@4.93GiB bodies=9,342,335@125.60GiB receipts=9,342,335@95.56GiB eta=49h4m2.768s
INFO [11-16|19:39:23.329] Syncing: chain download in progress      synced=13.66% chain=226.18GiB headers=9,344,266@4.93GiB bodies=9,344,266@125.65GiB receipts=9,344,266@95.60GiB eta=49h4m36.279s
INFO [11-16|19:39:31.330] Syncing: chain download in progress      synced=13.66% chain=226.28GiB headers=9,346,218@4.93GiB bodies=9,346,218@125.69GiB receipts=9,346,218@95.65GiB eta=49h5m6.890s
INFO [11-16|19:39:39.419] Syncing: chain download in progress      synced=13.66% chain=226.38GiB headers=9,348,078@4.93GiB bodies=9,348,078@125.74GiB receipts=9,348,078@95.70GiB eta=49h5m43.798s
INFO [11-16|19:39:47.508] Syncing: chain download in progress      synced=13.67% chain=226.47GiB headers=9,349,843@4.93GiB bodies=9,349,843@125.79GiB receipts=9,349,843@95.74GiB eta=49h6m25.714s
INFO [11-16|19:39:55.510] Syncing: chain download in progress      synced=13.67% chain=226.57GiB headers=9,351,386@4.94GiB bodies=9,351,386@125.84GiB receipts=9,351,386@95.79GiB eta=49h7m17.978s
INFO [11-16|19:40:03.546] Syncing: chain download in progress      synced=13.67% chain=226.67GiB headers=9,352,861@4.94GiB bodies=9,352,861@125.90GiB receipts=9,352,861@95.83GiB eta=49h8m14.401s
INFO [11-16|19:40:11.617] Syncing: chain download in progress      synced=13.67% chain=226.76GiB headers=9,354,134@4.94GiB bodies=9,354,134@125.94GiB receipts=9,354,134@95.88GiB eta=49h9m22.116s
INFO [11-16|19:40:19.691] Syncing: chain download in progress      synced=13.67% chain=226.84GiB headers=9,355,464@4.94GiB bodies=9,355,464@125.99GiB receipts=9,355,464@95.92GiB eta=49h10m26.764s
INFO [11-16|19:40:27.704] Syncing: chain download in progress      synced=13.68% chain=226.94GiB headers=9,357,043@4.94GiB bodies=9,357,043@126.03GiB receipts=9,357,043@95.97GiB eta=49h11m17.078s
INFO [11-16|19:40:35.794] Syncing: chain download in progress      synced=13.68% chain=227.03GiB headers=9,358,765@4.94GiB bodies=9,358,765@126.08GiB receipts=9,358,765@96.01GiB eta=49h12m0.994s
INFO [11-16|19:40:43.942] Syncing: chain download in progress      synced=13.68% chain=227.13GiB headers=9,360,912@4.94GiB bodies=9,360,912@126.13GiB receipts=9,360,912@96.06GiB eta=49h12m23.199s
INFO [11-16|19:40:52.079] Syncing: chain download in progress      synced=13.69% chain=227.23GiB headers=9,363,320@4.94GiB bodies=9,363,320@126.18GiB receipts=9,363,320@96.11GiB eta=49h12m31.271s
WARN [11-16|19:40:53.205] Pivot seemingly stale, moving            old=68,419,374 new=68,419,438
INFO [11-16|19:40:53.222] Syncing: state download in progress      synced=12.02% state=113.89GiB      accounts=80,912,392@13.51GiB slots=468,796,264@96.61GiB codes=497,361@3.76GiB eta=21h22m9.068s
INFO [11-16|19:41:00.180] Syncing: chain download in progress      synced=13.69% chain=227.32GiB headers=9,365,455@4.94GiB bodies=9,365,455@126.23GiB receipts=9,365,455@96.15GiB eta=49h12m53.464s
INFO [11-16|19:41:08.253] Syncing: chain download in progress      synced=13.69% chain=227.42GiB headers=9,367,429@4.95GiB bodies=9,367,429@126.27GiB receipts=9,367,429@96.20GiB eta=49h13m23.504s
INFO [11-16|19:41:16.272] Syncing: chain download in progress      synced=13.69% chain=227.51GiB headers=9,369,162@4.95GiB bodies=9,369,162@126.32GiB receipts=9,369,162@96.24GiB eta=49h14m5.426s
INFO [11-16|19:41:24.344] Syncing: chain download in progress      synced=13.70% chain=227.61GiB headers=9,370,924@4.95GiB bodies=9,370,924@126.37GiB receipts=9,370,924@96.29GiB eta=49h14m46.667s
INFO [11-16|19:41:32.358] Syncing: chain download in progress      synced=13.70% chain=227.70GiB headers=9,372,717@4.95GiB bodies=9,372,717@126.42GiB receipts=9,372,717@96.34GiB eta=49h15m25.215s
INFO [11-16|19:41:40.461] Syncing: chain download in progress      synced=13.70% chain=227.80GiB headers=9,374,491@4.95GiB bodies=9,374,491@126.47GiB receipts=9,374,491@96.38GiB eta=49h16m6.238s
INFO [11-16|19:41:48.517] Syncing: chain download in progress      synced=13.70% chain=227.89GiB headers=9,376,107@4.95GiB bodies=9,376,107@126.52GiB receipts=9,376,107@96.43GiB eta=49h16m54.758s
INFO [11-16|19:41:56.520] Syncing: chain download in progress      synced=13.71% chain=227.99GiB headers=9,377,779@4.95GiB bodies=9,377,779@126.56GiB receipts=9,377,779@96.48GiB eta=49h17m39.447s
INFO [11-16|19:42:04.654] Syncing: chain download in progress      synced=13.71% chain=228.09GiB headers=9,379,437@4.95GiB bodies=9,379,437@126.61GiB receipts=9,379,437@96.52GiB eta=49h18m26.951s
INFO [11-16|19:42:12.703] Syncing: chain download in progress      synced=13.71% chain=228.18GiB headers=9,380,902@4.95GiB bodies=9,380,902@126.66GiB receipts=9,380,902@96.57GiB eta=49h19m23.238s
INFO [11-16|19:42:20.756] Syncing: chain download in progress      synced=13.71% chain=228.28GiB headers=9,382,207@4.95GiB bodies=9,382,207@126.71GiB receipts=9,382,207@96.62GiB eta=49h20m28.091s
INFO [11-16|19:42:28.806] Syncing: chain download in progress      synced=13.71% chain=228.38GiB headers=9,383,558@4.95GiB bodies=9,383,558@126.76GiB receipts=9,383,558@96.66GiB eta=49h21m30.324s
INFO [11-16|19:42:36.880] Syncing: chain download in progress      synced=13.72% chain=228.47GiB headers=9,385,051@4.96GiB bodies=9,385,051@126.81GiB receipts=9,385,051@96.71GiB eta=49h22m25.396s
INFO [11-16|19:42:44.992] Syncing: chain download in progress      synced=13.72% chain=228.57GiB headers=9,386,617@4.96GiB bodies=9,386,617@126.85GiB receipts=9,386,617@96.76GiB eta=49h23m17.175s
INFO [11-16|19:42:53.120] Syncing: chain download in progress      synced=13.72% chain=228.66GiB headers=9,388,293@4.96GiB bodies=9,388,293@126.90GiB receipts=9,388,293@96.80GiB eta=49h24m3.366s
WARN [11-16|19:42:53.309] Pivot seemingly stale, moving            old=68,419,438 new=68,419,502
INFO [11-16|19:42:53.329] Syncing: state download in progress      synced=12.02% state=113.89GiB      accounts=80,912,392@13.51GiB slots=468,796,264@96.61GiB codes=497,361@3.76GiB eta=21h37m6.508s
INFO [11-16|19:43:01.190] Syncing: chain download in progress      synced=13.72% chain=228.75GiB headers=9,389,979@4.96GiB bodies=9,389,979@126.95GiB receipts=9,389,979@96.85GiB eta=49h24m48.123s
INFO [11-16|19:43:09.234] Syncing: chain download in progress      synced=13.73% chain=228.84GiB headers=9,391,655@4.96GiB bodies=9,391,655@126.99GiB receipts=9,391,655@96.90GiB eta=49h25m32.833s
INFO [11-16|19:43:17.268] Syncing: chain download in progress      synced=13.73% chain=228.94GiB headers=9,393,341@4.96GiB bodies=9,393,341@127.03GiB receipts=9,393,341@96.94GiB eta=49h26m16.684s
INFO [11-16|19:43:25.464] Syncing: chain download in progress      synced=13.73% chain=229.03GiB headers=9,395,004@4.96GiB bodies=9,395,004@127.08GiB receipts=9,395,004@96.99GiB eta=49h27m4.496s
INFO [11-16|19:43:33.549] Syncing: chain download in progress      synced=13.73% chain=229.12GiB headers=9,396,618@4.96GiB bodies=9,396,618@127.13GiB receipts=9,396,618@97.04GiB eta=49h27m52.926s
INFO [11-16|19:43:41.566] Syncing: chain download in progress      synced=13.74% chain=229.22GiB headers=9,398,202@4.96GiB bodies=9,398,202@127.17GiB receipts=9,398,202@97.08GiB eta=49h28m41.856s
INFO [11-16|19:43:49.605] Syncing: chain download in progress      synced=13.74% chain=229.31GiB headers=9,399,755@4.96GiB bodies=9,399,755@127.22GiB receipts=9,399,755@97.13GiB eta=49h29m32.707s
INFO [11-16|19:43:57.610] Syncing: chain download in progress      synced=13.74% chain=229.40GiB headers=9,401,185@4.96GiB bodies=9,401,185@127.26GiB receipts=9,401,185@97.17GiB eta=49h30m29.415s
INFO [11-16|19:44:05.675] Syncing: chain download in progress      synced=13.74% chain=229.49GiB headers=9,402,596@4.97GiB bodies=9,402,596@127.31GiB receipts=9,402,596@97.22GiB eta=49h31m28.125s
INFO [11-16|19:44:13.792] Syncing: chain download in progress      synced=13.74% chain=229.59GiB headers=9,404,018@4.97GiB bodies=9,404,018@127.36GiB receipts=9,404,018@97.26GiB eta=49h32m27.035s
INFO [11-16|19:44:21.889] Syncing: chain download in progress      synced=13.75% chain=229.69GiB headers=9,405,465@4.97GiB bodies=9,405,465@127.41GiB receipts=9,405,465@97.31GiB eta=49h33m24.273s
INFO [11-16|19:44:29.950] Syncing: chain download in progress      synced=13.75% chain=229.78GiB headers=9,406,823@4.97GiB bodies=9,406,823@127.46GiB receipts=9,406,823@97.36GiB eta=49h34m25.553s
INFO [11-16|19:44:38.007] Syncing: chain download in progress      synced=13.75% chain=229.88GiB headers=9,408,010@4.97GiB bodies=9,408,010@127.50GiB receipts=9,408,010@97.40GiB eta=49h35m35.787s
INFO [11-16|19:44:46.094] Syncing: chain download in progress      synced=13.75% chain=229.97GiB headers=9,409,138@4.97GiB bodies=9,409,138@127.55GiB receipts=9,409,138@97.45GiB eta=49h36m49.619s
INFO [11-16|19:44:54.198] Syncing: chain download in progress      synced=13.75% chain=230.07GiB headers=9,410,238@4.97GiB bodies=9,410,238@127.60GiB receipts=9,410,238@97.50GiB eta=49h38m5.126s
INFO [11-16|19:45:02.204] Syncing: chain download in progress      synced=13.76% chain=230.16GiB headers=9,411,320@4.97GiB bodies=9,411,320@127.65GiB receipts=9,411,320@97.54GiB eta=49h39m19.917s
INFO [11-16|19:45:10.230] Syncing: chain download in progress      synced=13.76% chain=230.25GiB headers=9,412,348@4.97GiB bodies=9,412,348@127.69GiB receipts=9,412,348@97.59GiB eta=49h40m37.879s
WARN [11-16|19:45:15.479] Pivot seemingly stale, moving            old=68,419,502 new=68,419,566
INFO [11-16|19:45:15.480] Syncing: state download in progress      synced=12.02% state=113.89GiB      accounts=80,912,392@13.51GiB slots=468,796,264@96.61GiB codes=497,361@3.76GiB eta=21h51m41.905s
INFO [11-16|19:45:18.332] Syncing: chain download in progress      synced=13.76% chain=230.35GiB headers=9,413,342@4.97GiB bodies=9,413,342@127.74GiB receipts=9,413,342@97.63GiB eta=49h41m59.026s
INFO [11-16|19:45:26.343] Syncing: chain download in progress      synced=13.76% chain=230.44GiB headers=9,414,410@4.97GiB bodies=9,414,410@127.78GiB receipts=9,414,410@97.68GiB eta=49h43m14.500s
INFO [11-16|19:45:34.470] Syncing: chain download in progress      synced=13.76% chain=230.53GiB headers=9,415,629@4.97GiB bodies=9,415,629@127.83GiB receipts=9,415,629@97.73GiB eta=49h44m23.849s
INFO [11-16|19:45:42.578] Syncing: chain download in progress      synced=13.76% chain=230.62GiB headers=9,417,125@4.97GiB bodies=9,417,125@127.88GiB receipts=9,417,125@97.77GiB eta=49h45m18.135s
INFO [11-16|19:45:50.707] Syncing: chain download in progress      synced=13.77% chain=230.72GiB headers=9,418,513@4.97GiB bodies=9,418,513@127.93GiB receipts=9,418,513@97.81GiB eta=49h46m18.409s
INFO [11-16|19:45:58.774] Syncing: chain download in progress      synced=13.77% chain=230.81GiB headers=9,420,061@4.98GiB bodies=9,420,061@127.97GiB receipts=9,420,061@97.86GiB eta=49h47m9.109s
INFO [11-16|19:46:06.916] Syncing: chain download in progress      synced=13.77% chain=230.91GiB headers=9,421,655@4.98GiB bodies=9,421,655@128.02GiB receipts=9,421,655@97.91GiB eta=49h47m58.604s
INFO [11-16|19:46:15.035] Syncing: chain download in progress      synced=13.77% chain=231.00GiB headers=9,423,149@4.98GiB bodies=9,423,149@128.07GiB receipts=9,423,149@97.95GiB eta=49h48m52.942s
INFO [11-16|19:46:23.073] Syncing: chain download in progress      synced=13.77% chain=231.09GiB headers=9,424,546@4.98GiB bodies=9,424,546@128.12GiB receipts=9,424,546@98.00GiB eta=49h49m51.053s
INFO [11-16|19:46:31.201] Syncing: chain download in progress      synced=13.78% chain=231.19GiB headers=9,425,895@4.98GiB bodies=9,425,895@128.17GiB receipts=9,425,895@98.04GiB eta=49h50m53.083s
INFO [11-16|19:46:39.259] Syncing: chain download in progress      synced=13.78% chain=231.29GiB headers=9,427,172@4.98GiB bodies=9,427,172@128.22GiB receipts=9,427,172@98.09GiB eta=49h51m57.807s
INFO [11-16|19:46:47.292] Syncing: chain download in progress      synced=13.78% chain=231.38GiB headers=9,428,501@4.98GiB bodies=9,428,501@128.27GiB receipts=9,428,501@98.13GiB eta=49h52m59.302s
INFO [11-16|19:46:55.329] Syncing: chain download in progress      synced=13.78% chain=231.48GiB headers=9,429,851@4.98GiB bodies=9,429,851@128.32GiB receipts=9,429,851@98.18GiB eta=49h53m59.668s
INFO [11-16|19:47:03.447] Syncing: chain download in progress      synced=13.78% chain=231.58GiB headers=9,431,202@4.98GiB bodies=9,431,202@128.38GiB receipts=9,431,202@98.22GiB eta=49h55m1.208s
INFO [11-16|19:47:11.460] Syncing: chain download in progress      synced=13.79% chain=231.68GiB headers=9,432,602@4.98GiB bodies=9,432,602@128.43GiB receipts=9,432,602@98.27GiB eta=49h55m58.466s
INFO [11-16|19:47:19.480] Syncing: chain download in progress      synced=13.79% chain=231.78GiB headers=9,433,948@4.98GiB bodies=9,433,948@128.48GiB receipts=9,433,948@98.32GiB eta=49h56m58.600s
INFO [11-16|19:47:27.581] Syncing: chain download in progress      synced=13.79% chain=231.87GiB headers=9,435,281@4.98GiB bodies=9,435,281@128.52GiB receipts=9,435,281@98.36GiB eta=49h58m0.716s
INFO [11-16|19:47:35.620] Syncing: chain download in progress      synced=13.79% chain=231.97GiB headers=9,436,573@4.99GiB bodies=9,436,573@128.57GiB receipts=9,436,573@98.41GiB eta=49h59m3.958s
WARN [11-16|19:47:41.605] Pivot seemingly stale, moving            old=68,419,566 new=68,419,630
INFO [11-16|19:47:41.693] Syncing: state download in progress      synced=12.02% state=113.89GiB      accounts=80,912,392@13.51GiB slots=468,796,264@96.61GiB codes=497,361@3.76GiB eta=22h6m13.240s
INFO [11-16|19:47:43.763] Syncing: chain download in progress      synced=13.79% chain=232.06GiB headers=9,437,730@4.99GiB bodies=9,437,730@128.62GiB receipts=9,437,730@98.45GiB eta=50h0m16.179s
INFO [11-16|19:47:51.881] Syncing: chain download in progress      synced=13.80% chain=232.16GiB headers=9,438,771@4.99GiB bodies=9,438,771@128.67GiB receipts=9,438,771@98.50GiB eta=50h1m33.924s
INFO [11-16|19:48:00.005] Syncing: chain download in progress      synced=13.80% chain=232.25GiB headers=9,439,729@4.99GiB bodies=9,439,729@128.72GiB receipts=9,439,729@98.55GiB eta=50h2m56.107s
INFO [11-16|19:48:08.128] Syncing: chain download in progress      synced=13.80% chain=232.35GiB headers=9,440,704@4.99GiB bodies=9,440,704@128.77GiB receipts=9,440,704@98.59GiB eta=50h4m17.291s
INFO [11-16|19:48:16.211] Syncing: chain download in progress      synced=13.80% chain=232.45GiB headers=9,441,720@4.99GiB bodies=9,441,720@128.82GiB receipts=9,441,720@98.64GiB eta=50h5m35.634s
INFO [11-16|19:48:24.369] Syncing: chain download in progress      synced=13.80% chain=232.55GiB headers=9,442,737@4.99GiB bodies=9,442,737@128.87GiB receipts=9,442,737@98.68GiB eta=50h6m55.092s
INFO [11-16|19:48:32.459] Syncing: chain download in progress      synced=13.80% chain=232.64GiB headers=9,443,970@4.99GiB bodies=9,443,970@128.92GiB receipts=9,443,970@98.73GiB eta=50h8m1.973s
INFO [11-16|19:48:40.577] Syncing: chain download in progress      synced=13.81% chain=232.74GiB headers=9,445,336@4.99GiB bodies=9,445,336@128.97GiB receipts=9,445,336@98.78GiB eta=50h9m2.134s
INFO [11-16|19:48:48.615] Syncing: chain download in progress      synced=13.81% chain=232.83GiB headers=9,446,630@4.99GiB bodies=9,446,630@129.02GiB receipts=9,446,630@98.82GiB eta=50h10m4.753s
INFO [11-16|19:48:56.648] Syncing: chain download in progress      synced=13.81% chain=232.92GiB headers=9,448,162@4.99GiB bodies=9,448,162@129.06GiB receipts=9,448,162@98.86GiB eta=50h10m54.669s
INFO [11-16|19:49:04.696] Syncing: chain download in progress      synced=13.81% chain=233.01GiB headers=9,449,619@4.99GiB bodies=9,449,619@129.11GiB receipts=9,449,619@98.91GiB eta=50h11m48.704s
INFO [11-16|19:49:12.769] Syncing: chain download in progress      synced=13.81% chain=233.10GiB headers=9,451,065@4.99GiB bodies=9,451,065@129.15GiB receipts=9,451,065@98.95GiB eta=50h12m43.713s
INFO [11-16|19:49:20.889] Syncing: chain download in progress      synced=13.82% chain=233.20GiB headers=9,452,486@4.99GiB bodies=9,452,486@129.20GiB receipts=9,452,486@99.00GiB eta=50h13m40.742s
INFO [11-16|19:49:29.000] Syncing: chain download in progress      synced=13.82% chain=233.29GiB headers=9,453,834@5.00GiB bodies=9,453,834@129.25GiB receipts=9,453,834@99.05GiB eta=50h14m41.412s
INFO [11-16|19:49:37.004] Syncing: chain download in progress      synced=13.82% chain=233.38GiB headers=9,455,115@5.00GiB bodies=9,455,115@129.30GiB receipts=9,455,115@99.09GiB eta=50h15m43.935s
INFO [11-16|19:49:45.054] Syncing: chain download in progress      synced=13.82% chain=233.48GiB headers=9,456,404@5.00GiB bodies=9,456,404@129.35GiB receipts=9,456,404@99.14GiB eta=50h16m46.667s
INFO [11-16|19:49:53.141] Syncing: chain download in progress      synced=13.82% chain=233.57GiB headers=9,457,722@5.00GiB bodies=9,457,722@129.40GiB receipts=9,457,722@99.18GiB eta=50h17m48.422s
INFO [11-16|19:50:01.177] Syncing: chain download in progress      synced=13.82% chain=233.67GiB headers=9,459,002@5.00GiB bodies=9,459,002@129.44GiB receipts=9,459,002@99.23GiB eta=50h18m51.294s
INFO [11-16|19:50:09.289] Syncing: chain download in progress      synced=13.83% chain=233.76GiB headers=9,460,195@5.00GiB bodies=9,460,195@129.49GiB receipts=9,460,195@99.27GiB eta=50h20m0.031s
INFO [11-16|19:50:17.305] Syncing: chain download in progress      synced=13.83% chain=233.86GiB headers=9,461,394@5.00GiB bodies=9,461,394@129.54GiB receipts=9,461,394@99.32GiB eta=50h21m6.801s
WARN [11-16|19:50:22.756] Pivot seemingly stale, moving            old=68,419,630 new=68,419,694
INFO [11-16|19:50:22.821] Syncing: state download in progress      synced=12.02% state=113.89GiB      accounts=80,912,392@13.51GiB slots=468,796,264@96.61GiB codes=497,361@3.76GiB eta=22h37m27.209s
INFO [11-16|19:50:25.384] Syncing: chain download in progress      synced=13.83% chain=233.95GiB headers=9,462,551@5.00GiB bodies=9,462,551@129.59GiB receipts=9,462,551@99.36GiB eta=50h22m16.960s
INFO [11-16|19:50:33.472] Syncing: chain download in progress      synced=13.83% chain=234.04GiB headers=9,463,729@5.00GiB bodies=9,463,729@129.63GiB receipts=9,463,729@99.40GiB eta=50h23m25.912s
INFO [11-16|19:50:41.533] Syncing: chain download in progress      synced=13.83% chain=234.13GiB headers=9,464,910@5.00GiB bodies=9,464,910@129.68GiB receipts=9,464,910@99.45GiB eta=50h24m34.203s
INFO [11-16|19:50:49.683] Syncing: chain download in progress      synced=13.84% chain=234.22GiB headers=9,465,957@5.00GiB bodies=9,465,957@129.73GiB receipts=9,465,957@99.49GiB eta=50h25m51.039s
INFO [11-16|19:50:57.828] Syncing: chain download in progress      synced=13.84% chain=234.31GiB headers=9,466,878@5.00GiB bodies=9,466,878@129.78GiB receipts=9,466,878@99.53GiB eta=50h27m14.392s
INFO [11-16|19:51:05.950] Syncing: chain download in progress      synced=13.84% chain=234.40GiB headers=9,467,789@5.00GiB bodies=9,467,789@129.82GiB receipts=9,467,789@99.58GiB eta=50h28m37.891s
INFO [11-16|19:51:13.988] Syncing: chain download in progress      synced=13.84% chain=234.49GiB headers=9,468,664@5.00GiB bodies=9,468,664@129.87GiB receipts=9,468,664@99.62GiB eta=50h30m1.911s
INFO [11-16|19:51:22.161] Syncing: chain download in progress      synced=13.84% chain=234.59GiB headers=9,469,585@5.00GiB bodies=9,469,585@129.92GiB receipts=9,469,585@99.67GiB eta=50h31m25.609s
INFO [11-16|19:51:30.263] Syncing: chain download in progress      synced=13.84% chain=234.68GiB headers=9,470,574@5.00GiB bodies=9,470,574@129.97GiB receipts=9,470,574@99.71GiB eta=50h32m44.497s
INFO [11-16|19:51:38.281] Syncing: chain download in progress      synced=13.84% chain=234.78GiB headers=9,471,755@5.01GiB bodies=9,471,755@130.02GiB receipts=9,471,755@99.76GiB eta=50h33m51.766s
INFO [11-16|19:51:46.390] Syncing: chain download in progress      synced=13.85% chain=234.87GiB headers=9,473,065@5.01GiB bodies=9,473,065@130.06GiB receipts=9,473,065@99.80GiB eta=50h34m53.623s
INFO [11-16|19:51:54.429] Syncing: chain download in progress      synced=13.85% chain=234.97GiB headers=9,474,489@5.01GiB bodies=9,474,489@130.11GiB receipts=9,474,489@99.85GiB eta=50h35m48.169s
INFO [11-16|19:52:02.452] Syncing: chain download in progress      synced=13.85% chain=235.06GiB headers=9,476,082@5.01GiB bodies=9,476,082@130.16GiB receipts=9,476,082@99.89GiB eta=50h36m33.466s
INFO [11-16|19:52:10.475] Syncing: chain download in progress      synced=13.85% chain=235.15GiB headers=9,477,450@5.01GiB bodies=9,477,450@130.21GiB receipts=9,477,450@99.93GiB eta=50h37m30.715s
INFO [11-16|19:52:18.591] Syncing: chain download in progress      synced=13.85% chain=235.24GiB headers=9,478,845@5.01GiB bodies=9,478,845@130.25GiB receipts=9,478,845@99.98GiB eta=50h38m27.936s
INFO [11-16|19:52:26.712] Syncing: chain download in progress      synced=13.86% chain=235.33GiB headers=9,480,089@5.01GiB bodies=9,480,089@130.30GiB receipts=9,480,089@100.02GiB eta=50h39m33.224s
INFO [11-16|19:52:34.784] Syncing: chain download in progress      synced=13.86% chain=235.42GiB headers=9,481,058@5.01GiB bodies=9,481,058@130.35GiB receipts=9,481,058@100.07GiB eta=50h40m52.268s
INFO [11-16|19:52:42.884] Syncing: chain download in progress      synced=13.86% chain=235.52GiB headers=9,482,021@5.01GiB bodies=9,482,021@130.40GiB receipts=9,482,021@100.11GiB eta=50h42m12.036s
INFO [11-16|19:52:51.016] Syncing: chain download in progress      synced=13.86% chain=235.60GiB headers=9,482,982@5.01GiB bodies=9,482,982@130.44GiB receipts=9,482,982@100.15GiB eta=50h43m32.396s
INFO [11-16|19:52:59.092] Syncing: chain download in progress      synced=13.86% chain=235.70GiB headers=9,484,080@5.01GiB bodies=9,484,080@130.49GiB receipts=9,484,080@100.20GiB eta=50h44m44.549s
INFO [11-16|19:53:07.109] Syncing: chain download in progress      synced=13.86% chain=235.79GiB headers=9,485,175@5.01GiB bodies=9,485,175@130.53GiB receipts=9,485,175@100.24GiB eta=50h45m55.825s
INFO [11-16|19:53:15.238] Syncing: chain download in progress      synced=13.86% chain=235.89GiB headers=9,486,368@5.01GiB bodies=9,486,368@130.58GiB receipts=9,486,368@100.29GiB eta=50h47m3.671s
WARN [11-16|19:53:16.844] Pivot seemingly stale, moving            old=68,419,694 new=68,419,758
INFO [11-16|19:53:16.845] Syncing: state download in progress      synced=12.02% state=113.89GiB      accounts=80,912,392@13.51GiB slots=468,796,264@96.61GiB codes=497,361@3.76GiB eta=22h51m30.733s
INFO [11-16|19:53:23.348] Syncing: chain download in progress      synced=13.87% chain=235.98GiB headers=9,487,466@5.01GiB bodies=9,487,466@130.63GiB receipts=9,487,466@100.33GiB eta=50h48m16.427s
INFO [11-16|19:53:31.453] Syncing: chain download in progress      synced=13.87% chain=236.07GiB headers=9,488,525@5.02GiB bodies=9,488,525@130.68GiB receipts=9,488,525@100.38GiB eta=50h49m30.870s
INFO [11-16|19:53:39.557] Syncing: chain download in progress      synced=13.87% chain=236.17GiB headers=9,489,624@5.02GiB bodies=9,489,624@130.73GiB receipts=9,489,624@100.43GiB eta=50h50m43.183s
INFO [11-16|19:53:47.636] Syncing: chain download in progress      synced=13.87% chain=236.27GiB headers=9,490,737@5.02GiB bodies=9,490,737@130.78GiB receipts=9,490,737@100.47GiB eta=50h51m54.271s
INFO [11-16|19:53:55.658] Syncing: chain download in progress      synced=13.87% chain=236.37GiB headers=9,491,934@5.02GiB bodies=9,491,934@130.83GiB receipts=9,491,934@100.52GiB eta=50h52m59.910s
INFO [11-16|19:54:03.704] Syncing: chain download in progress      synced=13.87% chain=236.46GiB headers=9,492,937@5.02GiB bodies=9,492,937@130.88GiB receipts=9,492,937@100.57GiB eta=50h54m16.225s
INFO [11-16|19:54:11.814] Syncing: chain download in progress      synced=13.88% chain=236.56GiB headers=9,493,898@5.02GiB bodies=9,493,898@130.93GiB receipts=9,493,898@100.61GiB eta=50h55m35.733s
INFO [11-16|19:54:19.848] Syncing: chain download in progress      synced=13.88% chain=236.65GiB headers=9,494,792@5.02GiB bodies=9,494,792@130.98GiB receipts=9,494,792@100.65GiB eta=50h56m57.568s
INFO [11-16|19:54:27.863] Syncing: chain download in progress      synced=13.88% chain=236.75GiB headers=9,495,786@5.02GiB bodies=9,495,786@131.03GiB receipts=9,495,786@100.70GiB eta=50h58m13.727s
INFO [11-16|19:54:35.927] Syncing: chain download in progress      synced=13.88% chain=236.85GiB headers=9,496,795@5.02GiB bodies=9,496,795@131.08GiB receipts=9,496,795@100.74GiB eta=50h59m29.836s
INFO [11-16|19:54:43.939] Syncing: chain download in progress      synced=13.88% chain=236.94GiB headers=9,497,784@5.02GiB bodies=9,497,784@131.13GiB receipts=9,497,784@100.79GiB eta=51h0m46.123s
INFO [11-16|19:54:52.075] Syncing: chain download in progress      synced=13.88% chain=237.04GiB headers=9,498,665@5.02GiB bodies=9,498,665@131.18GiB receipts=9,498,665@100.83GiB eta=51h2m10.109s
INFO [11-16|19:55:00.187] Syncing: chain download in progress      synced=13.88% chain=237.13GiB headers=9,499,533@5.02GiB bodies=9,499,533@131.23GiB receipts=9,499,533@100.88GiB eta=51h3m34.368s
INFO [11-16|19:55:08.305] Syncing: chain download in progress      synced=13.89% chain=237.23GiB headers=9,500,449@5.02GiB bodies=9,500,449@131.29GiB receipts=9,500,449@100.92GiB eta=51h4m56.119s
INFO [11-16|19:55:16.431] Syncing: chain download in progress      synced=13.89% chain=237.32GiB headers=9,501,326@5.02GiB bodies=9,501,326@131.34GiB receipts=9,501,326@100.97GiB eta=51h6m19.991s
INFO [11-16|19:55:24.453] Syncing: chain download in progress      synced=13.89% chain=237.42GiB headers=9,502,309@5.02GiB bodies=9,502,309@131.39GiB receipts=9,502,309@101.01GiB eta=51h7m36.578s
INFO [11-16|19:55:32.543] Syncing: chain download in progress      synced=13.89% chain=237.52GiB headers=9,503,264@5.02GiB bodies=9,503,264@131.44GiB receipts=9,503,264@101.06GiB eta=51h8m55.666s
INFO [11-16|19:55:40.566] Syncing: chain download in progress      synced=13.89% chain=237.61GiB headers=9,504,317@5.02GiB bodies=9,504,317@131.48GiB receipts=9,504,317@101.10GiB eta=51h10m8.376s
INFO [11-16|19:55:48.608] Syncing: chain download in progress      synced=13.89% chain=237.70GiB headers=9,505,410@5.02GiB bodies=9,505,410@131.53GiB receipts=9,505,410@101.15GiB eta=51h11m19.249s
INFO [11-16|19:55:56.687] Syncing: chain download in progress      synced=13.89% chain=237.80GiB headers=9,506,584@5.03GiB bodies=9,506,584@131.58GiB receipts=9,506,584@101.19GiB eta=51h12m26.332s
INFO [11-16|19:56:04.717] Syncing: chain download in progress      synced=13.90% chain=237.89GiB headers=9,507,683@5.03GiB bodies=9,507,683@131.63GiB receipts=9,507,683@101.24GiB eta=51h13m36.533s
INFO [11-16|19:56:12.758] Syncing: chain download in progress      synced=13.90% chain=237.99GiB headers=9,508,742@5.03GiB bodies=9,508,742@131.68GiB receipts=9,508,742@101.28GiB eta=51h14m49.036s
INFO [11-16|19:56:20.768] Syncing: chain download in progress      synced=13.90% chain=238.08GiB headers=9,509,753@5.03GiB bodies=9,509,753@131.73GiB receipts=9,509,753@101.33GiB eta=51h16m3.572s
INFO [11-16|19:56:28.843] Syncing: chain download in progress      synced=13.90% chain=238.18GiB headers=9,510,795@5.03GiB bodies=9,510,795@131.77GiB receipts=9,510,795@101.37GiB eta=51h17m17.420s
WARN [11-16|19:56:29.966] Pivot seemingly stale, moving            old=68,419,758 new=68,419,822
INFO [11-16|19:56:29.967] Syncing: state download in progress      synced=12.02% state=113.89GiB      accounts=80,912,392@13.51GiB slots=468,796,264@96.61GiB codes=497,361@3.76GiB eta=23h22m12.706s
INFO [11-16|19:56:36.853] Syncing: chain download in progress      synced=13.90% chain=238.27GiB headers=9,511,814@5.03GiB bodies=9,511,814@131.82GiB receipts=9,511,814@101.42GiB eta=51h18m31.655s
INFO [11-16|19:56:44.954] Syncing: chain download in progress      synced=13.90% chain=238.36GiB headers=9,512,875@5.03GiB bodies=9,512,875@131.87GiB receipts=9,512,875@101.46GiB eta=51h19m44.848s
INFO [11-16|19:56:53.027] Syncing: chain download in progress      synced=13.91% chain=238.46GiB headers=9,514,000@5.03GiB bodies=9,514,000@131.92GiB receipts=9,514,000@101.51GiB eta=51h20m54.127s
INFO [11-16|19:57:01.058] Syncing: chain download in progress      synced=13.91% chain=238.55GiB headers=9,515,099@5.03GiB bodies=9,515,099@131.97GiB receipts=9,515,099@101.55GiB eta=51h22m4.073s
INFO [11-16|19:57:09.169] Syncing: chain download in progress      synced=13.91% chain=238.64GiB headers=9,516,211@5.03GiB bodies=9,516,211@132.01GiB receipts=9,516,211@101.60GiB eta=51h23m14.506s
INFO [11-16|19:57:17.243] Syncing: chain download in progress      synced=13.91% chain=238.74GiB headers=9,517,213@5.03GiB bodies=9,517,213@132.06GiB receipts=9,517,213@101.64GiB eta=51h24m30.230s
INFO [11-16|19:57:25.380] Syncing: chain download in progress      synced=13.91% chain=238.83GiB headers=9,518,134@5.03GiB bodies=9,518,134@132.11GiB receipts=9,518,134@101.69GiB eta=51h25m51.212s
INFO [11-16|19:57:33.442] Syncing: chain download in progress      synced=13.91% chain=238.93GiB headers=9,519,138@5.03GiB bodies=9,519,138@132.16GiB receipts=9,519,138@101.73GiB eta=51h27m6.571s
INFO [11-16|19:57:41.512] Syncing: chain download in progress      synced=13.91% chain=239.02GiB headers=9,520,134@5.03GiB bodies=9,520,134@132.21GiB receipts=9,520,134@101.78GiB eta=51h28m22.364s
INFO [11-16|19:57:49.561] Syncing: chain download in progress      synced=13.92% chain=239.12GiB headers=9,521,104@5.03GiB bodies=9,521,104@132.26GiB receipts=9,521,104@101.83GiB eta=51h29m39.238s
INFO [11-16|19:57:57.579] Syncing: chain download in progress      synced=13.92% chain=239.21GiB headers=9,522,030@5.03GiB bodies=9,522,030@132.31GiB receipts=9,522,030@101.87GiB eta=51h30m57.897s
INFO [11-16|19:58:05.619] Syncing: chain download in progress      synced=13.92% chain=239.31GiB headers=9,522,992@5.04GiB bodies=9,522,992@132.36GiB receipts=9,522,992@101.91GiB eta=51h32m14.909s
INFO [11-16|19:58:13.694] Syncing: chain download in progress      synced=13.92% chain=239.41GiB headers=9,523,865@5.04GiB bodies=9,523,865@132.42GiB receipts=9,523,865@101.96GiB eta=51h33m37.263s
INFO [11-16|19:58:21.780] Syncing: chain download in progress      synced=13.92% chain=239.51GiB headers=9,524,662@5.04GiB bodies=9,524,662@132.47GiB receipts=9,524,662@102.00GiB eta=51h35m3.742s
INFO [11-16|19:58:29.840] Syncing: chain download in progress      synced=13.92% chain=239.62GiB headers=9,525,545@5.04GiB bodies=9,525,545@132.53GiB receipts=9,525,545@102.05GiB eta=51h36m25.235s
INFO [11-16|19:58:37.968] Syncing: chain download in progress      synced=13.92% chain=239.72GiB headers=9,526,413@5.04GiB bodies=9,526,413@132.59GiB receipts=9,526,413@102.09GiB eta=51h37m48.482s
INFO [11-16|19:58:46.011] Syncing: chain download in progress      synced=13.92% chain=239.81GiB headers=9,527,207@5.04GiB bodies=9,527,207@132.64GiB receipts=9,527,207@102.13GiB eta=51h39m14.374s
INFO [11-16|19:58:54.146] Syncing: chain download in progress      synced=13.93% chain=239.91GiB headers=9,528,058@5.04GiB bodies=9,528,058@132.69GiB receipts=9,528,058@102.18GiB eta=51h40m38.611s
INFO [11-16|19:59:02.256] Syncing: chain download in progress      synced=13.93% chain=240.01GiB headers=9,528,920@5.04GiB bodies=9,528,920@132.75GiB receipts=9,528,920@102.22GiB eta=51h42m1.810s
INFO [11-16|19:59:10.321] Syncing: chain download in progress      synced=13.93% chain=240.11GiB headers=9,529,825@5.04GiB bodies=9,529,825@132.80GiB receipts=9,529,825@102.27GiB eta=51h43m21.925s
INFO [11-16|19:59:18.390] Syncing: chain download in progress      synced=13.93% chain=240.20GiB headers=9,530,737@5.04GiB bodies=9,530,737@132.85GiB receipts=9,530,737@102.31GiB eta=51h44m41.722s
INFO [11-16|19:59:26.510] Syncing: chain download in progress      synced=13.93% chain=240.29GiB headers=9,531,714@5.04GiB bodies=9,531,714@132.90GiB receipts=9,531,714@102.36GiB eta=51h45m58.778s
INFO [11-16|19:59:34.554] Syncing: chain download in progress      synced=13.93% chain=240.39GiB headers=9,532,667@5.04GiB bodies=9,532,667@132.94GiB receipts=9,532,667@102.40GiB eta=51h47m15.908s
INFO [11-16|19:59:42.580] Syncing: chain download in progress      synced=13.93% chain=240.48GiB headers=9,533,568@5.04GiB bodies=9,533,568@132.99GiB receipts=9,533,568@102.45GiB eta=51h48m35.496s
INFO [11-16|19:59:50.679] Syncing: chain download in progress      synced=13.94% chain=240.57GiB headers=9,534,468@5.04GiB bodies=9,534,468@133.04GiB receipts=9,534,468@102.49GiB eta=51h49m56.204s
INFO [11-16|19:59:58.714] Syncing: chain download in progress      synced=13.94% chain=240.67GiB headers=9,535,382@5.04GiB bodies=9,535,382@133.09GiB receipts=9,535,382@102.53GiB eta=51h51m15.157s
WARN [11-16|20:00:00.219] Pivot seemingly stale, moving            old=68,419,822 new=68,419,886
INFO [11-16|20:00:00.249] Syncing: state download in progress      synced=12.02% state=113.89GiB      accounts=80,912,392@13.51GiB slots=468,796,264@96.61GiB codes=497,361@3.76GiB eta=23h35m39.973s
INFO [11-16|20:00:06.812] Syncing: chain download in progress      synced=13.94% chain=240.76GiB headers=9,536,238@5.04GiB bodies=9,536,238@133.14GiB receipts=9,536,238@102.58GiB eta=51h52m38.322s
INFO [11-16|20:00:14.879] Syncing: chain download in progress      synced=13.94% chain=240.86GiB headers=9,537,107@5.04GiB bodies=9,537,107@133.19GiB receipts=9,537,107@102.62GiB eta=51h54m0.062s
INFO [11-16|20:00:22.972] Syncing: chain download in progress      synced=13.94% chain=240.95GiB headers=9,538,004@5.04GiB bodies=9,538,004@133.24GiB receipts=9,538,004@102.67GiB eta=51h55m20.711s
INFO [11-16|20:00:31.025] Syncing: chain download in progress      synced=13.94% chain=241.05GiB headers=9,538,894@5.04GiB bodies=9,538,894@133.29GiB receipts=9,538,894@102.71GiB eta=51h56m41.025s
INFO [11-16|20:00:39.167] Syncing: chain download in progress      synced=13.94% chain=241.14GiB headers=9,539,760@5.04GiB bodies=9,539,760@133.34GiB receipts=9,539,760@102.76GiB eta=51h58m4.063s
INFO [11-16|20:00:47.189] Syncing: chain download in progress      synced=13.94% chain=241.23GiB headers=9,540,577@5.05GiB bodies=9,540,577@133.39GiB receipts=9,540,577@102.80GiB eta=51h59m27.725s
INFO [11-16|20:00:55.311] Syncing: chain download in progress      synced=13.95% chain=241.32GiB headers=9,541,467@5.05GiB bodies=9,541,467@133.44GiB receipts=9,541,467@102.84GiB eta=52h0m48.975s
INFO [11-16|20:01:03.322] Syncing: chain download in progress      synced=13.95% chain=241.42GiB headers=9,542,392@5.05GiB bodies=9,542,392@133.49GiB receipts=9,542,392@102.89GiB eta=52h2m6.577s
INFO [11-16|20:01:11.414] Syncing: chain download in progress      synced=13.95% chain=241.52GiB headers=9,543,291@5.05GiB bodies=9,543,291@133.54GiB receipts=9,543,291@102.93GiB eta=52h3m26.851s
INFO [11-16|20:01:19.464] Syncing: chain download in progress      synced=13.95% chain=241.62GiB headers=9,544,196@5.05GiB bodies=9,544,196@133.59GiB receipts=9,544,196@102.98GiB eta=52h4m46.043s
INFO [11-16|20:01:27.478] Syncing: chain download in progress      synced=13.95% chain=241.71GiB headers=9,545,053@5.05GiB bodies=9,545,053@133.64GiB receipts=9,545,053@103.02GiB eta=52h6m7.269s
INFO [11-16|20:01:35.604] Syncing: chain download in progress      synced=13.95% chain=241.81GiB headers=9,545,962@5.05GiB bodies=9,545,962@133.69GiB receipts=9,545,962@103.07GiB eta=52h7m27.386s
INFO [11-16|20:01:43.608] Syncing: chain download in progress      synced=13.95% chain=241.90GiB headers=9,546,752@5.05GiB bodies=9,546,752@133.74GiB receipts=9,546,752@103.11GiB eta=52h8m51.941s
INFO [11-16|20:01:51.734] Syncing: chain download in progress      synced=13.95% chain=242.00GiB headers=9,547,615@5.05GiB bodies=9,547,615@133.79GiB receipts=9,547,615@103.16GiB eta=52h10m14.436s
INFO [11-16|20:01:59.776] Syncing: chain download in progress      synced=13.96% chain=242.10GiB headers=9,548,446@5.05GiB bodies=9,548,446@133.85GiB receipts=9,548,446@103.20GiB eta=52h11m37.266s
INFO [11-16|20:02:07.815] Syncing: chain download in progress      synced=13.96% chain=242.19GiB headers=9,549,199@5.05GiB bodies=9,549,199@133.89GiB receipts=9,549,199@103.25GiB eta=52h13m4.288s
INFO [11-16|20:02:15.844] Syncing: chain download in progress      synced=13.96% chain=242.29GiB headers=9,550,131@5.05GiB bodies=9,550,131@133.95GiB receipts=9,550,131@103.30GiB eta=52h14m21.433s
INFO [11-16|20:02:23.970] Syncing: chain download in progress      synced=13.96% chain=242.39GiB headers=9,551,060@5.05GiB bodies=9,551,060@134.00GiB receipts=9,551,060@103.34GiB eta=52h15m40.176s
INFO [11-16|20:02:32.052] Syncing: chain download in progress      synced=13.96% chain=242.49GiB headers=9,551,991@5.05GiB bodies=9,551,991@134.06GiB receipts=9,551,991@103.38GiB eta=52h16m58.144s
INFO [11-16|20:02:40.144] Syncing: chain download in progress      synced=13.96% chain=242.59GiB headers=9,552,937@5.05GiB bodies=9,552,937@134.11GiB receipts=9,552,937@103.43GiB eta=52h18m15.413s
INFO [11-16|20:02:48.391] Syncing: chain download in progress      synced=13.96% chain=242.69GiB headers=9,553,891@5.05GiB bodies=9,553,891@134.16GiB receipts=9,553,891@103.47GiB eta=52h19m34.598s
INFO [11-16|20:02:56.522] Syncing: chain download in progress      synced=13.96% chain=242.78GiB headers=9,554,802@5.05GiB bodies=9,554,802@134.21GiB receipts=9,554,802@103.51GiB eta=52h20m54.270s
INFO [11-16|20:03:04.653] Syncing: chain download in progress      synced=13.97% chain=242.88GiB headers=9,555,800@5.05GiB bodies=9,555,800@134.26GiB receipts=9,555,800@103.56GiB eta=52h22m9.247s
INFO [11-16|20:03:12.761] Syncing: chain download in progress      synced=13.97% chain=242.97GiB headers=9,556,797@5.05GiB bodies=9,556,797@134.31GiB receipts=9,556,797@103.61GiB eta=52h23m23.812s
INFO [11-16|20:03:20.811] Syncing: chain download in progress      synced=13.97% chain=243.07GiB headers=9,557,439@5.05GiB bodies=9,557,439@134.36GiB receipts=9,557,439@103.66GiB eta=52h24m56.582s
INFO [11-16|20:03:28.891] Syncing: chain download in progress      synced=13.97% chain=243.14GiB headers=9,558,000@5.05GiB bodies=9,558,000@134.39GiB receipts=9,558,000@103.69GiB eta=52h26m34.142s
INFO [11-16|20:03:37.025] Syncing: chain download in progress      synced=13.97% chain=243.26GiB headers=9,558,647@5.06GiB bodies=9,558,647@134.45GiB receipts=9,558,647@103.75GiB eta=52h28m7.893s
INFO [11-16|20:03:45.153] Syncing: chain download in progress      synced=13.97% chain=243.35GiB headers=9,559,644@5.06GiB bodies=9,559,644@134.50GiB receipts=9,559,644@103.80GiB eta=52h29m22.625s
WARN [11-16|20:03:48.374] Pivot seemingly stale, moving            old=68,419,886 new=68,419,950
INFO [11-16|20:03:48.376] Syncing: state download in progress      synced=12.02% state=113.89GiB      accounts=80,912,392@13.51GiB slots=468,796,264@96.61GiB codes=497,361@3.76GiB eta=24h5m46.942s
INFO [11-16|20:03:53.201] Syncing: chain download in progress      synced=13.97% chain=243.44GiB headers=9,560,587@5.06GiB bodies=9,560,587@134.54GiB receipts=9,560,587@103.84GiB eta=52h30m39.145s
INFO [11-16|20:04:01.325] Syncing: chain download in progress      synced=13.97% chain=243.54GiB headers=9,561,536@5.06GiB bodies=9,561,536@134.59GiB receipts=9,561,536@103.89GiB eta=52h31m56.321s
INFO [11-16|20:04:09.426] Syncing: chain download in progress      synced=13.98% chain=243.63GiB headers=9,562,461@5.06GiB bodies=9,562,461@134.64GiB receipts=9,562,461@103.93GiB eta=52h33m14.396s
INFO [11-16|20:04:17.476] Syncing: chain download in progress      synced=13.98% chain=243.73GiB headers=9,563,391@5.06GiB bodies=9,563,391@134.69GiB receipts=9,563,391@103.98GiB eta=52h34m31.334s
INFO [11-16|20:04:25.514] Syncing: chain download in progress      synced=13.98% chain=243.82GiB headers=9,564,322@5.06GiB bodies=9,564,322@134.74GiB receipts=9,564,322@104.02GiB eta=52h35m47.972s
INFO [11-16|20:04:33.711] Syncing: chain download in progress      synced=13.98% chain=243.92GiB headers=9,565,278@5.06GiB bodies=9,565,278@134.79GiB receipts=9,565,278@104.07GiB eta=52h37m5.762s
INFO [11-16|20:04:41.786] Syncing: chain download in progress      synced=13.98% chain=244.02GiB headers=9,566,198@5.06GiB bodies=9,566,198@134.84GiB receipts=9,566,198@104.12GiB eta=52h38m23.490s
INFO [11-16|20:04:49.887] Syncing: chain download in progress      synced=13.98% chain=244.11GiB headers=9,567,114@5.06GiB bodies=9,567,114@134.89GiB receipts=9,567,114@104.16GiB eta=52h39m41.816s
INFO [11-16|20:04:57.926] Syncing: chain download in progress      synced=13.98% chain=244.21GiB headers=9,568,015@5.06GiB bodies=9,568,015@134.94GiB receipts=9,568,015@104.21GiB eta=52h40m59.953s
INFO [11-16|20:05:06.028] Syncing: chain download in progress      synced=13.99% chain=244.30GiB headers=9,568,924@5.06GiB bodies=9,568,924@134.99GiB receipts=9,568,924@104.25GiB eta=52h42m18.591s
INFO [11-16|20:05:14.034] Syncing: chain download in progress      synced=13.99% chain=244.40GiB headers=9,569,846@5.06GiB bodies=9,569,846@135.04GiB receipts=9,569,846@104.29GiB eta=52h43m34.948s
INFO [11-16|20:05:22.056] Syncing: chain download in progress      synced=13.99% chain=244.49GiB headers=9,570,735@5.06GiB bodies=9,570,735@135.09GiB receipts=9,570,735@104.34GiB eta=52h44m53.352s
INFO [11-16|20:05:30.075] Syncing: chain download in progress      synced=13.99% chain=244.59GiB headers=9,571,637@5.06GiB bodies=9,571,637@135.14GiB receipts=9,571,637@104.38GiB eta=52h46m10.946s
INFO [11-16|20:05:38.160] Syncing: chain download in progress      synced=13.99% chain=244.68GiB headers=9,572,523@5.06GiB bodies=9,572,523@135.19GiB receipts=9,572,523@104.43GiB eta=52h47m30.354s
INFO [11-16|20:05:46.190] Syncing: chain download in progress      synced=13.99% chain=244.78GiB headers=9,573,404@5.06GiB bodies=9,573,404@135.24GiB receipts=9,573,404@104.47GiB eta=52h48m49.188s
INFO [11-16|20:05:54.229] Syncing: chain download in progress      synced=13.99% chain=244.88GiB headers=9,574,339@5.06GiB bodies=9,574,339@135.30GiB receipts=9,574,339@104.52GiB eta=52h50m5.197s
INFO [11-16|20:06:02.234] Syncing: chain download in progress      synced=13.99% chain=244.98GiB headers=9,575,287@5.06GiB bodies=9,575,287@135.35GiB receipts=9,575,287@104.57GiB eta=52h51m19.925s
INFO [11-16|20:06:10.247] Syncing: chain download in progress      synced=14.00% chain=245.08GiB headers=9,576,174@5.07GiB bodies=9,576,174@135.40GiB receipts=9,576,174@104.61GiB eta=52h52m38.026s
INFO [11-16|20:06:18.328] Syncing: chain download in progress      synced=14.00% chain=245.19GiB headers=9,577,153@5.07GiB bodies=9,577,153@135.46GiB receipts=9,577,153@104.66GiB eta=52h53m52.120s
INFO [11-16|20:06:26.460] Syncing: chain download in progress      synced=14.00% chain=245.29GiB headers=9,578,074@5.07GiB bodies=9,578,074@135.52GiB receipts=9,578,074@104.70GiB eta=52h55m10.164s
INFO [11-16|20:06:34.478] Syncing: chain download in progress      synced=14.00% chain=245.39GiB headers=9,579,018@5.07GiB bodies=9,579,018@135.58GiB receipts=9,579,018@104.75GiB eta=52h56m25.131s
INFO [11-16|20:06:42.583] Syncing: chain download in progress      synced=14.00% chain=245.48GiB headers=9,579,933@5.07GiB bodies=9,579,933@135.63GiB receipts=9,579,933@104.79GiB eta=52h57m43.014s
INFO [11-16|20:06:50.682] Syncing: chain download in progress      synced=14.00% chain=245.58GiB headers=9,580,888@5.07GiB bodies=9,580,888@135.68GiB receipts=9,580,888@104.83GiB eta=52h58m58.587s
INFO [11-16|20:06:58.788] Syncing: chain download in progress      synced=14.00% chain=245.68GiB headers=9,581,820@5.07GiB bodies=9,581,820@135.73GiB receipts=9,581,820@104.88GiB eta=53h0m15.409s
INFO [11-16|20:07:06.791] Syncing: chain download in progress      synced=14.01% chain=245.77GiB headers=9,582,712@5.07GiB bodies=9,582,712@135.78GiB receipts=9,582,712@104.92GiB eta=53h1m32.829s
INFO [11-16|20:07:14.834] Syncing: chain download in progress      synced=14.01% chain=245.86GiB headers=9,583,590@5.07GiB bodies=9,583,590@135.83GiB receipts=9,583,590@104.96GiB eta=53h2m51.527s
INFO [11-16|20:07:22.951] Syncing: chain download in progress      synced=14.01% chain=245.95GiB headers=9,584,512@5.07GiB bodies=9,584,512@135.88GiB receipts=9,584,512@105.01GiB eta=53h4m8.963s
WARN [11-16|20:07:26.510] Pivot seemingly stale, moving            old=68,419,950 new=68,420,014
INFO [11-16|20:07:26.596] Syncing: state download in progress      synced=12.02% state=113.89GiB      accounts=80,912,392@13.51GiB slots=468,796,264@96.61GiB codes=497,361@3.76GiB eta=24h36m3.817s
INFO [11-16|20:07:31.072] Syncing: chain download in progress      synced=14.01% chain=246.05GiB headers=9,585,498@5.07GiB bodies=9,585,498@135.93GiB receipts=9,585,498@105.05GiB eta=53h5m23.219s
INFO [11-16|20:07:39.210] Syncing: chain download in progress      synced=14.01% chain=246.15GiB headers=9,586,422@5.07GiB bodies=9,586,422@135.98GiB receipts=9,586,422@105.10GiB eta=53h6m40.819s
INFO [11-16|20:07:47.288] Syncing: chain download in progress      synced=14.01% chain=246.24GiB headers=9,587,280@5.07GiB bodies=9,587,280@136.02GiB receipts=9,587,280@105.14GiB eta=53h8m0.985s
INFO [11-16|20:07:55.329] Syncing: chain download in progress      synced=14.01% chain=246.34GiB headers=9,588,207@5.07GiB bodies=9,588,207@136.08GiB receipts=9,588,207@105.19GiB eta=53h9m16.806s
INFO [11-16|20:08:03.334] Syncing: chain download in progress      synced=14.02% chain=246.43GiB headers=9,589,126@5.07GiB bodies=9,589,126@136.13GiB receipts=9,589,126@105.23GiB eta=53h10m32.473s
INFO [11-16|20:08:11.382] Syncing: chain download in progress      synced=14.02% chain=246.53GiB headers=9,590,097@5.07GiB bodies=9,590,097@136.18GiB receipts=9,590,097@105.28GiB eta=53h11m45.969s
INFO [11-16|20:08:19.470] Syncing: chain download in progress      synced=14.02% chain=246.62GiB headers=9,591,084@5.07GiB bodies=9,591,084@136.23GiB receipts=9,591,084@105.32GiB eta=53h12m59.116s
INFO [11-16|20:08:27.527] Syncing: chain download in progress      synced=14.02% chain=246.72GiB headers=9,592,162@5.07GiB bodies=9,592,162@136.28GiB receipts=9,592,162@105.37GiB eta=53h14m6.846s
INFO [11-16|20:08:35.549] Syncing: chain download in progress      synced=14.02% chain=246.81GiB headers=9,593,315@5.08GiB bodies=9,593,315@136.33GiB receipts=9,593,315@105.41GiB eta=53h15m9.917s
INFO [11-16|20:08:43.578] Syncing: chain download in progress      synced=14.02% chain=246.91GiB headers=9,594,526@5.08GiB bodies=9,594,526@136.38GiB receipts=9,594,526@105.46GiB eta=53h16m9.855s
INFO [11-16|20:08:51.673] Syncing: chain download in progress      synced=14.02% chain=247.01GiB headers=9,595,796@5.08GiB bodies=9,595,796@136.43GiB receipts=9,595,796@105.50GiB eta=53h17m7.598s
INFO [11-16|20:08:59.705] Syncing: chain download in progress      synced=14.03% chain=247.10GiB headers=9,596,977@5.08GiB bodies=9,596,977@136.48GiB receipts=9,596,977@105.55GiB eta=53h18m9.158s
INFO [11-16|20:09:07.818] Syncing: chain download in progress      synced=14.03% chain=247.21GiB headers=9,598,190@5.08GiB bodies=9,598,190@136.53GiB receipts=9,598,190@105.60GiB eta=53h19m10.199s
INFO [11-16|20:09:15.820] Syncing: chain download in progress      synced=14.03% chain=247.30GiB headers=9,599,245@5.08GiB bodies=9,599,245@136.58GiB receipts=9,599,245@105.64GiB eta=53h20m18.047s
INFO [11-16|20:09:23.874] Syncing: chain download in progress      synced=14.03% chain=247.41GiB headers=9,600,382@5.08GiB bodies=9,600,382@136.64GiB receipts=9,600,382@105.69GiB eta=53h21m22.213s
INFO [11-16|20:09:31.909] Syncing: chain download in progress      synced=14.03% chain=247.51GiB headers=9,601,483@5.08GiB bodies=9,601,483@136.69GiB receipts=9,601,483@105.74GiB eta=53h22m27.965s
INFO [11-16|20:09:39.946] Syncing: chain download in progress      synced=14.03% chain=247.60GiB headers=9,602,271@5.08GiB bodies=9,602,271@136.74GiB receipts=9,602,271@105.78GiB eta=53h23m50.735s
INFO [11-16|20:09:48.003] Syncing: chain download in progress      synced=14.04% chain=247.70GiB headers=9,603,282@5.08GiB bodies=9,603,282@136.79GiB receipts=9,603,282@105.83GiB eta=53h25m1.658s
INFO [11-16|20:09:56.043] Syncing: chain download in progress      synced=14.04% chain=247.80GiB headers=9,604,188@5.08GiB bodies=9,604,188@136.84GiB receipts=9,604,188@105.88GiB eta=53h26m17.979s
INFO [11-16|20:10:04.096] Syncing: chain download in progress      synced=14.04% chain=247.90GiB headers=9,605,138@5.08GiB bodies=9,605,138@136.89GiB receipts=9,605,138@105.93GiB eta=53h27m32.037s
INFO [11-16|20:10:12.182] Syncing: chain download in progress      synced=14.04% chain=247.99GiB headers=9,605,980@5.08GiB bodies=9,605,980@136.94GiB receipts=9,605,980@105.97GiB eta=53h28m52.504s
INFO [11-16|20:10:20.249] Syncing: chain download in progress      synced=14.04% chain=248.08GiB headers=9,606,885@5.08GiB bodies=9,606,885@136.98GiB receipts=9,606,885@106.01GiB eta=53h30m9.174s
INFO [11-16|20:10:28.306] Syncing: chain download in progress      synced=14.04% chain=248.17GiB headers=9,607,858@5.08GiB bodies=9,607,858@137.03GiB receipts=9,607,858@106.06GiB eta=53h31m21.914s
INFO [11-16|20:10:36.374] Syncing: chain download in progress      synced=14.04% chain=248.27GiB headers=9,609,030@5.08GiB bodies=9,609,030@137.08GiB receipts=9,609,030@106.10GiB eta=53h32m24.060s
WARN [11-16|20:10:40.681] Pivot seemingly stale, moving            old=68,420,014 new=68,420,078
INFO [11-16|20:10:40.685] Syncing: state download in progress      synced=12.02% state=113.89GiB      accounts=80,912,392@13.51GiB slots=468,796,264@96.61GiB codes=497,361@3.76GiB eta=25h6m44.824s
INFO [11-16|20:10:44.418] Syncing: chain download in progress      synced=14.05% chain=248.36GiB headers=9,610,159@5.08GiB bodies=9,610,159@137.12GiB receipts=9,610,159@106.15GiB eta=53h33m28.260s
INFO [11-16|20:10:52.516] Syncing: chain download in progress      synced=14.05% chain=248.45GiB headers=9,611,378@5.09GiB bodies=9,611,378@137.17GiB receipts=9,611,378@106.19GiB eta=53h34m28.130s
INFO [11-16|20:11:00.621] Syncing: chain download in progress      synced=14.05% chain=248.54GiB headers=9,612,637@5.09GiB bodies=9,612,637@137.21GiB receipts=9,612,637@106.24GiB eta=53h35m25.984s
INFO [11-16|20:11:08.633] Syncing: chain download in progress      synced=14.05% chain=248.61GiB headers=9,613,042@5.09GiB bodies=9,613,042@137.25GiB receipts=9,613,042@106.28GiB eta=53h37m8.685s
INFO [11-16|20:11:16.700] Syncing: chain download in progress      synced=14.05% chain=248.71GiB headers=9,614,126@5.09GiB bodies=9,614,126@137.30GiB receipts=9,614,126@106.33GiB eta=53h38m15.341s
INFO [11-16|20:11:24.737] Syncing: chain download in progress      synced=14.05% chain=248.81GiB headers=9,615,570@5.09GiB bodies=9,615,570@137.35GiB receipts=9,615,570@106.37GiB eta=53h39m1.877s
INFO [11-16|20:11:32.884] Syncing: chain download in progress      synced=14.06% chain=248.91GiB headers=9,616,847@5.09GiB bodies=9,616,847@137.40GiB receipts=9,616,847@106.42GiB eta=53h39m59.191s
INFO [11-16|20:11:40.918] Syncing: chain download in progress      synced=14.06% chain=249.00GiB headers=9,618,139@5.09GiB bodies=9,618,139@137.45GiB receipts=9,618,139@106.47GiB eta=53h40m53.866s
INFO [11-16|20:11:48.926] Syncing: chain download in progress      synced=14.06% chain=249.10GiB headers=9,619,288@5.09GiB bodies=9,619,288@137.49GiB receipts=9,619,288@106.51GiB eta=53h41m55.888s
INFO [11-16|20:11:57.048] Syncing: chain download in progress      synced=14.06% chain=249.19GiB headers=9,620,487@5.09GiB bodies=9,620,487@137.54GiB receipts=9,620,487@106.56GiB eta=53h42m56.919s
INFO [11-16|20:12:05.187] Syncing: chain download in progress      synced=14.06% chain=249.29GiB headers=9,621,577@5.09GiB bodies=9,621,577@137.59GiB receipts=9,621,577@106.60GiB eta=53h44m4.069s
INFO [11-16|20:12:13.196] Syncing: chain download in progress      synced=14.06% chain=249.38GiB headers=9,622,743@5.09GiB bodies=9,622,743@137.64GiB receipts=9,622,743@106.65GiB eta=53h45m5.086s
INFO [11-16|20:12:21.198] Syncing: chain download in progress      synced=14.07% chain=249.47GiB headers=9,623,951@5.09GiB bodies=9,623,951@137.69GiB receipts=9,623,951@106.69GiB eta=53h46m3.611s
INFO [11-16|20:12:29.312] Syncing: chain download in progress      synced=14.07% chain=249.57GiB headers=9,625,267@5.09GiB bodies=9,625,267@137.73GiB receipts=9,625,267@106.74GiB eta=53h46m57.956s
INFO [11-16|20:12:37.335] Syncing: chain download in progress      synced=14.07% chain=249.67GiB headers=9,626,538@5.09GiB bodies=9,626,538@137.78GiB receipts=9,626,538@106.79GiB eta=53h47m53.328s
INFO [11-16|20:12:45.380] Syncing: chain download in progress      synced=14.07% chain=249.76GiB headers=9,627,686@5.09GiB bodies=9,627,686@137.83GiB receipts=9,627,686@106.83GiB eta=53h48m55.629s
INFO [11-16|20:12:53.429] Syncing: chain download in progress      synced=14.07% chain=249.85GiB headers=9,628,777@5.10GiB bodies=9,628,777@137.88GiB receipts=9,628,777@106.88GiB eta=53h50m1.114s
INFO [11-16|20:13:01.572] Syncing: chain download in progress      synced=14.07% chain=249.95GiB headers=9,629,942@5.10GiB bodies=9,629,942@137.93GiB receipts=9,629,942@106.92GiB eta=53h51m3.942s
INFO [11-16|20:13:09.675] Syncing: chain download in progress      synced=14.08% chain=250.05GiB headers=9,630,901@5.10GiB bodies=9,630,901@137.98GiB receipts=9,630,901@106.97GiB eta=53h52m17.382s
INFO [11-16|20:13:17.697] Syncing: chain download in progress      synced=14.08% chain=250.14GiB headers=9,631,780@5.10GiB bodies=9,631,780@138.03GiB receipts=9,631,780@107.02GiB eta=53h53m33.787s
INFO [11-16|20:13:25.744] Syncing: chain download in progress      synced=14.08% chain=250.24GiB headers=9,632,690@5.10GiB bodies=9,632,690@138.08GiB receipts=9,632,690@107.06GiB eta=53h54m48.912s
INFO [11-16|20:13:33.779] Syncing: chain download in progress      synced=14.08% chain=250.34GiB headers=9,633,481@5.10GiB bodies=9,633,481@138.13GiB receipts=9,633,481@107.11GiB eta=53h56m10.307s
WARN [11-16|20:13:40.835] Pivot seemingly stale, moving            old=68,420,078 new=68,420,142
INFO [11-16|20:13:40.934] Syncing: state download in progress      synced=12.02% state=113.89GiB      accounts=80,912,392@13.51GiB slots=468,796,264@96.61GiB codes=497,361@3.76GiB eta=25h20m42.124s
INFO [11-16|20:13:41.831] Syncing: chain download in progress      synced=14.08% chain=250.43GiB headers=9,634,244@5.10GiB bodies=9,634,244@138.17GiB receipts=9,634,244@107.15GiB eta=53h57m33.649s
INFO [11-16|20:13:49.928] Syncing: chain download in progress      synced=14.08% chain=250.52GiB headers=9,635,076@5.10GiB bodies=9,635,076@138.22GiB receipts=9,635,076@107.20GiB eta=53h58m53.669s
INFO [11-16|20:13:58.126] Syncing: chain download in progress      synced=14.08% chain=250.61GiB headers=9,636,119@5.10GiB bodies=9,636,119@138.27GiB receipts=9,636,119@107.24GiB eta=54h0m3.701s
INFO [11-16|20:14:06.142] Syncing: chain download in progress      synced=14.09% chain=250.70GiB headers=9,637,235@5.10GiB bodies=9,637,235@138.32GiB receipts=9,637,235@107.28GiB eta=54h1m6.906s
INFO [11-16|20:14:14.157] Syncing: chain download in progress      synced=14.09% chain=250.79GiB headers=9,638,466@5.10GiB bodies=9,638,466@138.36GiB receipts=9,638,466@107.33GiB eta=54h2m3.790s
INFO [11-16|20:14:22.264] Syncing: chain download in progress      synced=14.09% chain=250.88GiB headers=9,639,759@5.10GiB bodies=9,639,759@138.41GiB receipts=9,639,759@107.37GiB eta=54h2m58.703s
INFO [11-16|20:14:30.299] Syncing: chain download in progress      synced=14.09% chain=250.98GiB headers=9,641,162@5.10GiB bodies=9,641,162@138.46GiB receipts=9,641,162@107.42GiB eta=54h3m46.431s
INFO [11-16|20:14:38.343] Syncing: chain download in progress      synced=14.09% chain=251.08GiB headers=9,642,610@5.10GiB bodies=9,642,610@138.50GiB receipts=9,642,610@107.47GiB eta=54h4m31.832s
INFO [11-16|20:14:46.430] Syncing: chain download in progress      synced=14.10% chain=251.17GiB headers=9,643,833@5.10GiB bodies=9,643,833@138.55GiB receipts=9,643,833@107.51GiB eta=54h5m30.084s
INFO [11-16|20:14:54.479] Syncing: chain download in progress      synced=14.10% chain=251.26GiB headers=9,645,071@5.10GiB bodies=9,645,071@138.60GiB receipts=9,645,071@107.56GiB eta=54h6m26.933s
INFO [11-16|20:15:02.564] Syncing: chain download in progress      synced=14.10% chain=251.35GiB headers=9,646,199@5.11GiB bodies=9,646,199@138.65GiB receipts=9,646,199@107.60GiB eta=54h7m30.255s
INFO [11-16|20:15:10.680] Syncing: chain download in progress      synced=14.10% chain=251.45GiB headers=9,647,319@5.11GiB bodies=9,647,319@138.69GiB receipts=9,647,319@107.65GiB eta=54h8m34.484s
INFO [11-16|20:15:18.926] Syncing: chain download in progress      synced=14.10% chain=251.54GiB headers=9,648,394@5.11GiB bodies=9,648,394@138.74GiB receipts=9,648,394@107.69GiB eta=54h9m43.090s
INFO [11-16|20:15:27.034] Syncing: chain download in progress      synced=14.10% chain=251.64GiB headers=9,649,576@5.11GiB bodies=9,649,576@138.79GiB receipts=9,649,576@107.74GiB eta=54h10m43.699s
INFO [11-16|20:15:35.070] Syncing: chain download in progress      synced=14.11% chain=251.73GiB headers=9,650,853@5.11GiB bodies=9,650,853@138.84GiB receipts=9,650,853@107.79GiB eta=54h11m37.995s
INFO [11-16|20:15:43.114] Syncing: chain download in progress      synced=14.11% chain=251.83GiB headers=9,652,141@5.11GiB bodies=9,652,141@138.89GiB receipts=9,652,141@107.83GiB eta=54h12m31.723s
INFO [11-16|20:15:51.225] Syncing: chain download in progress      synced=14.11% chain=251.92GiB headers=9,653,323@5.11GiB bodies=9,653,323@138.93GiB receipts=9,653,323@107.88GiB eta=54h13m32.265s
INFO [11-16|20:15:59.240] Syncing: chain download in progress      synced=14.11% chain=252.02GiB headers=9,654,512@5.11GiB bodies=9,654,512@138.98GiB receipts=9,654,512@107.92GiB eta=54h14m30.901s
INFO [11-16|20:16:07.365] Syncing: chain download in progress      synced=14.11% chain=252.11GiB headers=9,655,669@5.11GiB bodies=9,655,669@139.03GiB receipts=9,655,669@107.97GiB eta=54h15m32.931s
INFO [11-16|20:16:15.456] Syncing: chain download in progress      synced=14.11% chain=252.21GiB headers=9,656,825@5.11GiB bodies=9,656,825@139.08GiB receipts=9,656,825@108.02GiB eta=54h16m34.434s
INFO [11-16|20:16:23.592] Syncing: chain download in progress      synced=14.12% chain=252.30GiB headers=9,657,897@5.11GiB bodies=9,657,897@139.13GiB receipts=9,657,897@108.06GiB eta=54h17m41.208s
WARN [11-16|20:16:30.004] Pivot seemingly stale, moving            old=68,420,142 new=68,420,206
INFO [11-16|20:16:30.012] Syncing: state download in progress      synced=12.02% state=113.89GiB      accounts=80,912,392@13.51GiB slots=468,796,264@96.61GiB codes=497,361@3.76GiB eta=25h34m50.594s
INFO [11-16|20:16:31.637] Syncing: chain download in progress      synced=14.12% chain=252.40GiB headers=9,658,885@5.11GiB bodies=9,658,885@139.18GiB receipts=9,658,885@108.11GiB eta=54h18m51.292s
INFO [11-16|20:16:39.674] Syncing: chain download in progress      synced=14.12% chain=252.49GiB headers=9,659,698@5.11GiB bodies=9,659,698@139.23GiB receipts=9,659,698@108.15GiB eta=54h20m10.558s
INFO [11-16|20:16:47.682] Syncing: chain download in progress      synced=14.12% chain=252.58GiB headers=9,660,882@5.11GiB bodies=9,660,882@139.28GiB receipts=9,660,882@108.19GiB eta=54h21m9.077s
INFO [11-16|20:16:55.777] Syncing: chain download in progress      synced=14.12% chain=252.68GiB headers=9,661,688@5.11GiB bodies=9,661,688@139.33GiB receipts=9,661,688@108.24GiB eta=54h22m29.537s
INFO [11-16|20:17:03.803] Syncing: chain download in progress      synced=14.12% chain=252.78GiB headers=9,662,525@5.11GiB bodies=9,662,525@139.38GiB receipts=9,662,525@108.29GiB eta=54h23m47.187s
INFO [11-16|20:17:11.852] Syncing: chain download in progress      synced=14.12% chain=252.88GiB headers=9,663,428@5.12GiB bodies=9,663,428@139.43GiB receipts=9,663,428@108.33GiB eta=54h25m1.561s
INFO [11-16|20:17:19.896] Syncing: chain download in progress      synced=14.13% chain=252.97GiB headers=9,664,399@5.12GiB bodies=9,664,399@139.48GiB receipts=9,664,399@108.38GiB eta=54h26m12.120s
INFO [11-16|20:17:27.985] Syncing: chain download in progress      synced=14.13% chain=253.07GiB headers=9,665,430@5.12GiB bodies=9,665,430@139.53GiB receipts=9,665,430@108.42GiB eta=54h27m20.010s
INFO [11-16|20:17:36.075] Syncing: chain download in progress      synced=14.13% chain=253.16GiB headers=9,666,549@5.12GiB bodies=9,666,549@139.57GiB receipts=9,666,549@108.47GiB eta=54h28m23.138s
INFO [11-16|20:17:44.085] Syncing: chain download in progress      synced=14.13% chain=253.25GiB headers=9,667,581@5.12GiB bodies=9,667,581@139.62GiB receipts=9,667,581@108.52GiB eta=54h29m29.727s
INFO [11-16|20:17:52.161] Syncing: chain download in progress      synced=14.13% chain=253.34GiB headers=9,668,709@5.12GiB bodies=9,668,709@139.67GiB receipts=9,668,709@108.56GiB eta=54h30m32.056s
INFO [11-16|20:18:00.163] Syncing: chain download in progress      synced=14.13% chain=253.44GiB headers=9,669,931@5.12GiB bodies=9,669,931@139.71GiB receipts=9,669,931@108.61GiB eta=54h31m28.076s
INFO [11-16|20:18:08.282] Syncing: chain download in progress      synced=14.13% chain=253.53GiB headers=9,671,114@5.12GiB bodies=9,671,114@139.76GiB receipts=9,671,114@108.65GiB eta=54h32m27.925s
INFO [11-16|20:18:16.320] Syncing: chain download in progress      synced=14.14% chain=253.63GiB headers=9,672,320@5.12GiB bodies=9,672,320@139.81GiB receipts=9,672,320@108.70GiB eta=54h33m25.286s
INFO [11-16|20:18:24.466] Syncing: chain download in progress      synced=14.14% chain=253.72GiB headers=9,673,561@5.12GiB bodies=9,673,561@139.86GiB receipts=9,673,561@108.74GiB eta=54h34m22.351s
INFO [11-16|20:18:32.573] Syncing: chain download in progress      synced=14.14% chain=253.82GiB headers=9,674,824@5.12GiB bodies=9,674,824@139.91GiB receipts=9,674,824@108.79GiB eta=54h35m17.577s
INFO [11-16|20:18:40.596] Syncing: chain download in progress      synced=14.14% chain=253.91GiB headers=9,675,964@5.12GiB bodies=9,675,964@139.96GiB receipts=9,675,964@108.83GiB eta=54h36m18.148s
INFO [11-16|20:18:48.681] Syncing: chain download in progress      synced=14.14% chain=254.01GiB headers=9,677,132@5.12GiB bodies=9,677,132@140.01GiB receipts=9,677,132@108.88GiB eta=54h37m18.151s
INFO [11-16|20:18:56.770] Syncing: chain download in progress      synced=14.15% chain=254.10GiB headers=9,678,303@5.12GiB bodies=9,678,303@140.05GiB receipts=9,678,303@108.92GiB eta=54h38m17.967s
INFO [11-16|20:19:04.898] Syncing: chain download in progress      synced=14.15% chain=254.20GiB headers=9,679,680@5.12GiB bodies=9,679,680@140.10GiB receipts=9,679,680@108.97GiB eta=54h39m7.162s
INFO [11-16|20:19:13.061] Syncing: chain download in progress      synced=14.15% chain=254.29GiB headers=9,680,889@5.13GiB bodies=9,680,889@140.15GiB receipts=9,680,889@109.01GiB eta=54h40m5.964s
INFO [11-16|20:19:21.124] Syncing: chain download in progress      synced=14.15% chain=254.39GiB headers=9,681,878@5.13GiB bodies=9,681,878@140.20GiB receipts=9,681,878@109.06GiB eta=54h41m15.192s
INFO [11-16|20:19:29.246] Syncing: chain download in progress      synced=14.15% chain=254.48GiB headers=9,682,845@5.13GiB bodies=9,682,845@140.25GiB receipts=9,682,845@109.11GiB eta=54h42m26.488s
WARN [11-16|20:19:33.063] Pivot seemingly stale, moving            old=68,420,206 new=68,420,270
INFO [11-16|20:19:33.126] Syncing: state download in progress      synced=12.02% state=113.89GiB      accounts=80,912,392@13.51GiB slots=468,796,264@96.61GiB codes=497,361@3.76GiB eta=26h5m42.576s
INFO [11-16|20:19:37.349] Syncing: chain download in progress      synced=14.15% chain=254.58GiB headers=9,683,783@5.13GiB bodies=9,683,783@140.30GiB receipts=9,683,783@109.16GiB eta=54h43m39.269s
INFO [11-16|20:19:45.350] Syncing: chain download in progress      synced=14.15% chain=254.68GiB headers=9,684,708@5.13GiB bodies=9,684,708@140.35GiB receipts=9,684,708@109.20GiB eta=54h44m50.937s
INFO [11-16|20:19:53.370] Syncing: chain download in progress      synced=14.16% chain=254.77GiB headers=9,685,605@5.13GiB bodies=9,685,605@140.39GiB receipts=9,685,605@109.25GiB eta=54h46m4.399s
INFO [11-16|20:20:01.442] Syncing: chain download in progress      synced=14.16% chain=254.87GiB headers=9,686,469@5.13GiB bodies=9,686,469@140.44GiB receipts=9,686,469@109.30GiB eta=54h47m20.379s
INFO [11-16|20:20:09.533] Syncing: chain download in progress      synced=14.16% chain=254.97GiB headers=9,687,375@5.13GiB bodies=9,687,375@140.49GiB receipts=9,687,375@109.34GiB eta=54h48m34.335s
INFO [11-16|20:20:17.627] Syncing: chain download in progress      synced=14.16% chain=255.07GiB headers=9,688,249@5.13GiB bodies=9,688,249@140.55GiB receipts=9,688,249@109.39GiB eta=54h49m50.100s
INFO [11-16|20:20:25.676] Syncing: chain download in progress      synced=14.16% chain=255.16GiB headers=9,689,129@5.13GiB bodies=9,689,129@140.59GiB receipts=9,689,129@109.44GiB eta=54h51m4.726s
INFO [11-16|20:20:33.712] Syncing: chain download in progress      synced=14.16% chain=255.26GiB headers=9,690,025@5.13GiB bodies=9,690,025@140.65GiB receipts=9,690,025@109.49GiB eta=54h52m18.298s
INFO [11-16|20:20:41.842] Syncing: chain download in progress      synced=14.16% chain=255.36GiB headers=9,690,966@5.13GiB bodies=9,690,966@140.70GiB receipts=9,690,966@109.54GiB eta=54h53m30.776s
INFO [11-16|20:20:49.864] Syncing: chain download in progress      synced=14.17% chain=255.46GiB headers=9,691,856@5.13GiB bodies=9,691,856@140.75GiB receipts=9,691,856@109.58GiB eta=54h54m44.422s
INFO [11-16|20:20:57.925] Syncing: chain download in progress      synced=14.17% chain=255.55GiB headers=9,692,814@5.13GiB bodies=9,692,814@140.79GiB receipts=9,692,814@109.63GiB eta=54h55m54.841s
INFO [11-16|20:21:06.045] Syncing: chain download in progress      synced=14.17% chain=255.65GiB headers=9,693,894@5.13GiB bodies=9,693,894@140.84GiB receipts=9,693,894@109.68GiB eta=54h56m59.445s
INFO [11-16|20:21:14.094] Syncing: chain download in progress      synced=14.17% chain=255.75GiB headers=9,695,115@5.13GiB bodies=9,695,115@140.89GiB receipts=9,695,115@109.73GiB eta=54h57m55.231s
INFO [11-16|20:21:22.183] Syncing: chain download in progress      synced=14.17% chain=255.84GiB headers=9,696,333@5.13GiB bodies=9,696,333@140.93GiB receipts=9,696,333@109.77GiB eta=54h58m51.789s
INFO [11-16|20:21:30.310] Syncing: chain download in progress      synced=14.17% chain=255.93GiB headers=9,697,677@5.13GiB bodies=9,697,677@140.98GiB receipts=9,697,677@109.82GiB eta=54h59m41.989s
INFO [11-16|20:21:38.320] Syncing: chain download in progress      synced=14.18% chain=256.02GiB headers=9,699,138@5.14GiB bodies=9,699,138@141.03GiB receipts=9,699,138@109.86GiB eta=55h0m23.922s
INFO [11-16|20:21:46.368] Syncing: chain download in progress      synced=14.18% chain=256.12GiB headers=9,700,468@5.14GiB bodies=9,700,468@141.07GiB receipts=9,700,468@109.91GiB eta=55h1m13.636s
INFO [11-16|20:21:54.390] Syncing: chain download in progress      synced=14.18% chain=256.21GiB headers=9,701,737@5.14GiB bodies=9,701,737@141.12GiB receipts=9,701,737@109.95GiB eta=55h2m6.195s
INFO [11-16|20:22:02.458] Syncing: chain download in progress      synced=14.18% chain=256.30GiB headers=9,702,891@5.14GiB bodies=9,702,891@141.17GiB receipts=9,702,891@109.99GiB eta=55h3m5.716s
INFO [11-16|20:22:10.528] Syncing: chain download in progress      synced=14.18% chain=256.40GiB headers=9,704,013@5.14GiB bodies=9,704,013@141.22GiB receipts=9,704,013@110.04GiB eta=55h4m6.927s
INFO [11-16|20:22:18.657] Syncing: chain download in progress      synced=14.18% chain=256.49GiB headers=9,705,081@5.14GiB bodies=9,705,081@141.27GiB receipts=9,705,081@110.09GiB eta=55h5m11.960s
INFO [11-16|20:22:26.660] Syncing: chain download in progress      synced=14.19% chain=256.59GiB headers=9,706,095@5.14GiB bodies=9,706,095@141.31GiB receipts=9,706,095@110.13GiB eta=55h6m18.052s
INFO [11-16|20:22:34.695] Syncing: chain download in progress      synced=14.19% chain=256.68GiB headers=9,707,196@5.14GiB bodies=9,707,196@141.36GiB receipts=9,707,196@110.18GiB eta=55h7m19.797s
WARN [11-16|20:22:39.175] Pivot seemingly stale, moving            old=68,420,270 new=68,420,334
INFO [11-16|20:22:39.230] Syncing: state download in progress      synced=12.02% state=113.89GiB      accounts=80,912,392@13.51GiB slots=468,796,264@96.61GiB codes=497,361@3.76GiB eta=26h36m31.568s
INFO [11-16|20:22:42.825] Syncing: chain download in progress      synced=14.19% chain=256.77GiB headers=9,708,400@5.14GiB bodies=9,708,400@141.41GiB receipts=9,708,400@110.22GiB eta=55h8m17.533s
INFO [11-16|20:22:50.840] Syncing: chain download in progress      synced=14.19% chain=256.86GiB headers=9,709,539@5.14GiB bodies=9,709,539@141.46GiB receipts=9,709,539@110.27GiB eta=55h9m16.797s
INFO [11-16|20:22:58.976] Syncing: chain download in progress      synced=14.19% chain=256.96GiB headers=9,710,718@5.14GiB bodies=9,710,718@141.50GiB receipts=9,710,718@110.31GiB eta=55h10m15.687s
INFO [11-16|20:23:06.978] Syncing: chain download in progress      synced=14.19% chain=257.05GiB headers=9,711,838@5.14GiB bodies=9,711,838@141.55GiB receipts=9,711,838@110.36GiB eta=55h11m15.714s
INFO [11-16|20:23:15.016] Syncing: chain download in progress      synced=14.20% chain=257.14GiB headers=9,712,832@5.14GiB bodies=9,712,832@141.60GiB receipts=9,712,832@110.40GiB eta=55h12m23.152s
INFO [11-16|20:23:23.187] Syncing: chain download in progress      synced=14.20% chain=257.24GiB headers=9,713,795@5.14GiB bodies=9,713,795@141.65GiB receipts=9,713,795@110.45GiB eta=55h13m34.273s
INFO [11-16|20:23:31.246] Syncing: chain download in progress      synced=14.20% chain=257.33GiB headers=9,714,704@5.14GiB bodies=9,714,704@141.70GiB receipts=9,714,704@110.49GiB eta=55h14m46.573s
INFO [11-16|20:23:39.299] Syncing: chain download in progress      synced=14.20% chain=257.43GiB headers=9,715,594@5.15GiB bodies=9,715,594@141.75GiB receipts=9,715,594@110.53GiB eta=55h15m59.815s
INFO [11-16|20:23:47.403] Syncing: chain download in progress      synced=14.20% chain=257.51GiB headers=9,716,347@5.15GiB bodies=9,716,347@141.79GiB receipts=9,716,347@110.58GiB eta=55h17m21.268s
INFO [11-16|20:23:55.522] Syncing: chain download in progress      synced=14.20% chain=257.61GiB headers=9,717,209@5.15GiB bodies=9,717,209@141.84GiB receipts=9,717,209@110.63GiB eta=55h18m36.949s
INFO [11-16|20:24:03.610] Syncing: chain download in progress      synced=14.20% chain=257.71GiB headers=9,718,179@5.15GiB bodies=9,718,179@141.89GiB receipts=9,718,179@110.67GiB eta=55h19m46.273s
INFO [11-16|20:24:11.619] Syncing: chain download in progress      synced=14.21% chain=257.81GiB headers=9,719,305@5.15GiB bodies=9,719,305@141.94GiB receipts=9,719,305@110.72GiB eta=55h20m45.791s
INFO [11-16|20:24:19.621] Syncing: chain download in progress      synced=14.21% chain=257.90GiB headers=9,720,556@5.15GiB bodies=9,720,556@141.99GiB receipts=9,720,556@110.77GiB eta=55h21m38.308s
INFO [11-16|20:24:27.714] Syncing: chain download in progress      synced=14.21% chain=258.00GiB headers=9,722,056@5.15GiB bodies=9,722,056@142.04GiB receipts=9,722,056@110.81GiB eta=55h22m18.530s
INFO [11-16|20:24:35.747] Syncing: chain download in progress      synced=14.21% chain=258.09GiB headers=9,723,631@5.15GiB bodies=9,723,631@142.08GiB receipts=9,723,631@110.86GiB eta=55h22m53.682s
INFO [11-16|20:24:43.905] Syncing: chain download in progress      synced=14.21% chain=258.18GiB headers=9,725,141@5.15GiB bodies=9,725,141@142.13GiB receipts=9,725,141@110.90GiB eta=55h23m34.335s
INFO [11-16|20:24:51.919] Syncing: chain download in progress      synced=14.22% chain=258.28GiB headers=9,726,788@5.15GiB bodies=9,726,788@142.18GiB receipts=9,726,788@110.95GiB eta=55h24m5.188s
INFO [11-16|20:24:59.924] Syncing: chain download in progress      synced=14.22% chain=258.37GiB headers=9,728,279@5.15GiB bodies=9,728,279@142.23GiB receipts=9,728,279@111.00GiB eta=55h24m44.493s
INFO [11-16|20:25:08.040] Syncing: chain download in progress      synced=14.22% chain=258.47GiB headers=9,729,773@5.15GiB bodies=9,729,773@142.27GiB receipts=9,729,773@111.04GiB eta=55h25m25.194s
INFO [11-16|20:25:16.113] Syncing: chain download in progress      synced=14.22% chain=258.56GiB headers=9,731,098@5.15GiB bodies=9,731,098@142.32GiB receipts=9,731,098@111.08GiB eta=55h26m14.449s
WARN [11-16|20:25:22.256] Pivot seemingly stale, moving            old=68,420,334 new=68,420,398
INFO [11-16|20:25:22.276] Syncing: state download in progress      synced=12.02% state=113.89GiB      accounts=80,912,392@13.51GiB slots=468,796,264@96.61GiB codes=497,361@3.76GiB eta=26h50m46.070s
INFO [11-16|20:25:24.230] Syncing: chain download in progress      synced=14.22% chain=258.66GiB headers=9,732,707@5.16GiB bodies=9,732,707@142.37GiB receipts=9,732,707@111.13GiB eta=55h26m49.044s
INFO [11-16|20:25:32.374] Syncing: chain download in progress      synced=14.23% chain=258.75GiB headers=9,734,013@5.16GiB bodies=9,734,013@142.42GiB receipts=9,734,013@111.17GiB eta=55h27m40.354s
INFO [11-16|20:25:40.465] Syncing: chain download in progress      synced=14.23% chain=258.85GiB headers=9,735,150@5.16GiB bodies=9,735,150@142.47GiB receipts=9,735,150@111.22GiB eta=55h28m40.100s
INFO [11-16|20:25:48.546] Syncing: chain download in progress      synced=14.23% chain=258.94GiB headers=9,735,951@5.16GiB bodies=9,735,951@142.52GiB receipts=9,735,951@111.26GiB eta=55h29m57.948s
INFO [11-16|20:25:56.710] Syncing: chain download in progress      synced=14.23% chain=259.04GiB headers=9,736,691@5.16GiB bodies=9,736,691@142.57GiB receipts=9,736,691@111.31GiB eta=55h31m20.344s
INFO [11-16|20:26:04.725] Syncing: chain download in progress      synced=14.23% chain=259.13GiB headers=9,737,411@5.16GiB bodies=9,737,411@142.62GiB receipts=9,737,411@111.35GiB eta=55h32m41.632s
INFO [11-16|20:26:12.860] Syncing: chain download in progress      synced=14.23% chain=259.22GiB headers=9,738,296@5.16GiB bodies=9,738,296@142.66GiB receipts=9,738,296@111.40GiB eta=55h33m55.607s
INFO [11-16|20:26:20.957] Syncing: chain download in progress      synced=14.23% chain=259.31GiB headers=9,739,342@5.16GiB bodies=9,739,342@142.71GiB receipts=9,739,342@111.44GiB eta=55h35m0.171s
INFO [11-16|20:26:29.015] Syncing: chain download in progress      synced=14.24% chain=259.41GiB headers=9,740,435@5.16GiB bodies=9,740,435@142.76GiB receipts=9,740,435@111.49GiB eta=55h36m1.578s
INFO [11-16|20:26:37.140] Syncing: chain download in progress      synced=14.24% chain=259.50GiB headers=9,741,501@5.16GiB bodies=9,741,501@142.81GiB receipts=9,741,501@111.53GiB eta=55h37m5.364s
INFO [11-16|20:26:45.195] Syncing: chain download in progress      synced=14.24% chain=259.60GiB headers=9,742,581@5.16GiB bodies=9,742,581@142.86GiB receipts=9,742,581@111.58GiB eta=55h38m7.339s
INFO [11-16|20:26:53.237] Syncing: chain download in progress      synced=14.24% chain=259.70GiB headers=9,743,559@5.16GiB bodies=9,743,559@142.91GiB receipts=9,743,559@111.63GiB eta=55h39m14.648s
INFO [11-16|20:27:01.321] Syncing: chain download in progress      synced=14.24% chain=259.79GiB headers=9,744,441@5.16GiB bodies=9,744,441@142.95GiB receipts=9,744,441@111.67GiB eta=55h40m27.798s
INFO [11-16|20:27:09.342] Syncing: chain download in progress      synced=14.24% chain=259.88GiB headers=9,745,531@5.16GiB bodies=9,745,531@143.00GiB receipts=9,745,531@111.72GiB eta=55h41m28.617s
INFO [11-16|20:27:17.398] Syncing: chain download in progress      synced=14.25% chain=259.98GiB headers=9,746,621@5.16GiB bodies=9,746,621@143.05GiB receipts=9,746,621@111.76GiB eta=55h42m29.903s
INFO [11-16|20:27:25.496] Syncing: chain download in progress      synced=14.25% chain=260.08GiB headers=9,747,866@5.16GiB bodies=9,747,866@143.10GiB receipts=9,747,866@111.81GiB eta=55h43m23.264s
INFO [11-16|20:27:33.519] Syncing: chain download in progress      synced=14.25% chain=260.17GiB headers=9,749,291@5.16GiB bodies=9,749,291@143.15GiB receipts=9,749,291@111.86GiB eta=55h44m5.681s
INFO [11-16|20:27:41.535] Syncing: chain download in progress      synced=14.25% chain=260.26GiB headers=9,750,871@5.17GiB bodies=9,750,871@143.20GiB receipts=9,750,871@111.90GiB eta=55h44m39.410s
INFO [11-16|20:27:49.625] Syncing: chain download in progress      synced=14.25% chain=260.36GiB headers=9,752,258@5.17GiB bodies=9,752,258@143.24GiB receipts=9,752,258@111.95GiB eta=55h45m24.827s
INFO [11-16|20:27:57.712] Syncing: chain download in progress      synced=14.26% chain=260.46GiB headers=9,753,707@5.17GiB bodies=9,753,707@143.29GiB receipts=9,753,707@112.00GiB eta=55h46m6.744s
INFO [11-16|20:28:05.834] Syncing: chain download in progress      synced=14.26% chain=260.55GiB headers=9,755,003@5.17GiB bodies=9,755,003@143.34GiB receipts=9,755,003@112.04GiB eta=55h46m57.513s
INFO [11-16|20:28:13.862] Syncing: chain download in progress      synced=14.26% chain=260.64GiB headers=9,756,244@5.17GiB bodies=9,756,244@143.39GiB receipts=9,756,244@112.09GiB eta=55h47m49.817s
WARN [11-16|20:28:18.334] Pivot seemingly stale, moving            old=68,420,398 new=68,420,462
INFO [11-16|20:28:18.335] Syncing: state download in progress      synced=12.02% state=113.89GiB      accounts=80,912,392@13.51GiB slots=468,796,264@96.61GiB codes=497,361@3.76GiB eta=27h4m47.559s
INFO [11-16|20:28:21.913] Syncing: chain download in progress      synced=14.26% chain=260.74GiB headers=9,757,463@5.17GiB bodies=9,757,463@143.43GiB receipts=9,757,463@112.13GiB eta=55h48m43.880s
INFO [11-16|20:28:29.951] Syncing: chain download in progress      synced=14.26% chain=260.83GiB headers=9,758,669@5.17GiB bodies=9,758,669@143.49GiB receipts=9,758,669@112.18GiB eta=55h49m38.235s
INFO [11-16|20:28:38.011] Syncing: chain download in progress      synced=14.26% chain=260.93GiB headers=9,759,931@5.17GiB bodies=9,759,931@143.54GiB receipts=9,759,931@112.22GiB eta=55h50m29.757s
INFO [11-16|20:28:46.026] Syncing: chain download in progress      synced=14.27% chain=261.02GiB headers=9,761,166@5.17GiB bodies=9,761,166@143.58GiB receipts=9,761,166@112.26GiB eta=55h51m22.072s
INFO [11-16|20:28:54.067] Syncing: chain download in progress      synced=14.27% chain=261.11GiB headers=9,762,332@5.17GiB bodies=9,762,332@143.63GiB receipts=9,762,332@112.31GiB eta=55h52m18.493s
INFO [11-16|20:29:02.069] Syncing: chain download in progress      synced=14.27% chain=261.21GiB headers=9,763,701@5.17GiB bodies=9,763,701@143.68GiB receipts=9,763,701@112.35GiB eta=55h53m3.246s
INFO [11-16|20:29:10.113] Syncing: chain download in progress      synced=14.27% chain=261.31GiB headers=9,764,993@5.17GiB bodies=9,764,993@143.73GiB receipts=9,764,993@112.40GiB eta=55h53m52.719s
INFO [11-16|20:29:18.201] Syncing: chain download in progress      synced=14.27% chain=261.41GiB headers=9,766,292@5.17GiB bodies=9,766,292@143.79GiB receipts=9,766,292@112.45GiB eta=55h54m42.518s
INFO [11-16|20:29:26.261] Syncing: chain download in progress      synced=14.28% chain=261.50GiB headers=9,767,533@5.18GiB bodies=9,767,533@143.84GiB receipts=9,767,533@112.49GiB eta=55h55m34.976s
INFO [11-16|20:29:34.347] Syncing: chain download in progress      synced=14.28% chain=261.59GiB headers=9,768,725@5.18GiB bodies=9,768,725@143.88GiB receipts=9,768,725@112.53GiB eta=55h56m30.475s
INFO [11-16|20:29:42.436] Syncing: chain download in progress      synced=14.28% chain=261.69GiB headers=9,769,793@5.18GiB bodies=9,769,793@143.94GiB receipts=9,769,793@112.58GiB eta=55h57m32.731s
INFO [11-16|20:29:50.454] Syncing: chain download in progress      synced=14.28% chain=261.79GiB headers=9,770,703@5.18GiB bodies=9,770,703@143.98GiB receipts=9,770,703@112.63GiB eta=55h58m42.566s
INFO [11-16|20:29:58.630] Syncing: chain download in progress      synced=14.28% chain=261.89GiB headers=9,771,699@5.18GiB bodies=9,771,699@144.04GiB receipts=9,771,699@112.68GiB eta=55h59m49.991s
INFO [11-16|20:30:06.742] Syncing: chain download in progress      synced=14.28% chain=261.99GiB headers=9,772,590@5.18GiB bodies=9,772,590@144.09GiB receipts=9,772,590@112.72GiB eta=56h1m2.174s
INFO [11-16|20:30:14.747] Syncing: chain download in progress      synced=14.28% chain=262.08GiB headers=9,773,486@5.18GiB bodies=9,773,486@144.14GiB receipts=9,773,486@112.76GiB eta=56h2m12.460s
INFO [11-16|20:30:22.915] Syncing: chain download in progress      synced=14.29% chain=262.17GiB headers=9,774,518@5.18GiB bodies=9,774,518@144.19GiB receipts=9,774,518@112.81GiB eta=56h3m17.702s
INFO [11-16|20:30:30.931] Syncing: chain download in progress      synced=14.29% chain=262.26GiB headers=9,775,625@5.18GiB bodies=9,775,625@144.23GiB receipts=9,775,625@112.85GiB eta=56h4m16.525s
INFO [11-16|20:30:39.051] Syncing: chain download in progress      synced=14.29% chain=262.36GiB headers=9,777,041@5.18GiB bodies=9,777,041@144.28GiB receipts=9,777,041@112.90GiB eta=56h4m59.974s
INFO [11-16|20:30:47.131] Syncing: chain download in progress      synced=14.29% chain=262.46GiB headers=9,778,627@5.18GiB bodies=9,778,627@144.33GiB receipts=9,778,627@112.94GiB eta=56h5m33.452s
INFO [11-16|20:30:55.191] Syncing: chain download in progress      synced=14.29% chain=262.55GiB headers=9,780,177@5.18GiB bodies=9,780,177@144.38GiB receipts=9,780,177@112.99GiB eta=56h6m8.635s
WARN [11-16|20:31:01.534] Pivot seemingly stale, moving            old=68,420,462 new=68,420,526
INFO [11-16|20:31:01.536] Syncing: state download in progress      synced=12.02% state=113.89GiB      accounts=80,912,392@13.51GiB slots=468,796,264@96.61GiB codes=497,361@3.76GiB eta=27h35m59.454s
INFO [11-16|20:31:03.282] Syncing: chain download in progress      synced=14.30% chain=262.64GiB headers=9,781,637@5.18GiB bodies=9,781,637@144.42GiB receipts=9,781,637@113.03GiB eta=56h6m49.330s
INFO [11-16|20:31:11.301] Syncing: chain download in progress      synced=14.30% chain=262.73GiB headers=9,783,069@5.18GiB bodies=9,783,069@144.47GiB receipts=9,783,069@113.08GiB eta=56h7m30.252s
INFO [11-16|20:31:19.454] Syncing: chain download in progress      synced=14.30% chain=262.83GiB headers=9,784,441@5.18GiB bodies=9,784,441@144.52GiB receipts=9,784,441@113.13GiB eta=56h8m16.420s
INFO [11-16|20:31:27.568] Syncing: chain download in progress      synced=14.30% chain=262.92GiB headers=9,785,813@5.19GiB bodies=9,785,813@144.57GiB receipts=9,785,813@113.17GiB eta=56h9m1.941s
INFO [11-16|20:31:35.633] Syncing: chain download in progress      synced=14.30% chain=263.02GiB headers=9,787,229@5.19GiB bodies=9,787,229@144.61GiB receipts=9,787,229@113.22GiB eta=56h9m44.318s
INFO [11-16|20:31:43.635] Syncing: chain download in progress      synced=14.31% chain=263.11GiB headers=9,788,554@5.19GiB bodies=9,788,554@144.66GiB receipts=9,788,554@113.26GiB eta=56h10m30.700s
INFO [11-16|20:31:51.704] Syncing: chain download in progress      synced=14.31% chain=263.20GiB headers=9,789,821@5.19GiB bodies=9,789,821@144.70GiB receipts=9,789,821@113.30GiB eta=56h11m21.150s
INFO [11-16|20:31:59.846] Syncing: chain download in progress      synced=14.31% chain=263.29GiB headers=9,791,064@5.19GiB bodies=9,791,064@144.75GiB receipts=9,791,064@113.35GiB eta=56h12m14.025s
INFO [11-16|20:32:07.991] Syncing: chain download in progress      synced=14.31% chain=263.38GiB headers=9,792,349@5.19GiB bodies=9,792,349@144.80GiB receipts=9,792,349@113.40GiB eta=56h13m4.584s
INFO [11-16|20:32:16.202] Syncing: chain download in progress      synced=14.31% chain=263.48GiB headers=9,793,702@5.19GiB bodies=9,793,702@144.85GiB receipts=9,793,702@113.44GiB eta=56h13m52.384s
INFO [11-16|20:32:24.216] Syncing: chain download in progress      synced=14.32% chain=263.58GiB headers=9,795,033@5.19GiB bodies=9,795,033@144.90GiB receipts=9,795,033@113.49GiB eta=56h14m38.441s
INFO [11-16|20:32:32.332] Syncing: chain download in progress      synced=14.32% chain=263.67GiB headers=9,796,252@5.19GiB bodies=9,796,252@144.95GiB receipts=9,796,252@113.54GiB eta=56h15m32.034s
INFO [11-16|20:32:40.373] Syncing: chain download in progress      synced=14.32% chain=263.77GiB headers=9,797,308@5.19GiB bodies=9,797,308@145.00GiB receipts=9,797,308@113.58GiB eta=56h16m33.399s
INFO [11-16|20:32:48.375] Syncing: chain download in progress      synced=14.32% chain=263.86GiB headers=9,798,254@5.19GiB bodies=9,798,254@145.05GiB receipts=9,798,254@113.63GiB eta=56h17m40.184s
INFO [11-16|20:32:56.433] Syncing: chain download in progress      synced=14.32% chain=263.96GiB headers=9,799,162@5.19GiB bodies=9,799,162@145.09GiB receipts=9,799,162@113.67GiB eta=56h18m49.794s
INFO [11-16|20:33:04.524] Syncing: chain download in progress      synced=14.32% chain=264.06GiB headers=9,800,038@5.19GiB bodies=9,800,038@145.15GiB receipts=9,800,038@113.72GiB eta=56h20m1.681s
INFO [11-16|20:33:12.606] Syncing: chain download in progress      synced=14.32% chain=264.16GiB headers=9,801,043@5.19GiB bodies=9,801,043@145.20GiB receipts=9,801,043@113.77GiB eta=56h21m6.262s
INFO [11-16|20:33:20.704] Syncing: chain download in progress      synced=14.33% chain=264.25GiB headers=9,802,034@5.20GiB bodies=9,802,034@145.25GiB receipts=9,802,034@113.81GiB eta=56h22m11.885s
INFO [11-16|20:33:28.755] Syncing: chain download in progress      synced=14.33% chain=264.35GiB headers=9,803,192@5.20GiB bodies=9,803,192@145.30GiB receipts=9,803,192@113.86GiB eta=56h23m7.607s
INFO [11-16|20:33:36.760] Syncing: chain download in progress      synced=14.33% chain=264.45GiB headers=9,804,517@5.20GiB bodies=9,804,517@145.34GiB receipts=9,804,517@113.90GiB eta=56h23m53.487s
WARN [11-16|20:33:44.652] Pivot seemingly stale, moving            old=68,420,526 new=68,420,590
INFO [11-16|20:33:44.677] Syncing: state download in progress      synced=12.02% state=113.89GiB      accounts=80,912,392@13.51GiB slots=468,796,264@96.61GiB codes=497,361@3.76GiB eta=27h50m13.861s
INFO [11-16|20:33:44.803] Syncing: chain download in progress      synced=14.33% chain=264.54GiB headers=9,806,010@5.20GiB bodies=9,806,010@145.39GiB receipts=9,806,010@113.95GiB eta=56h24m30.974s
INFO [11-16|20:33:52.849] Syncing: chain download in progress      synced=14.33% chain=264.63GiB headers=9,807,624@5.20GiB bodies=9,807,624@145.43GiB receipts=9,807,624@114.00GiB eta=56h25m1.605s
INFO [11-16|20:34:00.904] Syncing: chain download in progress      synced=14.34% chain=264.72GiB headers=9,809,190@5.20GiB bodies=9,809,190@145.48GiB receipts=9,809,190@114.04GiB eta=56h25m34.979s
INFO [11-16|20:34:09.072] Syncing: chain download in progress      synced=14.34% chain=264.82GiB headers=9,810,678@5.20GiB bodies=9,810,678@145.53GiB receipts=9,810,678@114.09GiB eta=56h26m14.190s
INFO [11-16|20:34:17.078] Syncing: chain download in progress      synced=14.34% chain=264.91GiB headers=9,812,154@5.20GiB bodies=9,812,154@145.58GiB receipts=9,812,154@114.14GiB eta=56h26m51.682s
INFO [11-16|20:34:25.122] Syncing: chain download in progress      synced=14.34% chain=265.01GiB headers=9,813,498@5.20GiB bodies=9,813,498@145.62GiB receipts=9,813,498@114.18GiB eta=56h27m36.896s
INFO [11-16|20:34:33.128] Syncing: chain download in progress      synced=14.34% chain=265.10GiB headers=9,814,756@5.20GiB bodies=9,814,756@145.67GiB receipts=9,814,756@114.23GiB eta=56h28m26.216s
INFO [11-16|20:34:41.253] Syncing: chain download in progress      synced=14.35% chain=265.19GiB headers=9,816,106@5.20GiB bodies=9,816,106@145.72GiB receipts=9,816,106@114.27GiB eta=56h29m12.226s
INFO [11-16|20:34:49.323] Syncing: chain download in progress      synced=14.35% chain=265.28GiB headers=9,817,408@5.20GiB bodies=9,817,408@145.76GiB receipts=9,817,408@114.32GiB eta=56h29m59.982s
INFO [11-16|20:34:57.403] Syncing: chain download in progress      synced=14.35% chain=265.38GiB headers=9,818,602@5.20GiB bodies=9,818,602@145.81GiB receipts=9,818,602@114.36GiB eta=56h30m53.795s
INFO [11-16|20:35:05.493] Syncing: chain download in progress      synced=14.35% chain=265.47GiB headers=9,819,917@5.21GiB bodies=9,819,917@145.86GiB receipts=9,819,917@114.41GiB eta=56h31m41.092s
INFO [11-16|20:35:13.513] Syncing: chain download in progress      synced=14.35% chain=265.56GiB headers=9,821,157@5.21GiB bodies=9,821,157@145.90GiB receipts=9,821,157@114.45GiB eta=56h32m31.400s
INFO [11-16|20:35:21.516] Syncing: chain download in progress      synced=14.36% chain=265.65GiB headers=9,822,385@5.21GiB bodies=9,822,385@145.95GiB receipts=9,822,385@114.49GiB eta=56h33m22.100s
INFO [11-16|20:35:29.536] Syncing: chain download in progress      synced=14.36% chain=265.75GiB headers=9,823,711@5.21GiB bodies=9,823,711@146.00GiB receipts=9,823,711@114.54GiB eta=56h34m7.651s
INFO [11-16|20:35:37.545] Syncing: chain download in progress      synced=14.36% chain=265.84GiB headers=9,824,913@5.21GiB bodies=9,824,913@146.05GiB receipts=9,824,913@114.59GiB eta=56h34m59.784s
INFO [11-16|20:35:45.573] Syncing: chain download in progress      synced=14.36% chain=265.94GiB headers=9,825,928@5.21GiB bodies=9,825,928@146.10GiB receipts=9,825,928@114.63GiB eta=56h36m2.351s
INFO [11-16|20:35:53.712] Syncing: chain download in progress      synced=14.36% chain=266.03GiB headers=9,826,896@5.21GiB bodies=9,826,896@146.15GiB receipts=9,826,896@114.68GiB eta=56h37m9.063s
INFO [11-16|20:36:01.763] Syncing: chain download in progress      synced=14.36% chain=266.13GiB headers=9,827,739@5.21GiB bodies=9,827,739@146.20GiB receipts=9,827,739@114.72GiB eta=56h38m21.246s
INFO [11-16|20:36:09.908] Syncing: chain download in progress      synced=14.36% chain=266.23GiB headers=9,828,590@5.21GiB bodies=9,828,590@146.25GiB receipts=9,828,590@114.77GiB eta=56h39m34.396s
INFO [11-16|20:36:17.986] Syncing: chain download in progress      synced=14.37% chain=266.33GiB headers=9,829,319@5.21GiB bodies=9,829,319@146.30GiB receipts=9,829,319@114.82GiB eta=56h40m53.182s
INFO [11-16|20:36:26.015] Syncing: chain download in progress      synced=14.37% chain=266.43GiB headers=9,830,157@5.21GiB bodies=9,830,157@146.35GiB receipts=9,830,157@114.87GiB eta=56h42m5.260s
WARN [11-16|20:36:30.810] Pivot seemingly stale, moving            old=68,420,590 new=68,420,654
INFO [11-16|20:36:30.876] Syncing: state download in progress      synced=12.02% state=113.89GiB      accounts=80,912,392@13.51GiB slots=468,796,264@96.61GiB codes=497,361@3.76GiB eta=28h4m25.210s
INFO [11-16|20:36:34.089] Syncing: chain download in progress      synced=14.37% chain=266.53GiB headers=9,831,164@5.21GiB bodies=9,831,164@146.40GiB receipts=9,831,164@114.91GiB eta=56h43m8.942s
INFO [11-16|20:36:42.231] Syncing: chain download in progress      synced=14.37% chain=266.62GiB headers=9,832,583@5.21GiB bodies=9,832,583@146.45GiB receipts=9,832,583@114.96GiB eta=56h43m50.867s
INFO [11-16|20:36:50.245] Syncing: chain download in progress      synced=14.37% chain=266.72GiB headers=9,834,030@5.21GiB bodies=9,834,030@146.50GiB receipts=9,834,030@115.01GiB eta=56h44m29.353s
INFO [11-16|20:36:58.295] Syncing: chain download in progress      synced=14.38% chain=266.82GiB headers=9,835,815@5.21GiB bodies=9,835,815@146.55GiB receipts=9,835,815@115.05GiB eta=56h44m49.903s
INFO [11-16|20:37:06.395] Syncing: chain download in progress      synced=14.38% chain=266.91GiB headers=9,837,388@5.22GiB bodies=9,837,388@146.59GiB receipts=9,837,388@115.10GiB eta=56h45m22.672s
INFO [11-16|20:37:14.419] Syncing: chain download in progress      synced=14.38% chain=266.99GiB headers=9,838,814@5.22GiB bodies=9,838,814@146.64GiB receipts=9,838,814@115.14GiB eta=56h46m2.338s
INFO [11-16|20:37:22.507] Syncing: chain download in progress      synced=14.38% chain=267.09GiB headers=9,840,248@5.22GiB bodies=9,840,248@146.69GiB receipts=9,840,248@115.18GiB eta=56h46m42.501s
INFO [11-16|20:37:30.581] Syncing: chain download in progress      synced=14.38% chain=267.18GiB headers=9,841,549@5.22GiB bodies=9,841,549@146.74GiB receipts=9,841,549@115.23GiB eta=56h47m29.687s
INFO [11-16|20:37:38.647] Syncing: chain download in progress      synced=14.39% chain=267.28GiB headers=9,842,881@5.22GiB bodies=9,842,881@146.79GiB receipts=9,842,881@115.27GiB eta=56h48m15.005s
INFO [11-16|20:37:46.759] Syncing: chain download in progress      synced=14.39% chain=267.37GiB headers=9,844,070@5.22GiB bodies=9,844,070@146.84GiB receipts=9,844,070@115.32GiB eta=56h49m8.728s
INFO [11-16|20:37:54.793] Syncing: chain download in progress      synced=14.39% chain=267.47GiB headers=9,845,329@5.22GiB bodies=9,845,329@146.89GiB receipts=9,845,329@115.36GiB eta=56h49m57.518s
INFO [11-16|20:38:02.880] Syncing: chain download in progress      synced=14.39% chain=267.56GiB headers=9,846,617@5.22GiB bodies=9,846,617@146.94GiB receipts=9,846,617@115.41GiB eta=56h50m45.443s
INFO [11-16|20:38:10.898] Syncing: chain download in progress      synced=14.39% chain=267.66GiB headers=9,847,985@5.22GiB bodies=9,847,985@146.99GiB receipts=9,847,985@115.45GiB eta=56h51m27.931s
INFO [11-16|20:38:19.008] Syncing: chain download in progress      synced=14.40% chain=267.76GiB headers=9,849,321@5.22GiB bodies=9,849,321@147.04GiB receipts=9,849,321@115.50GiB eta=56h52m13.517s
INFO [11-16|20:38:27.144] Syncing: chain download in progress      synced=14.40% chain=267.85GiB headers=9,850,616@5.22GiB bodies=9,850,616@147.09GiB receipts=9,850,616@115.54GiB eta=56h53m1.645s
INFO [11-16|20:38:35.234] Syncing: chain download in progress      synced=14.40% chain=267.95GiB headers=9,851,925@5.22GiB bodies=9,851,925@147.14GiB receipts=9,851,925@115.59GiB eta=56h53m48.316s
INFO [11-16|20:38:43.267] Syncing: chain download in progress      synced=14.40% chain=268.05GiB headers=9,853,108@5.22GiB bodies=9,853,108@147.19GiB receipts=9,853,108@115.64GiB eta=56h54m40.989s
INFO [11-16|20:38:51.321] Syncing: chain download in progress      synced=14.40% chain=268.15GiB headers=9,854,193@5.22GiB bodies=9,854,193@147.24GiB receipts=9,854,193@115.68GiB eta=56h55m39.274s
INFO [11-16|20:38:59.374] Syncing: chain download in progress      synced=14.40% chain=268.25GiB headers=9,855,238@5.23GiB bodies=9,855,238@147.29GiB receipts=9,855,238@115.73GiB eta=56h56m39.688s
WARN [11-16|20:39:00.935] Pivot seemingly stale, moving            old=68,420,654 new=68,420,718
INFO [11-16|20:39:00.986] Syncing: state download in progress      synced=12.02% state=113.89GiB      accounts=80,912,392@13.51GiB slots=468,796,264@96.61GiB codes=497,361@3.76GiB eta=28h35m50.197s
INFO [11-16|20:39:07.491] Syncing: chain download in progress      synced=14.41% chain=268.34GiB headers=9,856,149@5.23GiB bodies=9,856,149@147.34GiB receipts=9,856,149@115.78GiB eta=56h57m48.582s
INFO [11-16|20:39:15.633] Syncing: chain download in progress      synced=14.41% chain=268.44GiB headers=9,857,135@5.23GiB bodies=9,857,135@147.39GiB receipts=9,857,135@115.82GiB eta=56h58m53.414s
INFO [11-16|20:39:23.687] Syncing: chain download in progress      synced=14.41% chain=268.53GiB headers=9,858,040@5.23GiB bodies=9,858,040@147.44GiB receipts=9,858,040@115.87GiB eta=57h0m1.398s
INFO [11-16|20:39:31.694] Syncing: chain download in progress      synced=14.41% chain=268.64GiB headers=9,859,185@5.23GiB bodies=9,859,185@147.49GiB receipts=9,859,185@115.92GiB eta=57h0m55.537s
INFO [11-16|20:39:39.826] Syncing: chain download in progress      synced=14.41% chain=268.73GiB headers=9,860,513@5.23GiB bodies=9,860,513@147.54GiB receipts=9,860,513@115.96GiB eta=57h1m41.479s
INFO [11-16|20:39:47.869] Syncing: chain download in progress      synced=14.41% chain=268.83GiB headers=9,862,015@5.23GiB bodies=9,862,015@147.59GiB receipts=9,862,015@116.01GiB eta=57h2m16.619s
INFO [11-16|20:39:55.930] Syncing: chain download in progress      synced=14.42% chain=268.92GiB headers=9,863,251@5.23GiB bodies=9,863,251@147.64GiB receipts=9,863,251@116.05GiB eta=57h3m6.509s
INFO [11-16|20:40:04.133] Syncing: chain download in progress      synced=14.42% chain=269.02GiB headers=9,864,753@5.23GiB bodies=9,864,753@147.69GiB receipts=9,864,753@116.10GiB eta=57h3m43.928s
INFO [11-16|20:40:12.239] Syncing: chain download in progress      synced=14.42% chain=269.12GiB headers=9,866,298@5.23GiB bodies=9,866,298@147.74GiB receipts=9,866,298@116.14GiB eta=57h4m17.505s
INFO [11-16|20:40:20.372] Syncing: chain download in progress      synced=14.42% chain=269.21GiB headers=9,867,807@5.23GiB bodies=9,867,807@147.79GiB receipts=9,867,807@116.19GiB eta=57h4m53.431s
INFO [11-16|20:40:28.437] Syncing: chain download in progress      synced=14.42% chain=269.31GiB headers=9,869,287@5.23GiB bodies=9,869,287@147.84GiB receipts=9,869,287@116.24GiB eta=57h5m29.926s
INFO [11-16|20:40:36.578] Syncing: chain download in progress      synced=14.43% chain=269.41GiB headers=9,870,660@5.23GiB bodies=9,870,660@147.89GiB receipts=9,870,660@116.28GiB eta=57h6m13.352s
INFO [11-16|20:40:44.707] Syncing: chain download in progress      synced=14.43% chain=269.50GiB headers=9,872,042@5.24GiB bodies=9,872,042@147.94GiB receipts=9,872,042@116.33GiB eta=57h6m56.041s
INFO [11-16|20:40:52.843] Syncing: chain download in progress      synced=14.43% chain=269.60GiB headers=9,873,357@5.24GiB bodies=9,873,357@147.99GiB receipts=9,873,357@116.37GiB eta=57h7m42.417s
INFO [11-16|20:41:00.891] Syncing: chain download in progress      synced=14.43% chain=269.69GiB headers=9,874,724@5.24GiB bodies=9,874,724@148.04GiB receipts=9,874,724@116.42GiB eta=57h8m24.687s
INFO [11-16|20:41:08.949] Syncing: chain download in progress      synced=14.43% chain=269.79GiB headers=9,876,083@5.24GiB bodies=9,876,083@148.09GiB receipts=9,876,083@116.46GiB eta=57h9m7.508s
INFO [11-16|20:41:17.061] Syncing: chain download in progress      synced=14.44% chain=269.89GiB headers=9,877,510@5.24GiB bodies=9,877,510@148.14GiB receipts=9,877,510@116.51GiB eta=57h9m47.396s
INFO [11-16|20:41:25.081] Syncing: chain download in progress      synced=14.44% chain=269.99GiB headers=9,878,867@5.24GiB bodies=9,878,867@148.19GiB receipts=9,878,867@116.56GiB eta=57h10m29.694s
WARN [11-16|20:41:32.973] Pivot seemingly stale, moving            old=68,420,718 new=68,420,782
INFO [11-16|20:41:32.974] Syncing: state download in progress      synced=12.02% state=113.89GiB      accounts=80,912,392@13.51GiB slots=468,796,264@96.61GiB codes=497,361@3.76GiB eta=28h50m15.756s
INFO [11-16|20:41:33.136] Syncing: chain download in progress      synced=14.44% chain=270.09GiB headers=9,879,994@5.24GiB bodies=9,879,994@148.24GiB receipts=9,879,994@116.60GiB eta=57h11m25.199s
INFO [11-16|20:41:41.254] Syncing: chain download in progress      synced=14.44% chain=270.19GiB headers=9,881,061@5.24GiB bodies=9,881,061@148.30GiB receipts=9,881,061@116.65GiB eta=57h12m24.611s
INFO [11-16|20:41:49.286] Syncing: chain download in progress      synced=14.44% chain=270.29GiB headers=9,882,049@5.24GiB bodies=9,882,049@148.35GiB receipts=9,882,049@116.70GiB eta=57h13m27.109s
INFO [11-16|20:41:57.331] Syncing: chain download in progress      synced=14.44% chain=270.38GiB headers=9,882,906@5.24GiB bodies=9,882,906@148.40GiB receipts=9,882,906@116.74GiB eta=57h14m36.855s
INFO [11-16|20:42:05.428] Syncing: chain download in progress      synced=14.45% chain=270.48GiB headers=9,883,771@5.24GiB bodies=9,883,771@148.45GiB receipts=9,883,771@116.79GiB eta=57h15m46.864s
INFO [11-16|20:42:13.483] Syncing: chain download in progress      synced=14.45% chain=270.58GiB headers=9,884,733@5.24GiB bodies=9,884,733@148.50GiB receipts=9,884,733@116.84GiB eta=57h16m50.969s
INFO [11-16|20:42:21.580] Syncing: chain download in progress      synced=14.45% chain=270.68GiB headers=9,885,710@5.24GiB bodies=9,885,710@148.55GiB receipts=9,885,710@116.88GiB eta=57h17m54.842s
INFO [11-16|20:42:29.606] Syncing: chain download in progress      synced=14.45% chain=270.78GiB headers=9,886,910@5.24GiB bodies=9,886,910@148.60GiB receipts=9,886,910@116.93GiB eta=57h18m45.518s
INFO [11-16|20:42:37.688] Syncing: chain download in progress      synced=14.45% chain=270.87GiB headers=9,888,218@5.24GiB bodies=9,888,218@148.65GiB receipts=9,888,218@116.98GiB eta=57h19m31.070s
INFO [11-16|20:42:45.690] Syncing: chain download in progress      synced=14.45% chain=270.96GiB headers=9,889,612@5.25GiB bodies=9,889,612@148.69GiB receipts=9,889,612@117.02GiB eta=57h20m10.697s
INFO [11-16|20:42:53.765] Syncing: chain download in progress      synced=14.46% chain=271.06GiB headers=9,891,195@5.25GiB bodies=9,891,195@148.74GiB receipts=9,891,195@117.07GiB eta=57h20m41.111s
INFO [11-16|20:43:01.770] Syncing: chain download in progress      synced=14.46% chain=271.15GiB headers=9,892,716@5.25GiB bodies=9,892,716@148.79GiB receipts=9,892,716@117.12GiB eta=57h21m13.848s
INFO [11-16|20:43:09.846] Syncing: chain download in progress      synced=14.46% chain=271.24GiB headers=9,894,048@5.25GiB bodies=9,894,048@148.83GiB receipts=9,894,048@117.16GiB eta=57h21m57.843s
INFO [11-16|20:43:17.947] Syncing: chain download in progress      synced=14.46% chain=271.34GiB headers=9,895,532@5.25GiB bodies=9,895,532@148.88GiB receipts=9,895,532@117.21GiB eta=57h22m33.925s
INFO [11-16|20:43:25.953] Syncing: chain download in progress      synced=14.46% chain=271.43GiB headers=9,896,910@5.25GiB bodies=9,896,910@148.93GiB receipts=9,896,910@117.26GiB eta=57h23m14.359s
INFO [11-16|20:43:33.995] Syncing: chain download in progress      synced=14.47% chain=271.52GiB headers=9,898,218@5.25GiB bodies=9,898,218@148.97GiB receipts=9,898,218@117.30GiB eta=57h23m59.135s
INFO [11-16|20:43:42.013] Syncing: chain download in progress      synced=14.47% chain=271.62GiB headers=9,899,537@5.25GiB bodies=9,899,537@149.02GiB receipts=9,899,537@117.35GiB eta=57h24m42.875s
INFO [11-16|20:43:50.076] Syncing: chain download in progress      synced=14.47% chain=271.71GiB headers=9,900,817@5.25GiB bodies=9,900,817@149.07GiB receipts=9,900,817@117.39GiB eta=57h25m29.325s
INFO [11-16|20:43:58.101] Syncing: chain download in progress      synced=14.47% chain=271.81GiB headers=9,902,200@5.25GiB bodies=9,902,200@149.12GiB receipts=9,902,200@117.44GiB eta=57h26m9.674s
INFO [11-16|20:44:06.104] Syncing: chain download in progress      synced=14.47% chain=271.90GiB headers=9,903,436@5.25GiB bodies=9,903,436@149.17GiB receipts=9,903,436@117.49GiB eta=57h26m57.621s
INFO [11-16|20:44:14.147] Syncing: chain download in progress      synced=14.48% chain=271.99GiB headers=9,904,402@5.25GiB bodies=9,904,402@149.21GiB receipts=9,904,402@117.53GiB eta=57h28m0.799s
WARN [11-16|20:44:16.109] Pivot seemingly stale, moving            old=68,420,782 new=68,420,846
INFO [11-16|20:44:16.183] Syncing: state download in progress      synced=12.02% state=113.89GiB      accounts=80,912,392@13.51GiB slots=468,796,264@96.61GiB codes=497,361@3.76GiB eta=29h4m30.095s
INFO [11-16|20:44:22.278] Syncing: chain download in progress      synced=14.48% chain=272.10GiB headers=9,905,154@5.25GiB bodies=9,905,154@149.26GiB receipts=9,905,154@117.58GiB eta=57h29m17.070s
INFO [11-16|20:44:30.296] Syncing: chain download in progress      synced=14.48% chain=272.19GiB headers=9,906,300@5.25GiB bodies=9,906,300@149.31GiB receipts=9,906,300@117.63GiB eta=57h30m10.010s
INFO [11-16|20:44:38.336] Syncing: chain download in progress      synced=14.48% chain=272.29GiB headers=9,907,498@5.26GiB bodies=9,907,498@149.36GiB receipts=9,907,498@117.67GiB eta=57h31m0.423s
INFO [11-16|20:44:46.374] Syncing: chain download in progress      synced=14.48% chain=272.38GiB headers=9,908,625@5.26GiB bodies=9,908,625@149.41GiB receipts=9,908,625@117.72GiB eta=57h31m54.655s
INFO [11-16|20:44:54.470] Syncing: chain download in progress      synced=14.48% chain=272.48GiB headers=9,909,607@5.26GiB bodies=9,909,607@149.46GiB receipts=9,909,607@117.76GiB eta=57h32m57.531s
INFO [11-16|20:45:02.549] Syncing: chain download in progress      synced=14.48% chain=272.58GiB headers=9,910,595@5.26GiB bodies=9,910,595@149.51GiB receipts=9,910,595@117.81GiB eta=57h33m59.856s
INFO [11-16|20:45:10.567] Syncing: chain download in progress      synced=14.49% chain=272.68GiB headers=9,911,567@5.26GiB bodies=9,911,567@149.56GiB receipts=9,911,567@117.86GiB eta=57h35m2.120s
INFO [11-16|20:45:18.605] Syncing: chain download in progress      synced=14.49% chain=272.78GiB headers=9,912,639@5.26GiB bodies=9,912,639@149.61GiB receipts=9,912,639@117.91GiB eta=57h35m59.170s
INFO [11-16|20:45:26.694] Syncing: chain download in progress      synced=14.49% chain=272.88GiB headers=9,913,776@5.26GiB bodies=9,913,776@149.67GiB receipts=9,913,776@117.95GiB eta=57h36m53.413s
INFO [11-16|20:45:34.745] Syncing: chain download in progress      synced=14.49% chain=272.98GiB headers=9,915,002@5.26GiB bodies=9,915,002@149.72GiB receipts=9,915,002@118.00GiB eta=57h37m42.190s
INFO [11-16|20:45:42.750] Syncing: chain download in progress      synced=14.49% chain=273.07GiB headers=9,916,386@5.26GiB bodies=9,916,386@149.77GiB receipts=9,916,386@118.05GiB eta=57h38m21.746s
INFO [11-16|20:45:50.787] Syncing: chain download in progress      synced=14.50% chain=273.17GiB headers=9,917,975@5.26GiB bodies=9,917,975@149.81GiB receipts=9,917,975@118.10GiB eta=57h38m50.510s
INFO [11-16|20:45:58.797] Syncing: chain download in progress      synced=14.50% chain=273.27GiB headers=9,919,566@5.26GiB bodies=9,919,566@149.86GiB receipts=9,919,566@118.14GiB eta=57h39m18.797s
INFO [11-16|20:46:06.862] Syncing: chain download in progress      synced=14.50% chain=273.36GiB headers=9,921,204@5.26GiB bodies=9,921,204@149.91GiB receipts=9,921,204@118.19GiB eta=57h39m45.219s
INFO [11-16|20:46:14.929] Syncing: chain download in progress      synced=14.50% chain=273.46GiB headers=9,922,812@5.26GiB bodies=9,922,812@149.96GiB receipts=9,922,812@118.23GiB eta=57h40m13.325s
INFO [11-16|20:46:22.949] Syncing: chain download in progress      synced=14.50% chain=273.55GiB headers=9,924,315@5.27GiB bodies=9,924,315@150.01GiB receipts=9,924,315@118.28GiB eta=57h40m46.423s
INFO [11-16|20:46:30.988] Syncing: chain download in progress      synced=14.51% chain=273.65GiB headers=9,925,588@5.27GiB bodies=9,925,588@150.06GiB receipts=9,925,588@118.33GiB eta=57h41m32.268s
INFO [11-16|20:46:38.996] Syncing: chain download in progress      synced=14.51% chain=273.75GiB headers=9,926,888@5.27GiB bodies=9,926,888@150.11GiB receipts=9,926,888@118.37GiB eta=57h42m16.202s
INFO [11-16|20:46:47.035] Syncing: chain download in progress      synced=14.51% chain=273.84GiB headers=9,927,989@5.27GiB bodies=9,927,989@150.16GiB receipts=9,927,989@118.42GiB eta=57h43m11.312s
WARN [11-16|20:46:53.298] Pivot seemingly stale, moving            old=68,420,846 new=68,420,910
INFO [11-16|20:46:53.299] Syncing: state download in progress      synced=12.02% state=113.89GiB      accounts=80,912,392@13.51GiB slots=468,796,264@96.61GiB codes=497,361@3.76GiB eta=29h18m50.527s
INFO [11-16|20:46:55.119] Syncing: chain download in progress      synced=14.51% chain=273.94GiB headers=9,929,201@5.27GiB bodies=9,929,201@150.21GiB receipts=9,929,201@118.47GiB eta=57h44m1.221s
INFO [11-16|20:47:03.199] Syncing: chain download in progress      synced=14.51% chain=274.03GiB headers=9,930,465@5.27GiB bodies=9,930,465@150.26GiB receipts=9,930,465@118.51GiB eta=57h44m48.026s
INFO [11-16|20:47:11.328] Syncing: chain download in progress      synced=14.52% chain=274.13GiB headers=9,931,721@5.27GiB bodies=9,931,721@150.30GiB receipts=9,931,721@118.55GiB eta=57h45m35.910s
INFO [11-16|20:47:19.445] Syncing: chain download in progress      synced=14.52% chain=274.22GiB headers=9,932,982@5.27GiB bodies=9,932,982@150.36GiB receipts=9,932,982@118.60GiB eta=57h46m23.305s
INFO [11-16|20:47:27.486] Syncing: chain download in progress      synced=14.52% chain=274.31GiB headers=9,934,071@5.27GiB bodies=9,934,071@150.40GiB receipts=9,934,071@118.64GiB eta=57h47m18.973s
INFO [11-16|20:47:35.570] Syncing: chain download in progress      synced=14.52% chain=274.41GiB headers=9,935,237@5.27GiB bodies=9,935,237@150.45GiB receipts=9,935,237@118.69GiB eta=57h48m10.971s
INFO [11-16|20:47:43.635] Syncing: chain download in progress      synced=14.52% chain=274.51GiB headers=9,936,219@5.27GiB bodies=9,936,219@150.50GiB receipts=9,936,219@118.73GiB eta=57h49m12.688s
INFO [11-16|20:47:51.661] Syncing: chain download in progress      synced=14.52% chain=274.60GiB headers=9,937,264@5.27GiB bodies=9,937,264@150.56GiB receipts=9,937,264@118.77GiB eta=57h50m10.435s
INFO [11-16|20:47:59.715] Syncing: chain download in progress      synced=14.52% chain=274.70GiB headers=9,938,044@5.27GiB bodies=9,938,044@150.61GiB receipts=9,938,044@118.82GiB eta=57h51m22.867s
INFO [11-16|20:48:07.845] Syncing: chain download in progress      synced=14.53% chain=274.80GiB headers=9,938,848@5.27GiB bodies=9,938,848@150.66GiB receipts=9,938,848@118.86GiB eta=57h52m35.094s
INFO [11-16|20:48:15.923] Syncing: chain download in progress      synced=14.53% chain=274.90GiB headers=9,939,648@5.27GiB bodies=9,939,648@150.71GiB receipts=9,939,648@118.91GiB eta=57h53m46.808s
INFO [11-16|20:48:24.083] Syncing: chain download in progress      synced=14.53% chain=274.99GiB headers=9,940,473@5.27GiB bodies=9,940,473@150.76GiB receipts=9,940,473@118.96GiB eta=57h54m58.255s
INFO [11-16|20:48:32.085] Syncing: chain download in progress      synced=14.53% chain=275.10GiB headers=9,941,321@5.28GiB bodies=9,941,321@150.82GiB receipts=9,941,321@119.00GiB eta=57h56m6.167s
INFO [11-16|20:48:40.132] Syncing: chain download in progress      synced=14.53% chain=275.20GiB headers=9,942,126@5.28GiB bodies=9,942,126@150.87GiB receipts=9,942,126@119.05GiB eta=57h57m17.038s
INFO [11-16|20:48:48.205] Syncing: chain download in progress      synced=14.53% chain=275.30GiB headers=9,943,095@5.28GiB bodies=9,943,095@150.93GiB receipts=9,943,095@119.09GiB eta=57h58m19.310s
INFO [11-16|20:48:56.265] Syncing: chain download in progress      synced=14.53% chain=275.39GiB headers=9,943,942@5.28GiB bodies=9,943,942@150.98GiB receipts=9,943,942@119.14GiB eta=57h59m27.980s
INFO [11-16|20:49:04.334] Syncing: chain download in progress      synced=14.53% chain=275.49GiB headers=9,944,736@5.28GiB bodies=9,944,736@151.03GiB receipts=9,944,736@119.19GiB eta=58h0m39.644s
INFO [11-16|20:49:12.344] Syncing: chain download in progress      synced=14.54% chain=275.59GiB headers=9,945,903@5.28GiB bodies=9,945,903@151.07GiB receipts=9,945,903@119.24GiB eta=58h1m30.209s
INFO [11-16|20:49:20.392] Syncing: chain download in progress      synced=14.54% chain=275.69GiB headers=9,947,197@5.28GiB bodies=9,947,197@151.13GiB receipts=9,947,197@119.28GiB eta=58h2m14.295s
INFO [11-16|20:49:28.474] Syncing: chain download in progress      synced=14.54% chain=275.78GiB headers=9,948,514@5.28GiB bodies=9,948,514@151.17GiB receipts=9,948,514@119.33GiB eta=58h2m57.595s
INFO [11-16|20:49:36.492] Syncing: chain download in progress      synced=14.54% chain=275.88GiB headers=9,949,952@5.28GiB bodies=9,949,952@151.22GiB receipts=9,949,952@119.38GiB eta=58h3m33.385s
INFO [11-16|20:49:44.657] Syncing: chain download in progress      synced=14.54% chain=275.98GiB headers=9,951,389@5.28GiB bodies=9,951,389@151.27GiB receipts=9,951,389@119.43GiB eta=58h4m11.282s
INFO [11-16|20:49:52.794] Syncing: chain download in progress      synced=14.55% chain=276.08GiB headers=9,952,693@5.28GiB bodies=9,952,693@151.32GiB receipts=9,952,693@119.47GiB eta=58h4m55.967s
WARN [11-16|20:49:59.445] Pivot seemingly stale, moving            old=68,420,910 new=68,420,974
INFO [11-16|20:49:59.560] Syncing: state download in progress      synced=12.02% state=113.89GiB      accounts=80,912,392@13.51GiB slots=468,796,264@96.61GiB codes=497,361@3.76GiB eta=29h49m39.363s
INFO [11-16|20:50:00.891] Syncing: chain download in progress      synced=14.55% chain=276.17GiB headers=9,953,851@5.28GiB bodies=9,953,851@151.37GiB receipts=9,953,851@119.52GiB eta=58h5m48.241s
INFO [11-16|20:50:08.989] Syncing: chain download in progress      synced=14.55% chain=276.27GiB headers=9,955,129@5.28GiB bodies=9,955,129@151.42GiB receipts=9,955,129@119.57GiB eta=58h6m33.716s
INFO [11-16|20:50:17.016] Syncing: chain download in progress      synced=14.55% chain=276.36GiB headers=9,956,443@5.28GiB bodies=9,956,443@151.47GiB receipts=9,956,443@119.61GiB eta=58h7m16.254s
INFO [11-16|20:50:25.080] Syncing: chain download in progress      synced=14.55% chain=276.46GiB headers=9,957,810@5.28GiB bodies=9,957,810@151.52GiB receipts=9,957,810@119.66GiB eta=58h7m56.320s
INFO [11-16|20:50:33.149] Syncing: chain download in progress      synced=14.56% chain=276.55GiB headers=9,959,197@5.29GiB bodies=9,959,197@151.56GiB receipts=9,959,197@119.70GiB eta=58h8m35.377s
INFO [11-16|20:50:41.160] Syncing: chain download in progress      synced=14.56% chain=276.65GiB headers=9,960,694@5.29GiB bodies=9,960,694@151.61GiB receipts=9,960,694@119.75GiB eta=58h9m7.607s
INFO [11-16|20:50:49.195] Syncing: chain download in progress      synced=14.56% chain=276.74GiB headers=9,962,122@5.29GiB bodies=9,962,122@151.66GiB receipts=9,962,122@119.80GiB eta=58h9m43.940s
INFO [11-16|20:50:57.297] Syncing: chain download in progress      synced=14.56% chain=276.84GiB headers=9,963,612@5.29GiB bodies=9,963,612@151.71GiB receipts=9,963,612@119.84GiB eta=58h10m17.770s
INFO [11-16|20:51:05.465] Syncing: chain download in progress      synced=14.56% chain=276.94GiB headers=9,965,055@5.29GiB bodies=9,965,055@151.76GiB receipts=9,965,055@119.89GiB eta=58h10m55.040s
INFO [11-16|20:51:13.522] Syncing: chain download in progress      synced=14.57% chain=277.03GiB headers=9,966,295@5.29GiB bodies=9,966,295@151.81GiB receipts=9,966,295@119.94GiB eta=58h11m41.744s
INFO [11-16|20:51:21.626] Syncing: chain download in progress      synced=14.57% chain=277.13GiB headers=9,967,355@5.29GiB bodies=9,967,355@151.86GiB receipts=9,967,355@119.98GiB eta=58h12m38.854s
INFO [11-16|20:51:29.689] Syncing: chain download in progress      synced=14.57% chain=277.22GiB headers=9,968,271@5.29GiB bodies=9,968,271@151.90GiB receipts=9,968,271@120.03GiB eta=58h13m43.200s
INFO [11-16|20:51:37.690] Syncing: chain download in progress      synced=14.57% chain=277.32GiB headers=9,969,388@5.29GiB bodies=9,969,388@151.95GiB receipts=9,969,388@120.08GiB eta=58h14m35.717s
INFO [11-16|20:51:45.795] Syncing: chain download in progress      synced=14.57% chain=277.41GiB headers=9,970,610@5.29GiB bodies=9,970,610@152.00GiB receipts=9,970,610@120.12GiB eta=58h15m23.997s
INFO [11-16|20:51:53.851] Syncing: chain download in progress      synced=14.57% chain=277.50GiB headers=9,971,859@5.29GiB bodies=9,971,859@152.04GiB receipts=9,971,859@120.17GiB eta=58h16m10.016s
INFO [11-16|20:52:01.984] Syncing: chain download in progress      synced=14.58% chain=277.60GiB headers=9,973,224@5.29GiB bodies=9,973,224@152.09GiB receipts=9,973,224@120.21GiB eta=58h16m50.823s
INFO [11-16|20:52:10.010] Syncing: chain download in progress      synced=14.58% chain=277.69GiB headers=9,974,908@5.29GiB bodies=9,974,908@152.14GiB receipts=9,974,908@120.26GiB eta=58h17m12.773s
INFO [11-16|20:52:18.092] Syncing: chain download in progress      synced=14.58% chain=277.79GiB headers=9,976,629@5.30GiB bodies=9,976,629@152.19GiB receipts=9,976,629@120.31GiB eta=58h17m33.421s
WARN [11-16|20:52:25.570] Pivot seemingly stale, moving            old=68,420,974 new=68,421,038
INFO [11-16|20:52:25.786] Syncing: state download in progress      synced=12.02% state=113.89GiB      accounts=80,912,392@13.51GiB slots=468,796,264@96.61GiB codes=497,361@3.76GiB eta=30h4m10.684s
INFO [11-16|20:52:26.131] Syncing: chain download in progress      synced=14.58% chain=277.88GiB headers=9,978,343@5.30GiB bodies=9,978,343@152.23GiB receipts=9,978,343@120.35GiB eta=58h17m54.087s
INFO [11-16|20:52:34.229] Syncing: chain download in progress      synced=14.59% chain=277.97GiB headers=9,979,957@5.30GiB bodies=9,979,957@152.28GiB receipts=9,979,957@120.40GiB eta=58h18m20.785s
INFO [11-16|20:52:42.315] Syncing: chain download in progress      synced=14.59% chain=278.07GiB headers=9,981,607@5.30GiB bodies=9,981,607@152.33GiB receipts=9,981,607@120.44GiB eta=58h18m45.305s
INFO [11-16|20:52:50.375] Syncing: chain download in progress      synced=14.59% chain=278.16GiB headers=9,983,355@5.30GiB bodies=9,983,355@152.37GiB receipts=9,983,355@120.49GiB eta=58h19m4.154s
INFO [11-16|20:52:58.501] Syncing: chain download in progress      synced=14.59% chain=278.25GiB headers=9,985,130@5.30GiB bodies=9,985,130@152.42GiB receipts=9,985,130@120.53GiB eta=58h19m22.379s
INFO [11-16|20:53:06.578] Syncing: chain download in progress      synced=14.60% chain=278.34GiB headers=9,986,837@5.30GiB bodies=9,986,837@152.46GiB receipts=9,986,837@120.58GiB eta=58h19m43.651s
INFO [11-16|20:53:14.579] Syncing: chain download in progress      synced=14.60% chain=278.44GiB headers=9,988,319@5.30GiB bodies=9,988,319@152.51GiB receipts=9,988,319@120.62GiB eta=58h20m15.956s
INFO [11-16|20:53:22.589] Syncing: chain download in progress      synced=14.60% chain=278.53GiB headers=9,989,894@5.30GiB bodies=9,989,894@152.56GiB receipts=9,989,894@120.67GiB eta=58h20m43.368s
INFO [11-16|20:53:30.683] Syncing: chain download in progress      synced=14.60% chain=278.63GiB headers=9,991,421@5.30GiB bodies=9,991,421@152.60GiB receipts=9,991,421@120.72GiB eta=58h21m14.514s
INFO [11-16|20:53:38.694] Syncing: chain download in progress      synced=14.60% chain=278.72GiB headers=9,992,759@5.30GiB bodies=9,992,759@152.65GiB receipts=9,992,759@120.76GiB eta=58h21m54.693s
INFO [11-16|20:53:46.753] Syncing: chain download in progress      synced=14.61% chain=278.82GiB headers=9,994,047@5.31GiB bodies=9,994,047@152.70GiB receipts=9,994,047@120.81GiB eta=58h22m38.205s
INFO [11-16|20:53:54.883] Syncing: chain download in progress      synced=14.61% chain=278.91GiB headers=9,995,031@5.31GiB bodies=9,995,031@152.75GiB receipts=9,995,031@120.86GiB eta=58h23m39.168s
INFO [11-16|20:54:03.028] Syncing: chain download in progress      synced=14.61% chain=279.02GiB headers=9,996,041@5.31GiB bodies=9,996,041@152.80GiB receipts=9,996,041@120.91GiB eta=58h24m38.925s
INFO [11-16|20:54:11.078] Syncing: chain download in progress      synced=14.61% chain=279.12GiB headers=9,997,163@5.31GiB bodies=9,997,163@152.85GiB receipts=9,997,163@120.96GiB eta=58h25m31.208s
INFO [11-16|20:54:19.142] Syncing: chain download in progress      synced=14.61% chain=279.21GiB headers=9,998,114@5.31GiB bodies=9,998,114@152.90GiB receipts=9,998,114@121.00GiB eta=58h26m32.926s
INFO [11-16|20:54:27.150] Syncing: chain download in progress      synced=14.61% chain=279.31GiB headers=9,999,146@5.31GiB bodies=9,999,146@152.95GiB receipts=9,999,146@121.05GiB eta=58h27m29.500s
INFO [11-16|20:54:35.166] Syncing: chain download in progress      synced=14.62% chain=279.41GiB headers=10,000,468@5.31GiB bodies=10,000,468@153.00GiB receipts=10,000,468@121.10GiB eta=58h28m10.365s
INFO [11-16|20:54:43.183] Syncing: chain download in progress      synced=14.62% chain=279.50GiB headers=10,002,069@5.31GiB bodies=10,002,069@153.04GiB receipts=10,002,069@121.15GiB eta=58h28m36.143s
WARN [11-16|20:54:45.723] Pivot seemingly stale, moving            old=68,421,038 new=68,421,102
INFO [11-16|20:54:45.725] Syncing: state download in progress      synced=12.02% state=113.89GiB      accounts=80,912,392@13.51GiB slots=468,796,264@96.61GiB codes=497,361@3.76GiB eta=30h18m48.293s
INFO [11-16|20:54:51.339] Syncing: chain download in progress      synced=14.62% chain=279.59GiB headers=10,003,820@5.31GiB bodies=10,003,820@153.09GiB receipts=10,003,820@121.19GiB eta=58h28m55.942s
INFO [11-16|20:54:59.340] Syncing: chain download in progress      synced=14.62% chain=279.69GiB headers=10,005,639@5.31GiB bodies=10,005,639@153.14GiB receipts=10,005,639@121.24GiB eta=58h29m9.657s
INFO [11-16|20:55:07.347] Syncing: chain download in progress      synced=14.63% chain=279.78GiB headers=10,007,263@5.31GiB bodies=10,007,263@153.18GiB receipts=10,007,263@121.29GiB eta=58h29m33.945s
INFO [11-16|20:55:15.461] Syncing: chain download in progress      synced=14.63% chain=279.88GiB headers=10,008,949@5.31GiB bodies=10,008,949@153.23GiB receipts=10,008,949@121.33GiB eta=58h29m56.372s
INFO [11-16|20:55:23.499] Syncing: chain download in progress      synced=14.63% chain=279.97GiB headers=10,010,634@5.32GiB bodies=10,010,634@153.28GiB receipts=10,010,634@121.38GiB eta=58h30m17.808s
INFO [11-16|20:55:31.570] Syncing: chain download in progress      synced=14.63% chain=280.07GiB headers=10,012,348@5.32GiB bodies=10,012,348@153.33GiB receipts=10,012,348@121.43GiB eta=58h30m38.029s
INFO [11-16|20:55:39.617] Syncing: chain download in progress      synced=14.64% chain=280.16GiB headers=10,014,023@5.32GiB bodies=10,014,023@153.37GiB receipts=10,014,023@121.47GiB eta=58h31m0.082s
INFO [11-16|20:55:47.754] Syncing: chain download in progress      synced=14.64% chain=280.26GiB headers=10,015,751@5.32GiB bodies=10,015,751@153.42GiB receipts=10,015,751@121.52GiB eta=58h31m20.482s
INFO [11-16|20:55:55.766] Syncing: chain download in progress      synced=14.64% chain=280.35GiB headers=10,017,413@5.32GiB bodies=10,017,413@153.47GiB receipts=10,017,413@121.56GiB eta=58h31m42.638s
INFO [11-16|20:56:03.938] Syncing: chain download in progress      synced=14.64% chain=280.45GiB headers=10,019,080@5.32GiB bodies=10,019,080@153.52GiB receipts=10,019,080@121.61GiB eta=58h32m6.759s
INFO [11-16|20:56:11.961] Syncing: chain download in progress      synced=14.65% chain=280.54GiB headers=10,020,595@5.32GiB bodies=10,020,595@153.56GiB receipts=10,020,595@121.66GiB eta=58h32m36.976s
INFO [11-16|20:56:20.093] Syncing: chain download in progress      synced=14.65% chain=280.63GiB headers=10,022,130@5.32GiB bodies=10,022,130@153.60GiB receipts=10,022,130@121.70GiB eta=58h33m7.643s
INFO [11-16|20:56:28.136] Syncing: chain download in progress      synced=14.65% chain=280.71GiB headers=10,023,520@5.32GiB bodies=10,023,520@153.65GiB receipts=10,023,520@121.74GiB eta=58h33m44.789s
INFO [11-16|20:56:36.278] Syncing: chain download in progress      synced=14.65% chain=280.81GiB headers=10,024,819@5.32GiB bodies=10,024,819@153.70GiB receipts=10,024,819@121.79GiB eta=58h34m28.277s
INFO [11-16|20:56:44.368] Syncing: chain download in progress      synced=14.65% chain=280.91GiB headers=10,026,143@5.32GiB bodies=10,026,143@153.74GiB receipts=10,026,143@121.84GiB eta=58h35m9.628s
WARN [11-16|20:56:50.756] Pivot seemingly stale, moving            old=68,421,102 new=68,421,166
INFO [11-16|20:56:50.855] Syncing: state download in progress      synced=12.02% state=113.89GiB      accounts=80,912,392@13.51GiB slots=468,796,264@96.61GiB codes=497,361@3.76GiB eta=30h33m40.711s
INFO [11-16|20:56:52.439] Syncing: chain download in progress      synced=14.66% chain=281.00GiB headers=10,027,595@5.32GiB bodies=10,027,595@153.79GiB receipts=10,027,595@121.88GiB eta=58h35m43.972s
INFO [11-16|20:57:00.565] Syncing: chain download in progress      synced=14.66% chain=281.10GiB headers=10,029,240@5.33GiB bodies=10,029,240@153.84GiB receipts=10,029,240@121.93GiB eta=58h36m8.452s
INFO [11-16|20:57:08.687] Syncing: chain download in progress      synced=14.66% chain=281.19GiB headers=10,031,034@5.33GiB bodies=10,031,034@153.89GiB receipts=10,031,034@121.98GiB eta=58h36m24.800s
INFO [11-16|20:57:16.701] Syncing: chain download in progress      synced=14.66% chain=281.29GiB headers=10,033,086@5.33GiB bodies=10,033,086@153.93GiB receipts=10,033,086@122.03GiB eta=58h36m25.735s
INFO [11-16|20:57:24.708] Syncing: chain download in progress      synced=14.67% chain=281.38GiB headers=10,034,856@5.33GiB bodies=10,034,856@153.98GiB receipts=10,034,856@122.07GiB eta=58h36m41.760s
INFO [11-16|20:57:32.807] Syncing: chain download in progress      synced=14.67% chain=281.48GiB headers=10,036,665@5.33GiB bodies=10,036,665@154.02GiB receipts=10,036,665@122.12GiB eta=58h36m56.941s
INFO [11-16|20:57:40.810] Syncing: chain download in progress      synced=14.67% chain=281.57GiB headers=10,038,380@5.33GiB bodies=10,038,380@154.07GiB receipts=10,038,380@122.17GiB eta=58h37m15.789s
INFO [11-16|20:57:48.813] Syncing: chain download in progress      synced=14.67% chain=281.66GiB headers=10,039,993@5.33GiB bodies=10,039,993@154.11GiB receipts=10,039,993@122.21GiB eta=58h37m40.142s
INFO [11-16|20:57:56.838] Syncing: chain download in progress      synced=14.68% chain=281.75GiB headers=10,041,785@5.33GiB bodies=10,041,785@154.16GiB receipts=10,041,785@122.26GiB eta=58h37m55.147s
INFO [11-16|20:58:05.009] Syncing: chain download in progress      synced=14.68% chain=281.85GiB headers=10,043,495@5.33GiB bodies=10,043,495@154.21GiB receipts=10,043,495@122.31GiB eta=58h38m16.577s
INFO [11-16|20:58:13.103] Syncing: chain download in progress      synced=14.68% chain=281.95GiB headers=10,045,057@5.33GiB bodies=10,045,057@154.26GiB receipts=10,045,057@122.35GiB eta=58h38m44.845s
INFO [11-16|20:58:21.221] Syncing: chain download in progress      synced=14.68% chain=282.03GiB headers=10,046,498@5.34GiB bodies=10,046,498@154.30GiB receipts=10,046,498@122.40GiB eta=58h39m19.912s
INFO [11-16|20:58:29.395] Syncing: chain download in progress      synced=14.69% chain=282.13GiB headers=10,047,966@5.34GiB bodies=10,047,966@154.35GiB receipts=10,047,966@122.44GiB eta=58h39m54.295s
INFO [11-16|20:58:37.489] Syncing: chain download in progress      synced=14.69% chain=282.22GiB headers=10,049,400@5.34GiB bodies=10,049,400@154.39GiB receipts=10,049,400@122.49GiB eta=58h40m29.384s
INFO [11-16|20:58:45.518] Syncing: chain download in progress      synced=14.69% chain=282.31GiB headers=10,050,588@5.34GiB bodies=10,050,588@154.44GiB receipts=10,050,588@122.53GiB eta=58h41m16.743s
INFO [11-16|20:58:53.640] Syncing: chain download in progress      synced=14.69% chain=282.40GiB headers=10,051,762@5.34GiB bodies=10,051,762@154.48GiB receipts=10,051,762@122.58GiB eta=58h42m6.135s
WARN [11-16|20:58:54.912] Pivot seemingly stale, moving            old=68,421,166 new=68,421,230
INFO [11-16|20:58:54.913] Syncing: state download in progress      synced=12.02% state=113.89GiB      accounts=80,912,392@13.51GiB slots=468,796,264@96.61GiB codes=497,361@3.76GiB eta=30h48m34.201s
INFO [11-16|20:59:01.682] Syncing: chain download in progress      synced=14.69% chain=282.49GiB headers=10,052,855@5.34GiB bodies=10,052,855@154.53GiB receipts=10,052,855@122.62GiB eta=58h42m58.968s
INFO [11-16|20:59:09.735] Syncing: chain download in progress      synced=14.69% chain=282.58GiB headers=10,053,775@5.34GiB bodies=10,053,775@154.57GiB receipts=10,053,775@122.66GiB eta=58h44m1.008s
INFO [11-16|20:59:17.785] Syncing: chain download in progress      synced=14.70% chain=282.67GiB headers=10,054,970@5.34GiB bodies=10,054,970@154.62GiB receipts=10,054,970@122.71GiB eta=58h44m48.158s
INFO [11-16|20:59:25.854] Syncing: chain download in progress      synced=14.70% chain=282.76GiB headers=10,056,399@5.34GiB bodies=10,056,399@154.67GiB receipts=10,056,399@122.75GiB eta=58h45m22.960s
INFO [11-16|20:59:33.859] Syncing: chain download in progress      synced=14.70% chain=282.85GiB headers=10,057,685@5.34GiB bodies=10,057,685@154.71GiB receipts=10,057,685@122.80GiB eta=58h46m4.582s
INFO [11-16|20:59:41.932] Syncing: chain download in progress      synced=14.70% chain=282.95GiB headers=10,059,222@5.34GiB bodies=10,059,222@154.76GiB receipts=10,059,222@122.84GiB eta=58h46m33.561s
INFO [11-16|20:59:50.029] Syncing: chain download in progress      synced=14.70% chain=283.05GiB headers=10,060,960@5.34GiB bodies=10,060,960@154.81GiB receipts=10,060,960@122.89GiB eta=58h46m52.062s
INFO [11-16|20:59:58.085] Syncing: chain download in progress      synced=14.71% chain=283.14GiB headers=10,062,626@5.35GiB bodies=10,062,626@154.86GiB receipts=10,062,626@122.94GiB eta=58h47m13.859s
INFO [11-16|21:00:06.145] Syncing: chain download in progress      synced=14.71% chain=283.24GiB headers=10,064,339@5.35GiB bodies=10,064,339@154.90GiB receipts=10,064,339@122.99GiB eta=58h47m33.149s
INFO [11-16|21:00:14.224] Syncing: chain download in progress      synced=14.71% chain=283.33GiB headers=10,065,769@5.35GiB bodies=10,065,769@154.95GiB receipts=10,065,769@123.03GiB eta=58h48m7.877s
INFO [11-16|21:00:22.367] Syncing: chain download in progress      synced=14.71% chain=283.42GiB headers=10,067,307@5.35GiB bodies=10,067,307@155.00GiB receipts=10,067,307@123.08GiB eta=58h48m37.661s
INFO [11-16|21:00:30.431] Syncing: chain download in progress      synced=14.72% chain=283.51GiB headers=10,068,932@5.35GiB bodies=10,068,932@155.04GiB receipts=10,068,932@123.12GiB eta=58h49m1.700s
INFO [11-16|21:00:38.527] Syncing: chain download in progress      synced=14.72% chain=283.61GiB headers=10,070,547@5.35GiB bodies=10,070,547@155.09GiB receipts=10,070,547@123.17GiB eta=58h49m26.648s
INFO [11-16|21:00:46.647] Syncing: chain download in progress      synced=14.72% chain=283.70GiB headers=10,072,021@5.35GiB bodies=10,072,021@155.13GiB receipts=10,072,021@123.21GiB eta=58h49m59.459s
INFO [11-16|21:00:54.655] Syncing: chain download in progress      synced=14.72% chain=283.80GiB headers=10,073,576@5.35GiB bodies=10,073,576@155.18GiB receipts=10,073,576@123.26GiB eta=58h50m26.373s
INFO [11-16|21:01:02.723] Syncing: chain download in progress      synced=14.72% chain=283.89GiB headers=10,075,021@5.35GiB bodies=10,075,021@155.23GiB receipts=10,075,021@123.31GiB eta=58h50m59.985s
INFO [11-16|21:01:10.752] Syncing: chain download in progress      synced=14.73% chain=283.98GiB headers=10,076,415@5.35GiB bodies=10,076,415@155.28GiB receipts=10,076,415@123.35GiB eta=58h51m35.765s
WARN [11-16|21:01:11.020] Pivot seemingly stale, moving            old=68,421,230 new=68,421,294
INFO [11-16|21:01:11.021] Syncing: state download in progress      synced=12.02% state=113.89GiB      accounts=80,912,392@13.51GiB slots=468,796,264@96.61GiB codes=497,361@3.76GiB eta=31h3m15.641s
INFO [11-16|21:01:18.849] Syncing: chain download in progress      synced=14.73% chain=284.08GiB headers=10,077,758@5.35GiB bodies=10,077,758@155.32GiB receipts=10,077,758@123.40GiB eta=58h52m15.403s
INFO [11-16|21:01:26.868] Syncing: chain download in progress      synced=14.73% chain=284.18GiB headers=10,079,089@5.35GiB bodies=10,079,089@155.37GiB receipts=10,079,089@123.45GiB eta=58h52m54.325s
INFO [11-16|21:01:34.910] Syncing: chain download in progress      synced=14.73% chain=284.27GiB headers=10,080,251@5.36GiB bodies=10,080,251@155.42GiB receipts=10,080,251@123.49GiB eta=58h53m42.668s
INFO [11-16|21:01:42.928] Syncing: chain download in progress      synced=14.73% chain=284.36GiB headers=10,081,285@5.36GiB bodies=10,081,285@155.47GiB receipts=10,081,285@123.54GiB eta=58h54m37.425s
INFO [11-16|21:01:50.997] Syncing: chain download in progress      synced=14.74% chain=284.46GiB headers=10,082,360@5.36GiB bodies=10,082,360@155.52GiB receipts=10,082,360@123.58GiB eta=58h55m30.748s
INFO [11-16|21:01:59.147] Syncing: chain download in progress      synced=14.74% chain=284.56GiB headers=10,083,614@5.36GiB bodies=10,083,614@155.57GiB receipts=10,083,614@123.63GiB eta=58h56m15.483s
INFO [11-16|21:02:07.163] Syncing: chain download in progress      synced=14.74% chain=284.65GiB headers=10,084,838@5.36GiB bodies=10,084,838@155.61GiB receipts=10,084,838@123.68GiB eta=58h56m59.976s
INFO [11-16|21:02:15.235] Syncing: chain download in progress      synced=14.74% chain=284.75GiB headers=10,086,328@5.36GiB bodies=10,086,328@155.66GiB receipts=10,086,328@123.73GiB eta=58h57m30.957s
INFO [11-16|21:02:23.270] Syncing: chain download in progress      synced=14.74% chain=284.85GiB headers=10,087,979@5.36GiB bodies=10,087,979@155.71GiB receipts=10,087,979@123.77GiB eta=58h57m52.774s
INFO [11-16|21:02:31.316] Syncing: chain download in progress      synced=14.75% chain=284.94GiB headers=10,089,545@5.36GiB bodies=10,089,545@155.76GiB receipts=10,089,545@123.82GiB eta=58h58m19.275s
INFO [11-16|21:02:39.476] Syncing: chain download in progress      synced=14.75% chain=285.03GiB headers=10,091,112@5.36GiB bodies=10,091,112@155.81GiB receipts=10,091,112@123.87GiB eta=58h58m47.287s
INFO [11-16|21:02:47.546] Syncing: chain download in progress      synced=14.75% chain=285.13GiB headers=10,092,759@5.36GiB bodies=10,092,759@155.85GiB receipts=10,092,759@123.91GiB eta=58h59m9.697s
INFO [11-16|21:02:55.697] Syncing: chain download in progress      synced=14.75% chain=285.21GiB headers=10,094,236@5.36GiB bodies=10,094,236@155.90GiB receipts=10,094,236@123.96GiB eta=58h59m42.350s
INFO [11-16|21:03:03.776] Syncing: chain download in progress      synced=14.76% chain=285.30GiB headers=10,095,578@5.36GiB bodies=10,095,578@155.94GiB receipts=10,095,578@124.00GiB eta=59h0m21.149s
INFO [11-16|21:03:11.784] Syncing: chain download in progress      synced=14.76% chain=285.38GiB headers=10,096,930@5.36GiB bodies=10,096,930@155.98GiB receipts=10,096,930@124.04GiB eta=59h0m58.452s
INFO [11-16|21:03:19.903] Syncing: chain download in progress      synced=14.76% chain=285.47GiB headers=10,098,370@5.37GiB bodies=10,098,370@156.02GiB receipts=10,098,370@124.08GiB eta=59h1m32.574s
INFO [11-16|21:03:27.934] Syncing: chain download in progress      synced=14.76% chain=285.57GiB headers=10,099,933@5.37GiB bodies=10,099,933@156.07GiB receipts=10,099,933@124.13GiB eta=59h1m58.840s
WARN [11-16|21:03:34.064] Pivot seemingly stale, moving            old=68,421,294 new=68,421,358
INFO [11-16|21:03:34.154] Syncing: state download in progress      synced=12.02% state=113.89GiB      accounts=80,912,392@13.51GiB slots=468,796,264@96.61GiB codes=497,361@3.76GiB eta=31h34m47.605s
INFO [11-16|21:03:36.030] Syncing: chain download in progress      synced=14.76% chain=285.66GiB headers=10,101,401@5.37GiB bodies=10,101,401@156.12GiB receipts=10,101,401@124.18GiB eta=59h2m31.282s
INFO [11-16|21:03:44.054] Syncing: chain download in progress      synced=14.77% chain=285.75GiB headers=10,102,859@5.37GiB bodies=10,102,859@156.16GiB receipts=10,102,859@124.22GiB eta=59h3m3.000s
INFO [11-16|21:03:52.062] Syncing: chain download in progress      synced=14.77% chain=285.85GiB headers=10,104,311@5.37GiB bodies=10,104,311@156.21GiB receipts=10,104,311@124.27GiB eta=59h3m34.855s
INFO [11-16|21:04:00.070] Syncing: chain download in progress      synced=14.77% chain=285.94GiB headers=10,105,618@5.37GiB bodies=10,105,618@156.25GiB receipts=10,105,618@124.31GiB eta=59h4m14.352s
INFO [11-16|21:04:08.203] Syncing: chain download in progress      synced=14.77% chain=286.04GiB headers=10,107,062@5.37GiB bodies=10,107,062@156.30GiB receipts=10,107,062@124.36GiB eta=59h4m48.273s
INFO [11-16|21:04:16.305] Syncing: chain download in progress      synced=14.77% chain=286.14GiB headers=10,108,370@5.37GiB bodies=10,108,370@156.35GiB receipts=10,108,370@124.41GiB eta=59h5m28.987s
INFO [11-16|21:04:24.321] Syncing: chain download in progress      synced=14.78% chain=286.23GiB headers=10,109,492@5.37GiB bodies=10,109,492@156.40GiB receipts=10,109,492@124.46GiB eta=59h6m18.424s
INFO [11-16|21:04:32.467] Syncing: chain download in progress      synced=14.78% chain=286.33GiB headers=10,110,618@5.37GiB bodies=10,110,618@156.45GiB receipts=10,110,618@124.51GiB eta=59h7m9.361s
INFO [11-16|21:04:40.667] Syncing: chain download in progress      synced=14.78% chain=286.43GiB headers=10,111,803@5.37GiB bodies=10,111,803@156.50GiB receipts=10,111,803@124.56GiB eta=59h7m57.922s
INFO [11-16|21:04:48.810] Syncing: chain download in progress      synced=14.78% chain=286.53GiB headers=10,113,153@5.37GiB bodies=10,113,153@156.55GiB receipts=10,113,153@124.60GiB eta=59h8m36.841s
INFO [11-16|21:04:56.850] Syncing: chain download in progress      synced=14.78% chain=286.63GiB headers=10,114,675@5.38GiB bodies=10,114,675@156.60GiB receipts=10,114,675@124.65GiB eta=59h9m5.102s
INFO [11-16|21:05:04.895] Syncing: chain download in progress      synced=14.79% chain=286.72GiB headers=10,116,280@5.38GiB bodies=10,116,280@156.65GiB receipts=10,116,280@124.70GiB eta=59h9m28.976s
INFO [11-16|21:05:13.024] Syncing: chain download in progress      synced=14.79% chain=286.82GiB headers=10,117,979@5.38GiB bodies=10,117,979@156.70GiB receipts=10,117,979@124.75GiB eta=59h9m48.948s
INFO [11-16|21:05:21.086] Syncing: chain download in progress      synced=14.79% chain=286.92GiB headers=10,119,772@5.38GiB bodies=10,119,772@156.74GiB receipts=10,119,772@124.79GiB eta=59h10m2.978s
INFO [11-16|21:05:29.179] Syncing: chain download in progress      synced=14.79% chain=287.01GiB headers=10,121,546@5.38GiB bodies=10,121,546@156.79GiB receipts=10,121,546@124.84GiB eta=59h10m18.476s
INFO [11-16|21:05:37.255] Syncing: chain download in progress      synced=14.80% chain=287.10GiB headers=10,123,104@5.38GiB bodies=10,123,104@156.83GiB receipts=10,123,104@124.89GiB eta=59h10m45.197s
INFO [11-16|21:05:45.261] Syncing: chain download in progress      synced=14.80% chain=287.19GiB headers=10,124,708@5.38GiB bodies=10,124,708@156.88GiB receipts=10,124,708@124.93GiB eta=59h11m8.484s
WARN [11-16|21:05:49.264] Pivot seemingly stale, moving            old=68,421,358 new=68,421,422
INFO [11-16|21:05:49.431] Syncing: state download in progress      synced=12.02% state=113.89GiB      accounts=80,912,392@13.51GiB slots=468,796,264@96.61GiB codes=497,361@3.76GiB eta=31h49m29.875s
INFO [11-16|21:05:53.314] Syncing: chain download in progress      synced=14.80% chain=287.29GiB headers=10,126,418@5.38GiB bodies=10,126,418@156.93GiB receipts=10,126,418@124.98GiB eta=59h11m26.952s
INFO [11-16|21:06:01.541] Syncing: chain download in progress      synced=14.80% chain=287.38GiB headers=10,128,221@5.38GiB bodies=10,128,221@156.97GiB receipts=10,128,221@125.02GiB eta=59h11m42.571s
INFO [11-16|21:06:09.564] Syncing: chain download in progress      synced=14.81% chain=287.47GiB headers=10,129,891@5.38GiB bodies=10,129,891@157.02GiB receipts=10,129,891@125.07GiB eta=59h12m2.522s
INFO [11-16|21:06:17.653] Syncing: chain download in progress      synced=14.81% chain=287.57GiB headers=10,131,432@5.38GiB bodies=10,131,432@157.07GiB receipts=10,131,432@125.12GiB eta=59h12m30.230s
INFO [11-16|21:06:25.675] Syncing: chain download in progress      synced=14.81% chain=287.66GiB headers=10,132,870@5.39GiB bodies=10,132,870@157.11GiB receipts=10,132,870@125.16GiB eta=59h13m2.451s
INFO [11-16|21:06:33.700] Syncing: chain download in progress      synced=14.81% chain=287.76GiB headers=10,134,385@5.39GiB bodies=10,134,385@157.16GiB receipts=10,134,385@125.21GiB eta=59h13m30.600s
INFO [11-16|21:06:41.752] Syncing: chain download in progress      synced=14.81% chain=287.85GiB headers=10,135,784@5.39GiB bodies=10,135,784@157.20GiB receipts=10,135,784@125.25GiB eta=59h14m5.292s
INFO [11-16|21:06:49.822] Syncing: chain download in progress      synced=14.82% chain=287.94GiB headers=10,137,146@5.39GiB bodies=10,137,146@157.25GiB receipts=10,137,146@125.30GiB eta=59h14m42.157s
INFO [11-16|21:06:57.885] Syncing: chain download in progress      synced=14.82% chain=288.04GiB headers=10,138,407@5.39GiB bodies=10,138,407@157.30GiB receipts=10,138,407@125.35GiB eta=59h15m24.285s
INFO [11-16|21:07:05.904] Syncing: chain download in progress      synced=14.82% chain=288.13GiB headers=10,139,589@5.39GiB bodies=10,139,589@157.35GiB receipts=10,139,589@125.39GiB eta=59h16m9.965s
INFO [11-16|21:07:13.966] Syncing: chain download in progress      synced=14.82% chain=288.23GiB headers=10,140,641@5.39GiB bodies=10,140,641@157.40GiB receipts=10,140,641@125.44GiB eta=59h17m3.112s
INFO [11-16|21:07:22.017] Syncing: chain download in progress      synced=14.82% chain=288.32GiB headers=10,141,826@5.39GiB bodies=10,141,826@157.44GiB receipts=10,141,826@125.49GiB eta=59h17m49.010s
INFO [11-16|21:07:22.152] Syncing: state download in progress      synced=12.02% state=113.89GiB      accounts=80,912,392@13.51GiB slots=468,796,264@96.61GiB codes=497,361@3.76GiB eta=31h47m57.155s
INFO [11-16|21:07:30.048] Syncing: chain download in progress      synced=14.82% chain=288.41GiB headers=10,143,211@5.39GiB bodies=10,143,211@157.49GiB receipts=10,143,211@125.53GiB eta=59h18m23.974s
INFO [11-16|21:07:38.114] Syncing: chain download in progress      synced=14.83% chain=288.51GiB headers=10,144,633@5.39GiB bodies=10,144,633@157.53GiB receipts=10,144,633@125.58GiB eta=59h18m57.402s
INFO [11-16|21:07:46.197] Syncing: chain download in progress      synced=14.83% chain=288.60GiB headers=10,146,366@5.39GiB bodies=10,146,366@157.58GiB receipts=10,146,366@125.63GiB eta=59h19m14.537s
INFO [11-16|21:07:54.336] Syncing: chain download in progress      synced=14.83% chain=288.70GiB headers=10,148,117@5.39GiB bodies=10,148,117@157.63GiB receipts=10,148,117@125.67GiB eta=59h19m31.371s
INFO [11-16|21:08:02.381] Syncing: chain download in progress      synced=14.83% chain=288.79GiB headers=10,149,841@5.40GiB bodies=10,149,841@157.67GiB receipts=10,149,841@125.72GiB eta=59h19m48.361s
WARN [11-16|21:08:03.354] Pivot seemingly stale, moving            old=68,421,422 new=68,421,486
INFO [11-16|21:08:03.395] Syncing: state download in progress      synced=12.02% state=113.89GiB      accounts=80,912,392@13.51GiB slots=468,796,264@96.61GiB codes=497,361@3.76GiB eta=32h4m13.460s
INFO [11-16|21:08:10.486] Syncing: chain download in progress      synced=14.84% chain=288.88GiB headers=10,151,256@5.40GiB bodies=10,151,256@157.72GiB receipts=10,151,256@125.76GiB eta=59h20m22.858s
INFO [11-16|21:08:18.539] Syncing: chain download in progress      synced=14.84% chain=288.97GiB headers=10,152,713@5.40GiB bodies=10,152,713@157.76GiB receipts=10,152,713@125.81GiB eta=59h20m54.109s
INFO [11-16|21:08:26.584] Syncing: chain download in progress      synced=14.84% chain=289.06GiB headers=10,154,175@5.40GiB bodies=10,154,175@157.81GiB receipts=10,154,175@125.85GiB eta=59h21m24.991s
INFO [11-16|21:08:34.737] Syncing: chain download in progress      synced=14.84% chain=289.15GiB headers=10,155,413@5.40GiB bodies=10,155,413@157.86GiB receipts=10,155,413@125.90GiB eta=59h22m9.220s
INFO [11-16|21:08:42.803] Syncing: chain download in progress      synced=14.84% chain=289.25GiB headers=10,156,461@5.40GiB bodies=10,156,461@157.91GiB receipts=10,156,461@125.94GiB eta=59h23m2.300s
INFO [11-16|21:08:50.813] Syncing: chain download in progress      synced=14.85% chain=289.34GiB headers=10,157,507@5.40GiB bodies=10,157,507@157.96GiB receipts=10,157,507@125.98GiB eta=59h23m54.745s
INFO [11-16|21:08:58.887] Syncing: chain download in progress      synced=14.85% chain=289.43GiB headers=10,158,621@5.40GiB bodies=10,158,621@158.02GiB receipts=10,158,621@126.02GiB eta=59h24m44.375s
INFO [11-16|21:09:06.972] Syncing: chain download in progress      synced=14.85% chain=289.53GiB headers=10,159,818@5.40GiB bodies=10,159,818@158.07GiB receipts=10,159,818@126.06GiB eta=59h25m29.736s
INFO [11-16|21:09:15.096] Syncing: chain download in progress      synced=14.85% chain=289.63GiB headers=10,160,946@5.40GiB bodies=10,160,946@158.13GiB receipts=10,160,946@126.10GiB eta=59h26m19.253s
INFO [11-16|21:09:23.148] Syncing: chain download in progress      synced=14.85% chain=289.72GiB headers=10,162,031@5.40GiB bodies=10,162,031@158.18GiB receipts=10,162,031@126.14GiB eta=59h27m10.031s
INFO [11-16|21:09:31.181] Syncing: chain download in progress      synced=14.85% chain=289.82GiB headers=10,163,180@5.40GiB bodies=10,163,180@158.23GiB receipts=10,163,180@126.19GiB eta=59h27m57.136s
INFO [11-16|21:09:39.249] Syncing: chain download in progress      synced=14.86% chain=289.91GiB headers=10,164,280@5.40GiB bodies=10,164,280@158.28GiB receipts=10,164,280@126.23GiB eta=59h28m47.273s
INFO [11-16|21:09:47.354] Syncing: chain download in progress      synced=14.86% chain=290.00GiB headers=10,165,251@5.40GiB bodies=10,165,251@158.33GiB receipts=10,165,251@126.27GiB eta=59h29m44.757s
INFO [11-16|21:09:55.461] Syncing: chain download in progress      synced=14.86% chain=290.10GiB headers=10,166,258@5.40GiB bodies=10,166,258@158.39GiB receipts=10,166,258@126.31GiB eta=59h30m40.358s
INFO [11-16|21:10:03.491] Syncing: chain download in progress      synced=14.86% chain=290.20GiB headers=10,167,219@5.41GiB bodies=10,167,219@158.44GiB receipts=10,167,219@126.36GiB eta=59h31m37.292s
INFO [11-16|21:10:11.568] Syncing: chain download in progress      synced=14.86% chain=290.29GiB headers=10,168,171@5.41GiB bodies=10,168,171@158.49GiB receipts=10,168,171@126.40GiB eta=59h32m35.305s
INFO [11-16|21:10:19.708] Syncing: chain download in progress      synced=14.86% chain=290.39GiB headers=10,169,207@5.41GiB bodies=10,169,207@158.54GiB receipts=10,169,207@126.44GiB eta=59h33m29.687s
INFO [11-16|21:10:27.750] Syncing: chain download in progress      synced=14.86% chain=290.49GiB headers=10,170,386@5.41GiB bodies=10,170,386@158.59GiB receipts=10,170,386@126.49GiB eta=59h34m15.152s
INFO [11-16|21:10:35.838] Syncing: chain download in progress      synced=14.87% chain=290.58GiB headers=10,171,303@5.41GiB bodies=10,171,303@158.63GiB receipts=10,171,303@126.54GiB eta=59h35m15.094s
INFO [11-16|21:10:43.880] Syncing: chain download in progress      synced=14.87% chain=290.68GiB headers=10,172,241@5.41GiB bodies=10,172,241@158.68GiB receipts=10,172,241@126.59GiB eta=59h36m13.268s
INFO [11-16|21:10:51.921] Syncing: chain download in progress      synced=14.87% chain=290.77GiB headers=10,173,136@5.41GiB bodies=10,173,136@158.73GiB receipts=10,173,136@126.64GiB eta=59h37m13.694s
INFO [11-16|21:11:00.037] Syncing: chain download in progress      synced=14.87% chain=290.87GiB headers=10,174,089@5.41GiB bodies=10,174,089@158.77GiB receipts=10,174,089@126.69GiB eta=59h38m12.041s
WARN [11-16|21:11:04.523] Pivot seemingly stale, moving            old=68,421,486 new=68,421,550
INFO [11-16|21:11:04.584] Syncing: state download in progress      synced=12.02% state=113.89GiB      accounts=80,912,392@13.51GiB slots=468,796,264@96.61GiB codes=497,361@3.76GiB eta=32h18m9.819s
INFO [11-16|21:11:08.067] Syncing: chain download in progress      synced=14.87% chain=290.97GiB headers=10,175,528@5.41GiB bodies=10,175,528@158.82GiB receipts=10,175,528@126.73GiB eta=59h38m43.552s
INFO [11-16|21:11:16.077] Syncing: chain download in progress      synced=14.87% chain=291.06GiB headers=10,177,021@5.41GiB bodies=10,177,021@158.87GiB receipts=10,177,021@126.78GiB eta=59h39m11.655s
INFO [11-16|21:11:24.193] Syncing: chain download in progress      synced=14.88% chain=291.15GiB headers=10,178,517@5.41GiB bodies=10,178,517@158.91GiB receipts=10,178,517@126.82GiB eta=59h39m41.085s
INFO [11-16|21:11:32.308] Syncing: chain download in progress      synced=14.88% chain=291.24GiB headers=10,179,988@5.41GiB bodies=10,179,988@158.96GiB receipts=10,179,988@126.87GiB eta=59h40m11.712s
INFO [11-16|21:11:40.383] Syncing: chain download in progress      synced=14.88% chain=291.33GiB headers=10,181,299@5.41GiB bodies=10,181,299@159.00GiB receipts=10,181,299@126.91GiB eta=59h40m50.324s
INFO [11-16|21:11:48.395] Syncing: chain download in progress      synced=14.88% chain=291.42GiB headers=10,182,723@5.41GiB bodies=10,182,723@159.05GiB receipts=10,182,723@126.96GiB eta=59h41m22.052s
INFO [11-16|21:11:56.543] Syncing: chain download in progress      synced=14.88% chain=291.51GiB headers=10,183,915@5.42GiB bodies=10,183,915@159.10GiB receipts=10,183,915@127.00GiB eta=59h42m7.855s
INFO [11-16|21:12:04.721] Syncing: chain download in progress      synced=14.89% chain=291.61GiB headers=10,185,253@5.42GiB bodies=10,185,253@159.15GiB receipts=10,185,253@127.04GiB eta=59h42m46.303s
INFO [11-16|21:12:12.885] Syncing: chain download in progress      synced=14.89% chain=291.71GiB headers=10,186,644@5.42GiB bodies=10,186,644@159.20GiB receipts=10,186,644@127.09GiB eta=59h43m21.758s
INFO [11-16|21:12:21.052] Syncing: chain download in progress      synced=14.89% chain=291.80GiB headers=10,187,945@5.42GiB bodies=10,187,945@159.25GiB receipts=10,187,945@127.13GiB eta=59h44m1.970s
INFO [11-16|21:12:29.082] Syncing: chain download in progress      synced=14.89% chain=291.89GiB headers=10,189,188@5.42GiB bodies=10,189,188@159.30GiB receipts=10,189,188@127.18GiB eta=59h44m43.383s
INFO [11-16|21:12:37.177] Syncing: chain download in progress      synced=14.89% chain=291.99GiB headers=10,190,644@5.42GiB bodies=10,190,644@159.35GiB receipts=10,190,644@127.22GiB eta=59h45m14.341s
INFO [11-16|21:12:45.190] Syncing: chain download in progress      synced=14.90% chain=292.09GiB headers=10,191,954@5.42GiB bodies=10,191,954@159.40GiB receipts=10,191,954@127.27GiB eta=59h45m51.951s
INFO [11-16|21:12:53.209] Syncing: chain download in progress      synced=14.90% chain=292.18GiB headers=10,193,071@5.42GiB bodies=10,193,071@159.45GiB receipts=10,193,071@127.32GiB eta=59h46m39.881s
INFO [11-16|21:13:01.222] Syncing: chain download in progress      synced=14.90% chain=292.28GiB headers=10,194,161@5.42GiB bodies=10,194,161@159.49GiB receipts=10,194,161@127.36GiB eta=59h47m29.072s
INFO [11-16|21:13:09.326] Syncing: chain download in progress      synced=14.90% chain=292.37GiB headers=10,195,188@5.42GiB bodies=10,195,188@159.54GiB receipts=10,195,188@127.41GiB eta=59h48m22.861s
INFO [11-16|21:13:17.390] Syncing: chain download in progress      synced=14.90% chain=292.47GiB headers=10,196,293@5.42GiB bodies=10,196,293@159.59GiB receipts=10,196,293@127.46GiB eta=59h49m11.877s
INFO [11-16|21:13:25.435] Syncing: chain download in progress      synced=14.90% chain=292.56GiB headers=10,197,245@5.42GiB bodies=10,197,245@159.64GiB receipts=10,197,245@127.50GiB eta=59h50m8.793s
INFO [11-16|21:13:33.449] Syncing: chain download in progress      synced=14.90% chain=292.65GiB headers=10,198,216@5.42GiB bodies=10,198,216@159.68GiB receipts=10,198,216@127.54GiB eta=59h51m4.180s
INFO [11-16|21:13:41.473] Syncing: chain download in progress      synced=14.91% chain=292.75GiB headers=10,199,240@5.42GiB bodies=10,199,240@159.73GiB receipts=10,199,240@127.59GiB eta=59h51m56.925s
WARN [11-16|21:13:42.560] Pivot seemingly stale, moving            old=68,421,550 new=68,421,614
INFO [11-16|21:13:42.597] Syncing: state download in progress      synced=12.02% state=113.89GiB      accounts=80,912,392@13.51GiB slots=468,796,264@96.61GiB codes=497,361@3.76GiB eta=32h49m26.901s
INFO [11-16|21:13:49.517] Syncing: chain download in progress      synced=14.91% chain=292.84GiB headers=10,200,411@5.42GiB bodies=10,200,411@159.78GiB receipts=10,200,411@127.64GiB eta=59h52m42.315s
INFO [11-16|21:13:57.540] Syncing: chain download in progress      synced=14.91% chain=292.94GiB headers=10,201,651@5.43GiB bodies=10,201,651@159.83GiB receipts=10,201,651@127.68GiB eta=59h53m23.543s
INFO [11-16|21:14:05.648] Syncing: chain download in progress      synced=14.91% chain=293.03GiB headers=10,203,183@5.43GiB bodies=10,203,183@159.88GiB receipts=10,203,183@127.73GiB eta=59h53m50.298s
INFO [11-16|21:14:13.720] Syncing: chain download in progress      synced=14.91% chain=293.13GiB headers=10,204,828@5.43GiB bodies=10,204,828@159.93GiB receipts=10,204,828@127.78GiB eta=59h54m10.577s
INFO [11-16|21:14:21.831] Syncing: chain download in progress      synced=14.92% chain=293.22GiB headers=10,206,323@5.43GiB bodies=10,206,323@159.97GiB receipts=10,206,323@127.82GiB eta=59h54m39.328s
INFO [11-16|21:14:29.985] Syncing: chain download in progress      synced=14.92% chain=293.31GiB headers=10,207,643@5.43GiB bodies=10,207,643@160.02GiB receipts=10,207,643@127.87GiB eta=59h55m17.923s
INFO [11-16|21:14:38.088] Syncing: chain download in progress      synced=14.92% chain=293.41GiB headers=10,208,962@5.43GiB bodies=10,208,962@160.07GiB receipts=10,208,962@127.91GiB eta=59h55m55.822s
INFO [11-16|21:14:46.113] Syncing: chain download in progress      synced=14.92% chain=293.50GiB headers=10,210,296@5.43GiB bodies=10,210,296@160.11GiB receipts=10,210,296@127.96GiB eta=59h56m31.917s
INFO [11-16|21:14:54.299] Syncing: chain download in progress      synced=14.92% chain=293.60GiB headers=10,211,568@5.43GiB bodies=10,211,568@160.16GiB receipts=10,211,568@128.00GiB eta=59h57m13.362s
INFO [11-16|21:15:02.852] Syncing: chain download in progress      synced=14.93% chain=293.63GiB headers=10,212,047@5.43GiB bodies=10,212,047@160.18GiB receipts=10,212,047@128.02GiB eta=59h58m41.752s
INFO [11-16|21:15:10.893] Syncing: chain download in progress      synced=14.93% chain=293.73GiB headers=10,213,368@5.43GiB bodies=10,213,368@160.23GiB receipts=10,213,368@128.07GiB eta=59h59m18.646s
INFO [11-16|21:15:19.032] Syncing: chain download in progress      synced=14.93% chain=293.81GiB headers=10,214,590@5.43GiB bodies=10,214,590@160.27GiB receipts=10,214,590@128.11GiB eta=60h0m2.016s
INFO [11-16|21:15:27.044] Syncing: chain download in progress      synced=14.93% chain=293.90GiB headers=10,215,970@5.43GiB bodies=10,215,970@160.32GiB receipts=10,215,970@128.15GiB eta=60h0m35.369s
INFO [11-16|21:15:35.185] Syncing: chain download in progress      synced=14.93% chain=294.00GiB headers=10,217,232@5.43GiB bodies=10,217,232@160.37GiB receipts=10,217,232@128.20GiB eta=60h1m16.609s
INFO [11-16|21:15:43.212] Syncing: chain download in progress      synced=14.93% chain=294.10GiB headers=10,218,540@5.43GiB bodies=10,218,540@160.42GiB receipts=10,218,540@128.25GiB eta=60h1m53.892s
INFO [11-16|21:15:51.312] Syncing: chain download in progress      synced=14.94% chain=294.19GiB headers=10,219,851@5.44GiB bodies=10,219,851@160.47GiB receipts=10,219,851@128.29GiB eta=60h2m31.919s
INFO [11-16|21:15:59.349] Syncing: chain download in progress      synced=14.94% chain=294.29GiB headers=10,221,129@5.44GiB bodies=10,221,129@160.52GiB receipts=10,221,129@128.34GiB eta=60h3m10.881s
INFO [11-16|21:16:07.353] Syncing: chain download in progress      synced=14.94% chain=294.39GiB headers=10,222,326@5.44GiB bodies=10,222,326@160.57GiB receipts=10,222,326@128.39GiB eta=60h3m53.634s
INFO [11-16|21:16:15.438] Syncing: chain download in progress      synced=14.94% chain=294.49GiB headers=10,223,434@5.44GiB bodies=10,223,434@160.62GiB receipts=10,223,434@128.43GiB eta=60h4m42.187s
WARN [11-16|21:16:19.766] Pivot seemingly stale, moving            old=68,421,614 new=68,421,678
INFO [11-16|21:16:19.848] Syncing: state download in progress      synced=12.02% state=113.89GiB      accounts=80,912,392@13.51GiB slots=468,796,264@96.61GiB codes=497,361@3.76GiB eta=33h3m47.198s
INFO [11-16|21:16:23.520] Syncing: chain download in progress      synced=14.94% chain=294.60GiB headers=10,224,463@5.44GiB bodies=10,224,463@160.68GiB receipts=10,224,463@128.48GiB eta=60h5m35.052s
INFO [11-16|21:16:31.557] Syncing: chain download in progress      synced=14.94% chain=294.71GiB headers=10,225,453@5.44GiB bodies=10,225,453@160.75GiB receipts=10,225,453@128.52GiB eta=60h6m29.161s
INFO [11-16|21:16:39.565] Syncing: chain download in progress      synced=14.95% chain=294.82GiB headers=10,226,430@5.44GiB bodies=10,226,430@160.82GiB receipts=10,226,430@128.56GiB eta=60h7m23.549s
INFO [11-16|21:16:47.576] Syncing: chain download in progress      synced=14.95% chain=294.92GiB headers=10,227,459@5.44GiB bodies=10,227,459@160.86GiB receipts=10,227,459@128.61GiB eta=60h8m15.181s
INFO [11-16|21:16:55.625] Syncing: chain download in progress      synced=14.95% chain=295.01GiB headers=10,228,616@5.44GiB bodies=10,228,616@160.92GiB receipts=10,228,616@128.66GiB eta=60h9m0.457s
INFO [11-16|21:17:03.721] Syncing: chain download in progress      synced=14.95% chain=295.11GiB headers=10,229,939@5.44GiB bodies=10,229,939@160.97GiB receipts=10,229,939@128.70GiB eta=60h9m37.606s
INFO [11-16|21:17:11.804] Syncing: chain download in progress      synced=14.95% chain=295.21GiB headers=10,231,475@5.44GiB bodies=10,231,475@161.01GiB receipts=10,231,475@128.75GiB eta=60h10m3.196s
INFO [11-16|21:17:19.824] Syncing: chain download in progress      synced=14.96% chain=295.30GiB headers=10,233,168@5.44GiB bodies=10,233,168@161.06GiB receipts=10,233,168@128.80GiB eta=60h10m19.646s
INFO [11-16|21:17:27.877] Syncing: chain download in progress      synced=14.96% chain=295.39GiB headers=10,234,724@5.44GiB bodies=10,234,724@161.11GiB receipts=10,234,724@128.84GiB eta=60h10m43.761s
INFO [11-16|21:17:35.962] Syncing: chain download in progress      synced=14.96% chain=295.48GiB headers=10,236,181@5.45GiB bodies=10,236,181@161.15GiB receipts=10,236,181@128.89GiB eta=60h11m13.539s
INFO [11-16|21:17:44.050] Syncing: chain download in progress      synced=14.96% chain=295.58GiB headers=10,237,657@5.45GiB bodies=10,237,657@161.20GiB receipts=10,237,657@128.93GiB eta=60h11m42.313s
INFO [11-16|21:17:52.112] Syncing: chain download in progress      synced=14.96% chain=295.67GiB headers=10,239,054@5.45GiB bodies=10,239,054@161.24GiB receipts=10,239,054@128.98GiB eta=60h12m14.870s
INFO [11-16|21:18:00.136] Syncing: chain download in progress      synced=14.97% chain=295.76GiB headers=10,240,600@5.45GiB bodies=10,240,600@161.29GiB receipts=10,240,600@129.02GiB eta=60h12m39.016s
INFO [11-16|21:18:08.162] Syncing: chain download in progress      synced=14.97% chain=295.85GiB headers=10,242,202@5.45GiB bodies=10,242,202@161.34GiB receipts=10,242,202@129.07GiB eta=60h13m0.276s
INFO [11-16|21:18:16.167] Syncing: chain download in progress      synced=14.97% chain=295.95GiB headers=10,243,813@5.45GiB bodies=10,243,813@161.38GiB receipts=10,243,813@129.12GiB eta=60h13m20.686s
INFO [11-16|21:18:24.275] Syncing: chain download in progress      synced=14.97% chain=296.05GiB headers=10,245,446@5.45GiB bodies=10,245,446@161.43GiB receipts=10,245,446@129.16GiB eta=60h13m41.304s
INFO [11-16|21:18:32.314] Syncing: chain download in progress      synced=14.98% chain=296.14GiB headers=10,247,009@5.45GiB bodies=10,247,009@161.48GiB receipts=10,247,009@129.21GiB eta=60h14m4.682s
WARN [11-16|21:18:39.839] Pivot seemingly stale, moving            old=68,421,678 new=68,421,742
INFO [11-16|21:18:39.841] Syncing: state download in progress      synced=12.02% state=113.89GiB      accounts=80,912,392@13.51GiB slots=468,796,264@96.61GiB codes=497,361@3.76GiB eta=33h18m24.754s
INFO [11-16|21:18:40.417] Syncing: chain download in progress      synced=14.98% chain=296.24GiB headers=10,248,598@5.45GiB bodies=10,248,598@161.53GiB receipts=10,248,598@129.26GiB eta=60h14m27.735s
INFO [11-16|21:18:48.571] Syncing: chain download in progress      synced=14.98% chain=296.33GiB headers=10,250,058@5.45GiB bodies=10,250,058@161.57GiB receipts=10,250,058@129.30GiB eta=60h14m58.010s
INFO [11-16|21:18:56.629] Syncing: chain download in progress      synced=14.98% chain=296.43GiB headers=10,251,626@5.45GiB bodies=10,251,626@161.63GiB receipts=10,251,626@129.35GiB eta=60h15m21.307s
INFO [11-16|21:19:04.691] Syncing: chain download in progress      synced=14.98% chain=296.53GiB headers=10,252,950@5.45GiB bodies=10,252,950@161.67GiB receipts=10,252,950@129.40GiB eta=60h15m57.553s
INFO [11-16|21:19:12.779] Syncing: chain download in progress      synced=14.99% chain=296.62GiB headers=10,254,150@5.46GiB bodies=10,254,150@161.72GiB receipts=10,254,150@129.44GiB eta=60h16m40.600s
INFO [11-16|21:19:20.787] Syncing: chain download in progress      synced=14.99% chain=296.71GiB headers=10,255,313@5.46GiB bodies=10,255,313@161.77GiB receipts=10,255,313@129.49GiB eta=60h17m24.597s
INFO [11-16|21:19:28.808] Syncing: chain download in progress      synced=14.99% chain=296.80GiB headers=10,256,669@5.46GiB bodies=10,256,669@161.82GiB receipts=10,256,669@129.53GiB eta=60h17m58.508s
INFO [11-16|21:19:36.942] Syncing: chain download in progress      synced=14.99% chain=296.89GiB headers=10,257,862@5.46GiB bodies=10,257,862@161.86GiB receipts=10,257,862@129.57GiB eta=60h18m42.506s
INFO [11-16|21:19:45.040] Syncing: chain download in progress      synced=14.99% chain=296.98GiB headers=10,259,074@5.46GiB bodies=10,259,074@161.91GiB receipts=10,259,074@129.61GiB eta=60h19m24.977s
INFO [11-16|21:19:53.042] Syncing: chain download in progress      synced=15.00% chain=297.08GiB headers=10,260,414@5.46GiB bodies=10,260,414@161.96GiB receipts=10,260,414@129.66GiB eta=60h19m59.408s
INFO [11-16|21:20:01.138] Syncing: chain download in progress      synced=15.00% chain=297.16GiB headers=10,262,126@5.46GiB bodies=10,262,126@162.01GiB receipts=10,262,126@129.70GiB eta=60h20m15.406s
INFO [11-16|21:20:09.197] Syncing: chain download in progress      synced=15.00% chain=297.25GiB headers=10,263,849@5.46GiB bodies=10,263,849@162.05GiB receipts=10,263,849@129.74GiB eta=60h20m30.256s
INFO [11-16|21:20:17.232] Syncing: chain download in progress      synced=15.00% chain=297.34GiB headers=10,265,490@5.46GiB bodies=10,265,490@162.10GiB receipts=10,265,490@129.78GiB eta=60h20m49.192s
INFO [11-16|21:20:25.318] Syncing: chain download in progress      synced=15.01% chain=297.43GiB headers=10,267,134@5.46GiB bodies=10,267,134@162.14GiB receipts=10,267,134@129.83GiB eta=60h21m8.581s
INFO [11-16|21:20:33.393] Syncing: chain download in progress      synced=15.01% chain=297.52GiB headers=10,268,715@5.46GiB bodies=10,268,715@162.19GiB receipts=10,268,715@129.87GiB eta=60h21m31.111s
INFO [11-16|21:20:41.507] Syncing: chain download in progress      synced=15.01% chain=297.61GiB headers=10,270,167@5.46GiB bodies=10,270,167@162.24GiB receipts=10,270,167@129.91GiB eta=60h22m0.925s
INFO [11-16|21:20:49.584] Syncing: chain download in progress      synced=15.01% chain=297.71GiB headers=10,271,542@5.47GiB bodies=10,271,542@162.28GiB receipts=10,271,542@129.96GiB eta=60h22m34.340s
WARN [11-16|21:20:56.951] Pivot seemingly stale, moving            old=68,421,742 new=68,421,806
INFO [11-16|21:20:57.137] Syncing: state download in progress      synced=12.02% state=113.89GiB      accounts=80,912,392@13.51GiB slots=468,796,264@96.61GiB codes=497,361@3.76GiB eta=33h33m5.005s
INFO [11-16|21:20:57.695] Syncing: chain download in progress      synced=15.01% chain=297.81GiB headers=10,273,229@5.47GiB bodies=10,273,229@162.34GiB receipts=10,273,229@130.00GiB eta=60h22m51.940s
INFO [11-16|21:21:05.732] Syncing: chain download in progress      synced=15.02% chain=297.91GiB headers=10,274,761@5.47GiB bodies=10,274,761@162.39GiB receipts=10,274,761@130.05GiB eta=60h23m16.508s
INFO [11-16|21:21:13.757] Syncing: chain download in progress      synced=15.02% chain=298.00GiB headers=10,276,148@5.47GiB bodies=10,276,148@162.44GiB receipts=10,276,148@130.09GiB eta=60h23m48.478s
INFO [11-16|21:21:21.796] Syncing: chain download in progress      synced=15.02% chain=298.10GiB headers=10,277,591@5.47GiB bodies=10,277,591@162.49GiB receipts=10,277,591@130.14GiB eta=60h24m17.677s
INFO [11-16|21:21:29.837] Syncing: chain download in progress      synced=15.02% chain=298.20GiB headers=10,279,000@5.47GiB bodies=10,279,000@162.55GiB receipts=10,279,000@130.19GiB eta=60h24m48.689s
INFO [11-16|21:21:37.955] Syncing: chain download in progress      synced=15.02% chain=298.30GiB headers=10,280,305@5.47GiB bodies=10,280,305@162.60GiB receipts=10,280,305@130.23GiB eta=60h25m26.193s
INFO [11-16|21:21:45.974] Syncing: chain download in progress      synced=15.03% chain=298.41GiB headers=10,281,573@5.47GiB bodies=10,281,573@162.66GiB receipts=10,281,573@130.28GiB eta=60h26m4.298s
INFO [11-16|21:21:54.146] Syncing: chain download in progress      synced=15.03% chain=298.51GiB headers=10,282,672@5.47GiB bodies=10,282,672@162.72GiB receipts=10,282,672@130.33GiB eta=60h26m53.266s
INFO [11-16|21:22:02.198] Syncing: chain download in progress      synced=15.03% chain=298.62GiB headers=10,283,691@5.47GiB bodies=10,283,691@162.77GiB receipts=10,283,691@130.37GiB eta=60h27m44.858s
INFO [11-16|21:22:10.233] Syncing: chain download in progress      synced=15.03% chain=298.72GiB headers=10,284,960@5.47GiB bodies=10,284,960@162.83GiB receipts=10,284,960@130.42GiB eta=60h28m23.012s
INFO [11-16|21:22:18.356] Syncing: chain download in progress      synced=15.03% chain=298.82GiB headers=10,286,341@5.47GiB bodies=10,286,341@162.88GiB receipts=10,286,341@130.47GiB eta=60h28m56.442s
INFO [11-16|21:22:26.519] Syncing: chain download in progress      synced=15.04% chain=298.92GiB headers=10,287,981@5.48GiB bodies=10,287,981@162.93GiB receipts=10,287,981@130.51GiB eta=60h29m16.635s
INFO [11-16|21:22:34.556] Syncing: chain download in progress      synced=15.04% chain=299.02GiB headers=10,290,010@5.48GiB bodies=10,290,010@162.99GiB receipts=10,290,010@130.56GiB eta=60h29m14.790s
INFO [11-16|21:22:42.849] Syncing: chain download in progress      synced=15.04% chain=299.13GiB headers=10,292,251@5.48GiB bodies=10,292,251@163.04GiB receipts=10,292,251@130.61GiB eta=60h29m5.058s
INFO [11-16|21:22:50.851] Syncing: chain download in progress      synced=15.05% chain=299.23GiB headers=10,294,486@5.48GiB bodies=10,294,486@163.10GiB receipts=10,294,486@130.66GiB eta=60h28m51.862s
INFO [11-16|21:22:58.881] Syncing: chain download in progress      synced=15.05% chain=299.34GiB headers=10,296,470@5.48GiB bodies=10,296,470@163.15GiB receipts=10,296,470@130.71GiB eta=60h28m52.219s
WARN [11-16|21:23:03.065] Pivot seemingly stale, moving            old=68,421,806 new=68,421,870
INFO [11-16|21:23:03.136] Syncing: state download in progress      synced=12.02% state=113.89GiB      accounts=80,912,392@13.51GiB slots=468,796,264@96.61GiB codes=497,361@3.76GiB eta=33h47m56.555s
INFO [11-16|21:23:07.057] Syncing: chain download in progress      synced=15.05% chain=299.44GiB headers=10,298,477@5.48GiB bodies=10,298,477@163.21GiB receipts=10,298,477@130.75GiB eta=60h28m53.543s
INFO [11-16|21:23:15.172] Syncing: chain download in progress      synced=15.05% chain=299.55GiB headers=10,300,557@5.48GiB bodies=10,300,557@163.27GiB receipts=10,300,557@130.80GiB eta=60h28m49.936s
INFO [11-16|21:23:23.361] Syncing: chain download in progress      synced=15.06% chain=299.66GiB headers=10,302,686@5.48GiB bodies=10,302,686@163.32GiB receipts=10,302,686@130.85GiB eta=60h28m44.750s
INFO [11-16|21:23:31.487] Syncing: chain download in progress      synced=15.06% chain=299.76GiB headers=10,304,650@5.48GiB bodies=10,304,650@163.38GiB receipts=10,304,650@130.90GiB eta=60h28m47.389s
INFO [11-16|21:23:39.607] Syncing: chain download in progress      synced=15.06% chain=299.87GiB headers=10,306,585@5.49GiB bodies=10,306,585@163.44GiB receipts=10,306,585@130.95GiB eta=60h28m51.472s
INFO [11-16|21:23:47.684] Syncing: chain download in progress      synced=15.07% chain=299.97GiB headers=10,308,046@5.49GiB bodies=10,308,046@163.48GiB receipts=10,308,046@131.00GiB eta=60h29m19.820s
INFO [11-16|21:23:55.805] Syncing: chain download in progress      synced=15.07% chain=300.07GiB headers=10,309,532@5.49GiB bodies=10,309,532@163.54GiB receipts=10,309,532@131.05GiB eta=60h29m47.434s
INFO [11-16|21:24:03.922] Syncing: chain download in progress      synced=15.07% chain=300.18GiB headers=10,310,869@5.49GiB bodies=10,310,869@163.59GiB receipts=10,310,869@131.10GiB eta=60h30m22.753s
WARN [11-16|21:24:08.700] Served eth_call                          conn=127.0.0.1:42060 reqid=1 duration=1.180538ms err="state histories haven't been fully indexed yet" X-Forwarded-For=<nil>
INFO [11-16|21:24:11.944] Syncing: chain download in progress      synced=15.07% chain=300.27GiB headers=10,312,147@5.49GiB bodies=10,312,147@163.64GiB receipts=10,312,147@131.14GiB eta=60h30m59.917s
INFO [11-16|21:24:19.954] Syncing: chain download in progress      synced=15.07% chain=300.38GiB headers=10,313,426@5.49GiB bodies=10,313,426@163.69GiB receipts=10,313,426@131.19GiB eta=60h31m36.844s
INFO [11-16|21:24:27.958] Syncing: chain download in progress      synced=15.08% chain=300.47GiB headers=10,314,990@5.49GiB bodies=10,314,990@163.74GiB receipts=10,314,990@131.24GiB eta=60h31m58.755s
INFO [11-16|21:24:36.015] Syncing: chain download in progress      synced=15.08% chain=300.58GiB headers=10,316,937@5.49GiB bodies=10,316,937@163.80GiB receipts=10,316,937@131.29GiB eta=60h32m1.214s
INFO [11-16|21:24:44.068] Syncing: chain download in progress      synced=15.08% chain=300.68GiB headers=10,319,035@5.49GiB bodies=10,319,035@163.85GiB receipts=10,319,035@131.34GiB eta=60h31m55.786s
INFO [11-16|21:24:52.164] Syncing: chain download in progress      synced=15.08% chain=300.78GiB headers=10,321,218@5.49GiB bodies=10,321,218@163.90GiB receipts=10,321,218@131.39GiB eta=60h31m46.379s
WARN [11-16|21:24:56.141] Pivot seemingly stale, moving            old=68,421,870 new=68,421,934
INFO [11-16|21:24:56.213] Syncing: state download in progress      synced=12.02% state=113.89GiB      accounts=80,912,392@13.51GiB slots=468,796,264@96.61GiB codes=497,361@3.76GiB eta=34h3m1.026s
INFO [11-16|21:25:00.320] Syncing: chain download in progress      synced=15.09% chain=300.88GiB headers=10,323,151@5.50GiB bodies=10,323,151@163.95GiB receipts=10,323,151@131.44GiB eta=60h31m51.105s
INFO [11-16|21:25:08.347] Syncing: chain download in progress      synced=15.09% chain=300.98GiB headers=10,325,126@5.50GiB bodies=10,325,126@164.00GiB receipts=10,325,126@131.48GiB eta=60h31m51.715s
INFO [11-16|21:25:16.393] Syncing: chain download in progress      synced=15.09% chain=301.08GiB headers=10,326,925@5.50GiB bodies=10,326,925@164.05GiB receipts=10,326,925@131.53GiB eta=60h32m1.756s
INFO [11-16|21:25:24.434] Syncing: chain download in progress      synced=15.10% chain=301.18GiB headers=10,328,975@5.50GiB bodies=10,328,975@164.10GiB receipts=10,328,975@131.58GiB eta=60h31m58.656s
INFO [11-16|21:25:32.523] Syncing: chain download in progress      synced=15.10% chain=301.28GiB headers=10,330,948@5.50GiB bodies=10,330,948@164.15GiB receipts=10,330,948@131.63GiB eta=60h32m0.143s
INFO [11-16|21:25:40.537] Syncing: chain download in progress      synced=15.10% chain=301.38GiB headers=10,332,737@5.50GiB bodies=10,332,737@164.21GiB receipts=10,332,737@131.68GiB eta=60h32m10.277s
INFO [11-16|21:25:48.657] Syncing: chain download in progress      synced=15.10% chain=301.48GiB headers=10,334,255@5.50GiB bodies=10,334,255@164.25GiB receipts=10,334,255@131.72GiB eta=60h32m35.892s
INFO [11-16|21:25:56.783] Syncing: chain download in progress      synced=15.11% chain=301.57GiB headers=10,335,918@5.50GiB bodies=10,335,918@164.30GiB receipts=10,335,918@131.77GiB eta=60h32m53.990s
INFO [11-16|21:26:04.861] Syncing: chain download in progress      synced=15.11% chain=301.67GiB headers=10,337,484@5.50GiB bodies=10,337,484@164.35GiB receipts=10,337,484@131.82GiB eta=60h33m16.516s
INFO [11-16|21:26:13.222] Syncing: chain download in progress      synced=15.11% chain=301.77GiB headers=10,338,918@5.50GiB bodies=10,338,918@164.40GiB receipts=10,338,918@131.87GiB eta=60h33m49.585s
INFO [11-16|21:26:21.261] Syncing: chain download in progress      synced=15.11% chain=301.87GiB headers=10,340,221@5.51GiB bodies=10,340,221@164.45GiB receipts=10,340,221@131.91GiB eta=60h34m25.293s
INFO [11-16|21:26:29.349] Syncing: chain download in progress      synced=15.11% chain=301.97GiB headers=10,341,798@5.51GiB bodies=10,341,798@164.50GiB receipts=10,341,798@131.96GiB eta=60h34m47.309s
INFO [11-16|21:26:37.401] Syncing: chain download in progress      synced=15.12% chain=302.08GiB headers=10,343,551@5.51GiB bodies=10,343,551@164.56GiB receipts=10,343,551@132.01GiB eta=60h34m59.660s
INFO [11-16|21:26:45.543] Syncing: chain download in progress      synced=15.12% chain=302.18GiB headers=10,345,635@5.51GiB bodies=10,345,635@164.61GiB receipts=10,345,635@132.06GiB eta=60h34m55.900s
WARN [11-16|21:26:49.259] Pivot seemingly stale, moving            old=68,421,934 new=68,421,998
INFO [11-16|21:26:49.306] Syncing: state download in progress      synced=12.02% state=113.89GiB      accounts=80,912,392@13.51GiB slots=468,796,264@96.61GiB codes=497,361@3.76GiB eta=34h18m5.481s
INFO [11-16|21:26:53.608] Syncing: chain download in progress      synced=15.12% chain=302.29GiB headers=10,347,763@5.51GiB bodies=10,347,763@164.67GiB receipts=10,347,763@132.11GiB eta=60h34m49.136s
INFO [11-16|21:27:01.619] Syncing: chain download in progress      synced=15.13% chain=302.39GiB headers=10,350,061@5.51GiB bodies=10,350,061@164.72GiB receipts=10,350,061@132.16GiB eta=60h34m32.492s
INFO [11-16|21:27:09.629] Syncing: chain download in progress      synced=15.13% chain=302.49GiB headers=10,352,116@5.51GiB bodies=10,352,116@164.77GiB receipts=10,352,116@132.21GiB eta=60h34m28.550s
INFO [11-16|21:27:17.705] Syncing: chain download in progress      synced=15.13% chain=302.59GiB headers=10,354,059@5.51GiB bodies=10,354,059@164.82GiB receipts=10,354,059@132.26GiB eta=60h34m31.299s
INFO [11-16|21:27:25.830] Syncing: chain download in progress      synced=15.14% chain=302.70GiB headers=10,356,005@5.51GiB bodies=10,356,005@164.88GiB receipts=10,356,005@132.31GiB eta=60h34m34.501s
INFO [11-16|21:27:33.873] Syncing: chain download in progress      synced=15.14% chain=302.80GiB headers=10,357,980@5.52GiB bodies=10,357,980@164.93GiB receipts=10,357,980@132.36GiB eta=60h34m35.096s
INFO [11-16|21:27:41.925] Syncing: chain download in progress      synced=15.14% chain=302.90GiB headers=10,359,975@5.52GiB bodies=10,359,975@164.98GiB receipts=10,359,975@132.41GiB eta=60h34m34.803s
INFO [11-16|21:27:50.017] Syncing: chain download in progress      synced=15.14% chain=303.00GiB headers=10,361,547@5.52GiB bodies=10,361,547@165.03GiB receipts=10,361,547@132.45GiB eta=60h34m56.942s
INFO [11-16|21:27:58.100] Syncing: chain download in progress      synced=15.15% chain=303.10GiB headers=10,363,268@5.52GiB bodies=10,363,268@165.08GiB receipts=10,363,268@132.50GiB eta=60h35m11.263s
INFO [11-16|21:28:06.139] Syncing: chain download in progress      synced=15.15% chain=303.20GiB headers=10,365,114@5.52GiB bodies=10,365,114@165.13GiB receipts=10,365,114@132.55GiB eta=60h35m18.435s
INFO [11-16|21:28:14.190] Syncing: chain download in progress      synced=15.15% chain=303.30GiB headers=10,366,726@5.52GiB bodies=10,366,726@165.18GiB receipts=10,366,726@132.60GiB eta=60h35m37.982s
INFO [11-16|21:28:22.281] Syncing: chain download in progress      synced=15.15% chain=303.41GiB headers=10,368,071@5.52GiB bodies=10,368,071@165.24GiB receipts=10,368,071@132.65GiB eta=60h36m11.824s
INFO [11-16|21:28:30.291] Syncing: chain download in progress      synced=15.16% chain=303.51GiB headers=10,369,578@5.52GiB bodies=10,369,578@165.29GiB receipts=10,369,578@132.70GiB eta=60h36m36.232s
INFO [11-16|21:28:38.341] Syncing: chain download in progress      synced=15.16% chain=303.61GiB headers=10,370,827@5.52GiB bodies=10,370,827@165.34GiB receipts=10,370,827@132.75GiB eta=60h37m14.495s
WARN [11-16|21:28:41.366] Pivot seemingly stale, moving            old=68,421,998 new=68,422,062
INFO [11-16|21:28:41.541] Syncing: state download in progress      synced=12.02% state=113.89GiB      accounts=80,912,392@13.51GiB slots=468,796,264@96.61GiB codes=497,361@3.76GiB eta=34h33m10.794s
INFO [11-16|21:28:46.432] Syncing: chain download in progress      synced=15.16% chain=303.71GiB headers=10,372,120@5.52GiB bodies=10,372,120@165.39GiB receipts=10,372,120@132.79GiB eta=60h37m51.206s
INFO [11-16|21:28:54.442] Syncing: chain download in progress      synced=15.16% chain=303.81GiB headers=10,373,507@5.52GiB bodies=10,373,507@165.45GiB receipts=10,373,507@132.84GiB eta=60h38m21.749s
INFO [11-16|21:29:02.510] Syncing: chain download in progress      synced=15.16% chain=303.92GiB headers=10,375,361@5.53GiB bodies=10,375,361@165.51GiB receipts=10,375,361@132.89GiB eta=60h38m28.824s
INFO [11-16|21:29:10.592] Syncing: chain download in progress      synced=15.17% chain=304.02GiB headers=10,377,433@5.53GiB bodies=10,377,433@165.56GiB receipts=10,377,433@132.93GiB eta=60h38m24.688s
INFO [11-16|21:29:18.740] Syncing: chain download in progress      synced=15.17% chain=304.13GiB headers=10,379,553@5.53GiB bodies=10,379,553@165.62GiB receipts=10,379,553@132.98GiB eta=60h38m18.979s
INFO [11-16|21:29:26.799] Syncing: chain download in progress      synced=15.17% chain=304.23GiB headers=10,381,414@5.53GiB bodies=10,381,414@165.67GiB receipts=10,381,414@133.03GiB eta=60h38m25.503s
INFO [11-16|21:29:34.808] Syncing: chain download in progress      synced=15.18% chain=304.34GiB headers=10,383,287@5.53GiB bodies=10,383,287@165.72GiB receipts=10,383,287@133.08GiB eta=60h38m30.762s
INFO [11-16|21:29:42.909] Syncing: chain download in progress      synced=15.18% chain=304.44GiB headers=10,385,236@5.53GiB bodies=10,385,236@165.78GiB receipts=10,385,236@133.13GiB eta=60h38m33.297s
INFO [11-16|21:29:50.936] Syncing: chain download in progress      synced=15.18% chain=304.55GiB headers=10,387,282@5.53GiB bodies=10,387,282@165.83GiB receipts=10,387,282@133.18GiB eta=60h38m29.780s
INFO [11-16|21:29:59.039] Syncing: chain download in progress      synced=15.18% chain=304.65GiB headers=10,389,173@5.53GiB bodies=10,389,173@165.88GiB receipts=10,389,173@133.23GiB eta=60h38m35.317s
INFO [11-16|21:30:07.208] Syncing: chain download in progress      synced=15.19% chain=304.75GiB headers=10,390,952@5.53GiB bodies=10,390,952@165.94GiB receipts=10,390,952@133.28GiB eta=60h38m47.427s
INFO [11-16|21:30:15.224] Syncing: chain download in progress      synced=15.19% chain=304.86GiB headers=10,392,783@5.54GiB bodies=10,392,783@165.99GiB receipts=10,392,783@133.33GiB eta=60h38m54.872s
INFO [11-16|21:30:23.304] Syncing: chain download in progress      synced=15.19% chain=304.96GiB headers=10,394,403@5.54GiB bodies=10,394,403@166.04GiB receipts=10,394,403@133.38GiB eta=60h39m14.076s
INFO [11-16|21:30:31.332] Syncing: chain download in progress      synced=15.19% chain=305.06GiB headers=10,395,618@5.54GiB bodies=10,395,618@166.09GiB receipts=10,395,618@133.43GiB eta=60h39m53.488s
WARN [11-16|21:30:34.359] Pivot seemingly stale, moving            old=68,422,062 new=68,422,126
INFO [11-16|21:30:34.406] Syncing: state download in progress      synced=12.02% state=113.89GiB      accounts=80,912,392@13.51GiB slots=468,796,264@96.61GiB codes=497,361@3.76GiB eta=34h48m15.477s
INFO [11-16|21:30:39.351] Syncing: chain download in progress      synced=15.19% chain=305.16GiB headers=10,396,723@5.54GiB bodies=10,396,723@166.15GiB receipts=10,396,723@133.48GiB eta=60h40m38.660s
INFO [11-16|21:30:47.388] Syncing: chain download in progress      synced=15.20% chain=305.26GiB headers=10,397,617@5.54GiB bodies=10,397,617@166.20GiB receipts=10,397,617@133.52GiB eta=60h41m34.770s
INFO [11-16|21:30:55.492] Syncing: chain download in progress      synced=15.20% chain=305.35GiB headers=10,398,403@5.54GiB bodies=10,398,403@166.25GiB receipts=10,398,403@133.56GiB eta=60h42m37.261s
INFO [11-16|21:31:03.518] Syncing: chain download in progress      synced=15.20% chain=305.45GiB headers=10,399,580@5.54GiB bodies=10,399,580@166.31GiB receipts=10,399,580@133.61GiB eta=60h43m18.491s
INFO [11-16|21:31:11.642] Syncing: chain download in progress      synced=15.20% chain=305.56GiB headers=10,401,147@5.54GiB bodies=10,401,147@166.36GiB receipts=10,401,147@133.66GiB eta=60h43m40.844s
INFO [11-16|21:31:19.710] Syncing: chain download in progress      synced=15.20% chain=305.66GiB headers=10,402,941@5.54GiB bodies=10,402,941@166.42GiB receipts=10,402,941@133.70GiB eta=60h43m50.677s
INFO [11-16|21:31:27.788] Syncing: chain download in progress      synced=15.21% chain=305.77GiB headers=10,404,644@5.54GiB bodies=10,404,644@166.48GiB receipts=10,404,644@133.75GiB eta=60h44m5.378s
INFO [11-16|21:31:35.789] Syncing: chain download in progress      synced=15.21% chain=305.86GiB headers=10,406,537@5.54GiB bodies=10,406,537@166.53GiB receipts=10,406,537@133.79GiB eta=60h44m9.209s
INFO [11-16|21:31:43.844] Syncing: chain download in progress      synced=15.21% chain=305.96GiB headers=10,407,804@5.54GiB bodies=10,407,804@166.58GiB receipts=10,407,804@133.83GiB eta=60h44m46.089s
INFO [11-16|21:31:51.970] Syncing: chain download in progress      synced=15.21% chain=306.06GiB headers=10,409,081@5.54GiB bodies=10,409,081@166.63GiB receipts=10,409,081@133.88GiB eta=60h45m23.276s
INFO [11-16|21:32:00.049] Syncing: chain download in progress      synced=15.22% chain=306.16GiB headers=10,410,659@5.55GiB bodies=10,410,659@166.69GiB receipts=10,410,659@133.92GiB eta=60h45m44.360s
INFO [11-16|21:32:08.077] Syncing: chain download in progress      synced=15.22% chain=306.26GiB headers=10,412,267@5.55GiB bodies=10,412,267@166.75GiB receipts=10,412,267@133.97GiB eta=60h46m3.183s
INFO [11-16|21:32:16.112] Syncing: chain download in progress      synced=15.22% chain=306.36GiB headers=10,413,785@5.55GiB bodies=10,413,785@166.80GiB receipts=10,413,785@134.01GiB eta=60h46m26.753s
INFO [11-16|21:32:24.262] Syncing: chain download in progress      synced=15.22% chain=306.46GiB headers=10,415,434@5.55GiB bodies=10,415,434@166.86GiB receipts=10,415,434@134.06GiB eta=60h46m45.012s
INFO [11-16|21:32:32.407] Syncing: chain download in progress      synced=15.22% chain=306.56GiB headers=10,416,784@5.55GiB bodies=10,416,784@166.91GiB receipts=10,416,784@134.10GiB eta=60h47m18.551s
INFO [11-16|21:32:40.448] Syncing: chain download in progress      synced=15.23% chain=306.66GiB headers=10,418,049@5.55GiB bodies=10,418,049@166.96GiB receipts=10,418,049@134.15GiB eta=60h47m55.194s
INFO [11-16|21:32:48.539] Syncing: chain download in progress      synced=15.23% chain=306.76GiB headers=10,419,428@5.55GiB bodies=10,419,428@167.02GiB receipts=10,419,428@134.19GiB eta=60h48m26.532s
WARN [11-16|21:32:54.624] Pivot seemingly stale, moving            old=68,422,126 new=68,422,190
INFO [11-16|21:32:54.771] Syncing: state download in progress      synced=12.02% state=113.89GiB      accounts=80,912,392@13.51GiB slots=468,796,264@96.61GiB codes=497,361@3.76GiB eta=35h2m52.660s
INFO [11-16|21:32:56.597] Syncing: chain download in progress      synced=15.23% chain=306.86GiB headers=10,420,992@5.55GiB bodies=10,420,992@167.07GiB receipts=10,420,992@134.23GiB eta=60h48m48.131s
INFO [11-16|21:33:04.735] Syncing: chain download in progress      synced=15.23% chain=306.96GiB headers=10,422,224@5.55GiB bodies=10,422,224@167.13GiB receipts=10,422,224@134.28GiB eta=60h49m27.619s
INFO [11-16|21:33:12.815] Syncing: chain download in progress      synced=15.23% chain=307.06GiB headers=10,423,491@5.55GiB bodies=10,423,491@167.18GiB receipts=10,423,491@134.32GiB eta=60h50m4.537s
INFO [11-16|21:33:20.848] Syncing: chain download in progress      synced=15.24% chain=307.16GiB headers=10,424,665@5.55GiB bodies=10,424,665@167.24GiB receipts=10,424,665@134.37GiB eta=60h50m45.574s
INFO [11-16|21:33:28.922] Syncing: chain download in progress      synced=15.24% chain=307.27GiB headers=10,425,864@5.55GiB bodies=10,425,864@167.30GiB receipts=10,425,864@134.42GiB eta=60h51m25.877s
INFO [11-16|21:33:37.050] Syncing: chain download in progress      synced=15.24% chain=307.37GiB headers=10,427,028@5.56GiB bodies=10,427,028@167.35GiB receipts=10,427,028@134.46GiB eta=60h52m8.630s
INFO [11-16|21:33:45.060] Syncing: chain download in progress      synced=15.24% chain=307.47GiB headers=10,428,147@5.56GiB bodies=10,428,147@167.41GiB receipts=10,428,147@134.50GiB eta=60h52m52.189s
INFO [11-16|21:33:53.093] Syncing: chain download in progress      synced=15.24% chain=307.57GiB headers=10,429,718@5.56GiB bodies=10,429,718@167.46GiB receipts=10,429,718@134.55GiB eta=60h53m12.696s
INFO [11-16|21:34:01.111] Syncing: chain download in progress      synced=15.25% chain=307.67GiB headers=10,431,604@5.56GiB bodies=10,431,604@167.51GiB receipts=10,431,604@134.60GiB eta=60h53m16.818s
INFO [11-16|21:34:09.185] Syncing: chain download in progress      synced=15.25% chain=307.77GiB headers=10,433,649@5.56GiB bodies=10,433,649@167.57GiB receipts=10,433,649@134.64GiB eta=60h53m13.379s
INFO [11-16|21:34:17.247] Syncing: chain download in progress      synced=15.25% chain=307.86GiB headers=10,435,535@5.56GiB bodies=10,435,535@167.62GiB receipts=10,435,535@134.69GiB eta=60h53m18.021s
INFO [11-16|21:34:25.258] Syncing: chain download in progress      synced=15.25% chain=307.96GiB headers=10,437,071@5.56GiB bodies=10,437,071@167.67GiB receipts=10,437,071@134.73GiB eta=60h53m40.048s
INFO [11-16|21:34:33.311] Syncing: chain download in progress      synced=15.26% chain=308.06GiB headers=10,438,590@5.56GiB bodies=10,438,590@167.72GiB receipts=10,438,590@134.77GiB eta=60h54m3.413s
INFO [11-16|21:34:41.325] Syncing: chain download in progress      synced=15.26% chain=308.16GiB headers=10,440,158@5.56GiB bodies=10,440,158@167.78GiB receipts=10,440,158@134.82GiB eta=60h54m23.750s
INFO [11-16|21:34:49.474] Syncing: chain download in progress      synced=15.26% chain=308.26GiB headers=10,441,796@5.56GiB bodies=10,441,796@167.84GiB receipts=10,441,796@134.86GiB eta=60h54m42.140s
INFO [11-16|21:34:57.616] Syncing: chain download in progress      synced=15.26% chain=308.37GiB headers=10,443,513@5.56GiB bodies=10,443,513@167.90GiB receipts=10,443,513@134.91GiB eta=60h54m56.402s
INFO [11-16|21:35:05.626] Syncing: chain download in progress      synced=15.27% chain=308.47GiB headers=10,445,000@5.57GiB bodies=10,445,000@167.95GiB receipts=10,445,000@134.95GiB eta=60h55m20.810s
WARN [11-16|21:35:05.773] Pivot seemingly stale, moving            old=68,422,190 new=68,422,254
INFO [11-16|21:35:05.774] Syncing: state download in progress      synced=12.02% state=113.89GiB      accounts=80,912,392@13.51GiB slots=468,796,264@96.61GiB codes=497,361@3.76GiB eta=35h17m39.205s
INFO [11-16|21:35:13.749] Syncing: chain download in progress      synced=15.27% chain=308.57GiB headers=10,446,575@5.57GiB bodies=10,446,575@168.00GiB receipts=10,446,575@135.00GiB eta=60h55m42.285s
INFO [11-16|21:35:21.755] Syncing: chain download in progress      synced=15.27% chain=308.67GiB headers=10,448,111@5.57GiB bodies=10,448,111@168.06GiB receipts=10,448,111@135.04GiB eta=60h56m4.069s
INFO [11-16|21:35:29.825] Syncing: chain download in progress      synced=15.27% chain=308.77GiB headers=10,449,792@5.57GiB bodies=10,449,792@168.11GiB receipts=10,449,792@135.09GiB eta=60h56m19.216s
INFO [11-16|21:35:37.860] Syncing: chain download in progress      synced=15.27% chain=308.87GiB headers=10,451,228@5.57GiB bodies=10,451,228@168.17GiB receipts=10,451,228@135.14GiB eta=60h56m46.478s
INFO [11-16|21:35:45.963] Syncing: chain download in progress      synced=15.28% chain=308.97GiB headers=10,452,622@5.57GiB bodies=10,452,622@168.22GiB receipts=10,452,622@135.18GiB eta=60h57m16.679s
INFO [11-16|21:35:53.988] Syncing: chain download in progress      synced=15.28% chain=309.07GiB headers=10,453,689@5.57GiB bodies=10,453,689@168.27GiB receipts=10,453,689@135.23GiB eta=60h58m2.667s
INFO [11-16|21:36:02.073] Syncing: chain download in progress      synced=15.28% chain=309.17GiB headers=10,454,989@5.57GiB bodies=10,454,989@168.32GiB receipts=10,454,989@135.28GiB eta=60h58m37.453s
INFO [11-16|21:36:10.195] Syncing: chain download in progress      synced=15.28% chain=309.27GiB headers=10,456,150@5.57GiB bodies=10,456,150@168.37GiB receipts=10,456,150@135.32GiB eta=60h59m19.835s
INFO [11-16|21:36:18.204] Syncing: chain download in progress      synced=15.28% chain=309.36GiB headers=10,457,463@5.57GiB bodies=10,457,463@168.42GiB receipts=10,457,463@135.37GiB eta=60h59m52.944s
INFO [11-16|21:36:26.229] Syncing: chain download in progress      synced=15.29% chain=309.46GiB headers=10,459,198@5.57GiB bodies=10,459,198@168.47GiB receipts=10,459,198@135.41GiB eta=61h0m4.572s
INFO [11-16|21:36:34.301] Syncing: chain download in progress      synced=15.29% chain=309.56GiB headers=10,461,083@5.58GiB bodies=10,461,083@168.52GiB receipts=10,461,083@135.46GiB eta=61h0m9.080s
INFO [11-16|21:36:42.421] Syncing: chain download in progress      synced=15.29% chain=309.66GiB headers=10,462,818@5.58GiB bodies=10,462,818@168.57GiB receipts=10,462,818@135.51GiB eta=61h0m21.923s
INFO [11-16|21:36:50.472] Syncing: chain download in progress      synced=15.29% chain=309.76GiB headers=10,464,460@5.58GiB bodies=10,464,460@168.62GiB receipts=10,464,460@135.55GiB eta=61h0m38.594s
INFO [11-16|21:36:58.486] Syncing: chain download in progress      synced=15.30% chain=309.86GiB headers=10,465,910@5.58GiB bodies=10,465,910@168.68GiB receipts=10,465,910@135.60GiB eta=61h1m4.628s
INFO [11-16|21:37:06.563] Syncing: chain download in progress      synced=15.30% chain=309.95GiB headers=10,467,340@5.58GiB bodies=10,467,340@168.73GiB receipts=10,467,340@135.64GiB eta=61h1m32.474s
INFO [11-16|21:37:14.636] Syncing: chain download in progress      synced=15.30% chain=310.06GiB headers=10,468,857@5.58GiB bodies=10,468,857@168.79GiB receipts=10,468,857@135.69GiB eta=61h1m55.758s
WARN [11-16|21:37:18.854] Pivot seemingly stale, moving            old=68,422,254 new=68,422,318
INFO [11-16|21:37:18.856] Syncing: state download in progress      synced=12.02% state=113.89GiB      accounts=80,912,392@13.51GiB slots=468,796,264@96.61GiB codes=497,361@3.76GiB eta=35h32m23.672s
INFO [11-16|21:37:22.678] Syncing: chain download in progress      synced=15.30% chain=310.17GiB headers=10,470,390@5.58GiB bodies=10,470,390@168.85GiB receipts=10,470,390@135.73GiB eta=61h2m18.121s
INFO [11-16|21:37:30.699] Syncing: chain download in progress      synced=15.30% chain=310.27GiB headers=10,471,928@5.58GiB bodies=10,471,928@168.91GiB receipts=10,471,928@135.78GiB eta=61h2m39.642s
INFO [11-16|21:37:38.793] Syncing: chain download in progress      synced=15.31% chain=310.38GiB headers=10,473,561@5.58GiB bodies=10,473,561@168.97GiB receipts=10,473,561@135.82GiB eta=61h2m57.209s
INFO [11-16|21:37:46.867] Syncing: chain download in progress      synced=15.31% chain=310.48GiB headers=10,475,024@5.58GiB bodies=10,475,024@169.03GiB receipts=10,475,024@135.87GiB eta=61h3m23.241s
INFO [11-16|21:37:54.873] Syncing: chain download in progress      synced=15.31% chain=310.58GiB headers=10,476,403@5.58GiB bodies=10,476,403@169.08GiB receipts=10,476,403@135.92GiB eta=61h3m52.662s
INFO [11-16|21:38:02.882] Syncing: chain download in progress      synced=15.31% chain=310.69GiB headers=10,477,907@5.58GiB bodies=10,477,907@169.14GiB receipts=10,477,907@135.96GiB eta=61h4m15.697s
INFO [11-16|21:38:10.980] Syncing: chain download in progress      synced=15.32% chain=310.79GiB headers=10,479,083@5.59GiB bodies=10,479,083@169.20GiB receipts=10,479,083@136.01GiB eta=61h4m56.604s
INFO [11-16|21:38:19.094] Syncing: chain download in progress      synced=15.32% chain=310.89GiB headers=10,480,224@5.59GiB bodies=10,480,224@169.25GiB receipts=10,480,224@136.06GiB eta=61h5m39.497s
INFO [11-16|21:38:27.155] Syncing: chain download in progress      synced=15.32% chain=310.99GiB headers=10,481,162@5.59GiB bodies=10,481,162@169.31GiB receipts=10,481,162@136.09GiB eta=61h6m32.081s
INFO [11-16|21:38:35.259] Syncing: chain download in progress      synced=15.32% chain=311.10GiB headers=10,482,298@5.59GiB bodies=10,482,298@169.37GiB receipts=10,482,298@136.14GiB eta=61h7m15.047s
INFO [11-16|21:38:43.359] Syncing: chain download in progress      synced=15.32% chain=311.19GiB headers=10,483,414@5.59GiB bodies=10,483,414@169.42GiB receipts=10,483,414@136.18GiB eta=61h7m59.014s
INFO [11-16|21:38:51.393] Syncing: chain download in progress      synced=15.32% chain=311.29GiB headers=10,484,634@5.59GiB bodies=10,484,634@169.47GiB receipts=10,484,634@136.23GiB eta=61h8m36.733s
INFO [11-16|21:38:59.462] Syncing: chain download in progress      synced=15.33% chain=311.39GiB headers=10,485,994@5.59GiB bodies=10,485,994@169.52GiB receipts=10,485,994@136.28GiB eta=61h9m7.718s
INFO [11-16|21:39:07.508] Syncing: chain download in progress      synced=15.33% chain=311.49GiB headers=10,487,686@5.59GiB bodies=10,487,686@169.57GiB receipts=10,487,686@136.32GiB eta=61h9m21.450s
INFO [11-16|21:39:15.590] Syncing: chain download in progress      synced=15.33% chain=311.58GiB headers=10,489,368@5.59GiB bodies=10,489,368@169.62GiB receipts=10,489,368@136.37GiB eta=61h9m36.088s
INFO [11-16|21:39:23.660] Syncing: chain download in progress      synced=15.33% chain=311.68GiB headers=10,491,300@5.59GiB bodies=10,491,300@169.68GiB receipts=10,491,300@136.42GiB eta=61h9m37.782s
INFO [11-16|21:39:31.742] Syncing: chain download in progress      synced=15.34% chain=311.78GiB headers=10,492,735@5.59GiB bodies=10,492,735@169.72GiB receipts=10,492,735@136.46GiB eta=61h10m5.059s
INFO [11-16|21:39:39.801] Syncing: chain download in progress      synced=15.34% chain=311.87GiB headers=10,494,107@5.59GiB bodies=10,494,107@169.77GiB receipts=10,494,107@136.50GiB eta=61h10m35.179s
WARN [11-16|21:39:40.910] Pivot seemingly stale, moving            old=68,422,318 new=68,422,382
INFO [11-16|21:39:41.021] Syncing: state download in progress      synced=12.02% state=113.89GiB      accounts=80,912,392@13.51GiB slots=468,796,264@96.61GiB codes=497,361@3.76GiB eta=35h46m59.054s
INFO [11-16|21:39:47.848] Syncing: chain download in progress      synced=15.34% chain=311.96GiB headers=10,495,387@5.59GiB bodies=10,495,387@169.82GiB receipts=10,495,387@136.55GiB eta=61h11m10.121s
INFO [11-16|21:39:55.855] Syncing: chain download in progress      synced=15.34% chain=312.07GiB headers=10,496,830@5.60GiB bodies=10,496,830@169.88GiB receipts=10,496,830@136.59GiB eta=61h11m35.971s
INFO [11-16|21:40:03.922] Syncing: chain download in progress      synced=15.34% chain=312.17GiB headers=10,498,439@5.60GiB bodies=10,498,439@169.94GiB receipts=10,498,439@136.64GiB eta=61h11m54.064s
INFO [11-16|21:40:12.034] Syncing: chain download in progress      synced=15.35% chain=312.28GiB headers=10,500,073@5.60GiB bodies=10,500,073@170.00GiB receipts=10,500,073@136.68GiB eta=61h12m11.424s
INFO [11-16|21:40:20.144] Syncing: chain download in progress      synced=15.35% chain=312.39GiB headers=10,501,635@5.60GiB bodies=10,501,635@170.06GiB receipts=10,501,635@136.73GiB eta=61h12m32.415s
INFO [11-16|21:40:28.211] Syncing: chain download in progress      synced=15.35% chain=312.49GiB headers=10,503,039@5.60GiB bodies=10,503,039@170.12GiB receipts=10,503,039@136.77GiB eta=61h13m0.899s
INFO [11-16|21:40:36.285] Syncing: chain download in progress      synced=15.35% chain=312.60GiB headers=10,504,391@5.60GiB bodies=10,504,391@170.18GiB receipts=10,504,391@136.82GiB eta=61h13m32.127s
INFO [11-16|21:40:44.290] Syncing: chain download in progress      synced=15.35% chain=312.69GiB headers=10,505,470@5.60GiB bodies=10,505,470@170.23GiB receipts=10,505,470@136.86GiB eta=61h14m16.381s
INFO [11-16|21:40:52.318] Syncing: chain download in progress      synced=15.36% chain=312.79GiB headers=10,506,689@5.60GiB bodies=10,506,689@170.28GiB receipts=10,506,689@136.91GiB eta=61h14m53.730s
INFO [11-16|21:41:00.443] Syncing: chain download in progress      synced=15.36% chain=312.87GiB headers=10,507,612@5.60GiB bodies=10,507,612@170.32GiB receipts=10,507,612@136.95GiB eta=61h15m47.378s
INFO [11-16|21:41:08.476] Syncing: chain download in progress      synced=15.36% chain=312.97GiB headers=10,508,492@5.60GiB bodies=10,508,492@170.37GiB receipts=10,508,492@136.99GiB eta=61h16m42.114s
INFO [11-16|21:41:16.495] Syncing: chain download in progress      synced=15.36% chain=313.05GiB headers=10,509,144@5.60GiB bodies=10,509,144@170.42GiB receipts=10,509,144@137.03GiB eta=61h17m48.200s
INFO [11-16|21:41:24.556] Syncing: chain download in progress      synced=15.36% chain=313.15GiB headers=10,509,818@5.60GiB bodies=10,509,818@170.47GiB receipts=10,509,818@137.07GiB eta=61h18m53.737s
INFO [11-16|21:41:32.557] Syncing: chain download in progress      synced=15.36% chain=313.25GiB headers=10,510,680@5.60GiB bodies=10,510,680@170.52GiB receipts=10,510,680@137.12GiB eta=61h19m48.885s
INFO [11-16|21:41:40.568] Syncing: chain download in progress      synced=15.36% chain=313.35GiB headers=10,511,513@5.60GiB bodies=10,511,513@170.57GiB receipts=10,511,513@137.17GiB eta=61h20m45.589s
INFO [11-16|21:41:48.606] Syncing: chain download in progress      synced=15.36% chain=313.44GiB headers=10,512,523@5.60GiB bodies=10,512,523@170.62GiB receipts=10,512,523@137.22GiB eta=61h21m33.566s
INFO [11-16|21:41:56.646] Syncing: chain download in progress      synced=15.37% chain=313.55GiB headers=10,513,786@5.61GiB bodies=10,513,786@170.67GiB receipts=10,513,786@137.27GiB eta=61h22m8.706s
INFO [11-16|21:42:04.761] Syncing: chain download in progress      synced=15.37% chain=313.64GiB headers=10,515,168@5.61GiB bodies=10,515,168@170.73GiB receipts=10,515,168@137.31GiB eta=61h22m38.583s
INFO [11-16|21:42:12.899] Syncing: chain download in progress      synced=15.37% chain=313.74GiB headers=10,516,843@5.61GiB bodies=10,516,843@170.78GiB receipts=10,516,843@137.36GiB eta=61h22m53.790s
INFO [11-16|21:42:21.044] Syncing: chain download in progress      synced=15.37% chain=313.84GiB headers=10,518,604@5.61GiB bodies=10,518,604@170.83GiB receipts=10,518,604@137.41GiB eta=61h23m4.731s
WARN [11-16|21:42:22.065] Pivot seemingly stale, moving            old=68,422,382 new=68,422,446
INFO [11-16|21:42:22.071] Syncing: state download in progress      synced=12.02% state=113.89GiB      accounts=80,912,392@13.51GiB slots=468,796,264@96.61GiB codes=497,361@3.76GiB eta=36h18m13.101s
INFO [11-16|21:42:29.192] Syncing: chain download in progress      synced=15.37% chain=313.93GiB headers=10,519,919@5.61GiB bodies=10,519,919@170.87GiB receipts=10,519,919@137.45GiB eta=61h23m38.635s
INFO [11-16|21:42:37.241] Syncing: chain download in progress      synced=15.38% chain=314.04GiB headers=10,521,342@5.61GiB bodies=10,521,342@170.93GiB receipts=10,521,342@137.50GiB eta=61h24m5.570s
INFO [11-16|21:42:45.243] Syncing: chain download in progress      synced=15.38% chain=314.14GiB headers=10,522,683@5.61GiB bodies=10,522,683@170.98GiB receipts=10,522,683@137.54GiB eta=61h24m36.059s
INFO [11-16|21:42:53.304] Syncing: chain download in progress      synced=15.38% chain=314.24GiB headers=10,524,048@5.61GiB bodies=10,524,048@171.04GiB receipts=10,524,048@137.59GiB eta=61h25m6.049s
INFO [11-16|21:43:01.328] Syncing: chain download in progress      synced=15.38% chain=314.34GiB headers=10,525,445@5.61GiB bodies=10,525,445@171.09GiB receipts=10,525,445@137.64GiB eta=61h25m33.889s
INFO [11-16|21:43:09.424] Syncing: chain download in progress      synced=15.39% chain=314.45GiB headers=10,526,994@5.61GiB bodies=10,526,994@171.15GiB receipts=10,526,994@137.68GiB eta=61h25m54.894s
INFO [11-16|21:43:17.564] Syncing: chain download in progress      synced=15.39% chain=314.55GiB headers=10,528,479@5.61GiB bodies=10,528,479@171.21GiB receipts=10,528,479@137.73GiB eta=61h26m19.674s
INFO [11-16|21:43:25.651] Syncing: chain download in progress      synced=15.39% chain=314.66GiB headers=10,529,839@5.61GiB bodies=10,529,839@171.27GiB receipts=10,529,839@137.78GiB eta=61h26m50.140s
INFO [11-16|21:43:33.704] Syncing: chain download in progress      synced=15.39% chain=314.76GiB headers=10,531,003@5.62GiB bodies=10,531,003@171.32GiB receipts=10,531,003@137.83GiB eta=61h27m30.153s
INFO [11-16|21:43:41.849] Syncing: chain download in progress      synced=15.39% chain=314.86GiB headers=10,532,151@5.62GiB bodies=10,532,151@171.37GiB receipts=10,532,151@137.87GiB eta=61h28m12.136s
INFO [11-16|21:43:49.852] Syncing: chain download in progress      synced=15.39% chain=314.96GiB headers=10,533,351@5.62GiB bodies=10,533,351@171.43GiB receipts=10,533,351@137.92GiB eta=61h28m49.634s
INFO [11-16|21:43:57.889] Syncing: chain download in progress      synced=15.40% chain=315.07GiB headers=10,534,720@5.62GiB bodies=10,534,720@171.48GiB receipts=10,534,720@137.97GiB eta=61h29m18.959s
INFO [11-16|21:44:06.038] Syncing: chain download in progress      synced=15.40% chain=315.17GiB headers=10,535,927@5.62GiB bodies=10,535,927@171.53GiB receipts=10,535,927@138.01GiB eta=61h29m57.816s
INFO [11-16|21:44:14.076] Syncing: chain download in progress      synced=15.40% chain=315.27GiB headers=10,537,141@5.62GiB bodies=10,537,141@171.59GiB receipts=10,537,141@138.06GiB eta=61h30m35.024s
INFO [11-16|21:44:22.089] Syncing: chain download in progress      synced=15.40% chain=315.37GiB headers=10,538,141@5.62GiB bodies=10,538,141@171.64GiB receipts=10,538,141@138.11GiB eta=61h31m22.774s
INFO [11-16|21:44:30.197] Syncing: chain download in progress      synced=15.40% chain=315.47GiB headers=10,539,134@5.62GiB bodies=10,539,134@171.70GiB receipts=10,539,134@138.15GiB eta=61h32m11.995s
INFO [11-16|21:44:38.329] Syncing: chain download in progress      synced=15.40% chain=315.57GiB headers=10,540,349@5.62GiB bodies=10,540,349@171.75GiB receipts=10,540,349@138.20GiB eta=61h32m50.178s
INFO [11-16|21:44:46.389] Syncing: chain download in progress      synced=15.41% chain=315.67GiB headers=10,541,454@5.62GiB bodies=10,541,454@171.80GiB receipts=10,541,454@138.25GiB eta=61h33m33.063s
INFO [11-16|21:44:54.473] Syncing: chain download in progress      synced=15.41% chain=315.77GiB headers=10,542,775@5.62GiB bodies=10,542,775@171.86GiB receipts=10,542,775@138.29GiB eta=61h34m5.222s
WARN [11-16|21:44:57.068] Pivot seemingly stale, moving            old=68,422,446 new=68,422,510
INFO [11-16|21:44:57.092] Syncing: state download in progress      synced=12.02% state=113.89GiB      accounts=80,912,392@13.51GiB slots=468,796,264@96.61GiB codes=497,361@3.76GiB eta=36h32m35.628s
INFO [11-16|21:45:02.492] Syncing: chain download in progress      synced=15.41% chain=315.87GiB headers=10,544,406@5.62GiB bodies=10,544,406@171.91GiB receipts=10,544,406@138.34GiB eta=61h34m21.041s
INFO [11-16|21:45:10.588] Syncing: chain download in progress      synced=15.41% chain=315.96GiB headers=10,545,881@5.62GiB bodies=10,545,881@171.95GiB receipts=10,545,881@138.38GiB eta=61h34m45.488s
INFO [11-16|21:45:18.617] Syncing: chain download in progress      synced=15.42% chain=316.06GiB headers=10,547,453@5.62GiB bodies=10,547,453@172.00GiB receipts=10,547,453@138.43GiB eta=61h35m4.122s
INFO [11-16|21:45:26.677] Syncing: chain download in progress      synced=15.42% chain=316.15GiB headers=10,549,066@5.63GiB bodies=10,549,066@172.05GiB receipts=10,549,066@138.47GiB eta=61h35m21.034s
INFO [11-16|21:45:34.698] Syncing: chain download in progress      synced=15.42% chain=316.25GiB headers=10,550,604@5.63GiB bodies=10,550,604@172.10GiB receipts=10,550,604@138.52GiB eta=61h35m41.300s
INFO [11-16|21:45:42.702] Syncing: chain download in progress      synced=15.42% chain=316.35GiB headers=10,551,960@5.63GiB bodies=10,551,960@172.16GiB receipts=10,551,960@138.57GiB eta=61h36m10.537s
INFO [11-16|21:45:50.806] Syncing: chain download in progress      synced=15.42% chain=316.45GiB headers=10,553,361@5.63GiB bodies=10,553,361@172.21GiB receipts=10,553,361@138.61GiB eta=61h36m38.733s
INFO [11-16|21:45:58.848] Syncing: chain download in progress      synced=15.43% chain=316.55GiB headers=10,554,791@5.63GiB bodies=10,554,791@172.27GiB receipts=10,554,791@138.65GiB eta=61h37m4.674s
INFO [11-16|21:46:07.002] Syncing: chain download in progress      synced=15.43% chain=316.66GiB headers=10,556,377@5.63GiB bodies=10,556,377@172.32GiB receipts=10,556,377@138.70GiB eta=61h37m24.055s
INFO [11-16|21:46:15.098] Syncing: chain download in progress      synced=15.43% chain=316.76GiB headers=10,557,949@5.63GiB bodies=10,557,949@172.38GiB receipts=10,557,949@138.75GiB eta=61h37m43.373s
INFO [11-16|21:46:23.227] Syncing: chain download in progress      synced=15.43% chain=316.86GiB headers=10,559,259@5.63GiB bodies=10,559,259@172.44GiB receipts=10,559,259@138.79GiB eta=61h38m16.425s
INFO [11-16|21:46:31.369] Syncing: chain download in progress      synced=15.43% chain=316.96GiB headers=10,560,452@5.63GiB bodies=10,560,452@172.50GiB receipts=10,560,452@138.83GiB eta=61h38m55.536s
INFO [11-16|21:46:39.415] Syncing: chain download in progress      synced=15.44% chain=317.06GiB headers=10,561,819@5.63GiB bodies=10,561,819@172.55GiB receipts=10,561,819@138.88GiB eta=61h39m24.604s
INFO [11-16|21:46:47.452] Syncing: chain download in progress      synced=15.44% chain=317.17GiB headers=10,563,285@5.63GiB bodies=10,563,285@172.61GiB receipts=10,563,285@138.93GiB eta=61h39m48.546s
INFO [11-16|21:46:55.463] Syncing: chain download in progress      synced=15.44% chain=317.26GiB headers=10,564,448@5.63GiB bodies=10,564,448@172.66GiB receipts=10,564,448@138.97GiB eta=61h40m27.477s
INFO [11-16|21:47:03.540] Syncing: chain download in progress      synced=15.44% chain=317.35GiB headers=10,565,482@5.64GiB bodies=10,565,482@172.71GiB receipts=10,565,482@139.01GiB eta=61h41m13.787s
INFO [11-16|21:47:11.678] Syncing: chain download in progress      synced=15.44% chain=317.46GiB headers=10,566,669@5.64GiB bodies=10,566,669@172.76GiB receipts=10,566,669@139.06GiB eta=61h41m53.086s
INFO [11-16|21:47:19.709] Syncing: chain download in progress      synced=15.44% chain=317.57GiB headers=10,567,773@5.64GiB bodies=10,567,773@172.82GiB receipts=10,567,773@139.11GiB eta=61h42m35.247s
WARN [11-16|21:47:21.223] Pivot seemingly stale, moving            old=68,422,510 new=68,422,574
INFO [11-16|21:47:21.360] Syncing: state download in progress      synced=12.02% state=113.89GiB      accounts=80,912,392@13.51GiB slots=468,796,264@96.61GiB codes=497,361@3.76GiB eta=36h47m8.907s
INFO [11-16|21:47:27.776] Syncing: chain download in progress      synced=15.45% chain=317.67GiB headers=10,569,006@5.64GiB bodies=10,569,006@172.87GiB receipts=10,569,006@139.16GiB eta=61h43m11.487s
INFO [11-16|21:47:35.821] Syncing: chain download in progress      synced=15.45% chain=317.76GiB headers=10,570,309@5.64GiB bodies=10,570,309@172.92GiB receipts=10,570,309@139.20GiB eta=61h43m43.624s
INFO [11-16|21:47:43.916] Syncing: chain download in progress      synced=15.45% chain=317.87GiB headers=10,571,805@5.64GiB bodies=10,571,805@172.97GiB receipts=10,571,805@139.25GiB eta=61h44m6.571s
INFO [11-16|21:47:51.936] Syncing: chain download in progress      synced=15.45% chain=317.97GiB headers=10,573,323@5.64GiB bodies=10,573,323@173.03GiB receipts=10,573,323@139.30GiB eta=61h44m27.466s
INFO [11-16|21:48:00.059] Syncing: chain download in progress      synced=15.46% chain=318.07GiB headers=10,575,112@5.64GiB bodies=10,575,112@173.08GiB receipts=10,575,112@139.35GiB eta=61h44m35.864s
INFO [11-16|21:48:08.123] Syncing: chain download in progress      synced=15.46% chain=318.17GiB headers=10,576,835@5.64GiB bodies=10,576,835@173.13GiB receipts=10,576,835@139.39GiB eta=61h44m46.829s
INFO [11-16|21:48:16.253] Syncing: chain download in progress      synced=15.46% chain=318.27GiB headers=10,578,490@5.64GiB bodies=10,578,490@173.18GiB receipts=10,578,490@139.44GiB eta=61h45m2.103s
INFO [11-16|21:48:24.290] Syncing: chain download in progress      synced=15.46% chain=318.37GiB headers=10,580,006@5.64GiB bodies=10,580,006@173.24GiB receipts=10,580,006@139.48GiB eta=61h45m23.231s
INFO [11-16|21:48:32.374] Syncing: chain download in progress      synced=15.46% chain=318.47GiB headers=10,581,461@5.64GiB bodies=10,581,461@173.29GiB receipts=10,581,461@139.53GiB eta=61h45m48.005s
INFO [11-16|21:48:40.416] Syncing: chain download in progress      synced=15.47% chain=318.57GiB headers=10,583,010@5.65GiB bodies=10,583,010@173.35GiB receipts=10,583,010@139.57GiB eta=61h46m7.500s
INFO [11-16|21:48:48.498] Syncing: chain download in progress      synced=15.47% chain=318.67GiB headers=10,584,450@5.65GiB bodies=10,584,450@173.41GiB receipts=10,584,450@139.62GiB eta=61h46m32.965s
INFO [11-16|21:48:56.558] Syncing: chain download in progress      synced=15.47% chain=318.78GiB headers=10,585,841@5.65GiB bodies=10,585,841@173.46GiB receipts=10,585,841@139.66GiB eta=61h47m0.641s
INFO [11-16|21:49:04.684] Syncing: chain download in progress      synced=15.47% chain=318.88GiB headers=10,587,247@5.65GiB bodies=10,587,247@173.52GiB receipts=10,587,247@139.71GiB eta=61h47m28.374s
INFO [11-16|21:49:12.752] Syncing: chain download in progress      synced=15.48% chain=318.99GiB headers=10,588,613@5.65GiB bodies=10,588,613@173.58GiB receipts=10,588,613@139.76GiB eta=61h47m57.358s
INFO [11-16|21:49:20.870] Syncing: chain download in progress      synced=15.48% chain=319.09GiB headers=10,589,874@5.65GiB bodies=10,589,874@173.63GiB receipts=10,589,874@139.80GiB eta=61h48m32.238s
INFO [11-16|21:49:28.926] Syncing: chain download in progress      synced=15.48% chain=319.19GiB headers=10,591,191@5.65GiB bodies=10,591,191@173.69GiB receipts=10,591,191@139.85GiB eta=61h49m3.547s
INFO [11-16|21:49:37.044] Syncing: chain download in progress      synced=15.48% chain=319.29GiB headers=10,592,493@5.65GiB bodies=10,592,493@173.74GiB receipts=10,592,493@139.90GiB eta=61h49m36.300s
WARN [11-16|21:49:38.399] Pivot seemingly stale, moving            old=68,422,574 new=68,422,638
INFO [11-16|21:49:38.460] Syncing: state download in progress      synced=12.02% state=113.89GiB      accounts=80,912,392@13.51GiB slots=468,796,264@96.61GiB codes=497,361@3.76GiB eta=37h1m49.355s
INFO [11-16|21:49:45.108] Syncing: chain download in progress      synced=15.48% chain=319.39GiB headers=10,593,665@5.65GiB bodies=10,593,665@173.80GiB receipts=10,593,665@139.94GiB eta=61h50m15.233s
INFO [11-16|21:49:53.174] Syncing: chain download in progress      synced=15.48% chain=319.49GiB headers=10,594,750@5.65GiB bodies=10,594,750@173.85GiB receipts=10,594,750@139.99GiB eta=61h50m58.360s
INFO [11-16|21:50:01.199] Syncing: chain download in progress      synced=15.49% chain=319.59GiB headers=10,595,785@5.65GiB bodies=10,595,785@173.90GiB receipts=10,595,785@140.04GiB eta=61h51m43.470s
INFO [11-16|21:50:09.267] Syncing: chain download in progress      synced=15.49% chain=319.69GiB headers=10,596,837@5.65GiB bodies=10,596,837@173.96GiB receipts=10,596,837@140.08GiB eta=61h52m28.223s
INFO [11-16|21:50:17.328] Syncing: chain download in progress      synced=15.49% chain=319.79GiB headers=10,598,033@5.65GiB bodies=10,598,033@174.01GiB receipts=10,598,033@140.13GiB eta=61h53m5.539s
INFO [11-16|21:50:25.365] Syncing: chain download in progress      synced=15.49% chain=319.89GiB headers=10,599,369@5.65GiB bodies=10,599,369@174.06GiB receipts=10,599,369@140.18GiB eta=61h53m35.490s
INFO [11-16|21:50:33.430] Syncing: chain download in progress      synced=15.49% chain=319.99GiB headers=10,600,419@5.66GiB bodies=10,600,419@174.11GiB receipts=10,600,419@140.23GiB eta=61h54m20.246s
INFO [11-16|21:50:41.618] Syncing: chain download in progress      synced=15.49% chain=320.09GiB headers=10,601,670@5.66GiB bodies=10,601,670@174.16GiB receipts=10,601,670@140.28GiB eta=61h54m56.246s
INFO [11-16|21:50:49.715] Syncing: chain download in progress      synced=15.50% chain=320.19GiB headers=10,603,099@5.66GiB bodies=10,603,099@174.21GiB receipts=10,603,099@140.32GiB eta=61h55m22.134s
INFO [11-16|21:50:57.740] Syncing: chain download in progress      synced=15.50% chain=320.29GiB headers=10,604,366@5.66GiB bodies=10,604,366@174.26GiB receipts=10,604,366@140.37GiB eta=61h55m55.351s
INFO [11-16|21:51:05.847] Syncing: chain download in progress      synced=15.50% chain=320.38GiB headers=10,605,616@5.66GiB bodies=10,605,616@174.31GiB receipts=10,605,616@140.42GiB eta=61h56m30.367s
INFO [11-16|21:51:13.907] Syncing: chain download in progress      synced=15.50% chain=320.48GiB headers=10,606,990@5.66GiB bodies=10,606,990@174.36GiB receipts=10,606,990@140.46GiB eta=61h56m58.543s
INFO [11-16|21:51:21.973] Syncing: chain download in progress      synced=15.50% chain=320.58GiB headers=10,608,495@5.66GiB bodies=10,608,495@174.41GiB receipts=10,608,495@140.51GiB eta=61h57m20.141s
INFO [11-16|21:51:30.004] Syncing: chain download in progress      synced=15.51% chain=320.67GiB headers=10,609,947@5.66GiB bodies=10,609,947@174.46GiB receipts=10,609,947@140.55GiB eta=61h57m43.966s
INFO [11-16|21:51:38.048] Syncing: chain download in progress      synced=15.51% chain=320.78GiB headers=10,611,541@5.66GiB bodies=10,611,541@174.52GiB receipts=10,611,541@140.59GiB eta=61h58m0.709s
INFO [11-16|21:51:46.128] Syncing: chain download in progress      synced=15.51% chain=320.88GiB headers=10,613,244@5.66GiB bodies=10,613,244@174.58GiB receipts=10,613,244@140.64GiB eta=61h58m12.405s
INFO [11-16|21:51:54.145] Syncing: chain download in progress      synced=15.51% chain=320.98GiB headers=10,614,813@5.66GiB bodies=10,614,813@174.63GiB receipts=10,614,813@140.69GiB eta=61h58m30.109s
INFO [11-16|21:52:02.167] Syncing: chain download in progress      synced=15.52% chain=321.08GiB headers=10,616,290@5.66GiB bodies=10,616,290@174.69GiB receipts=10,616,290@140.73GiB eta=61h58m52.445s
WARN [11-16|21:52:06.542] Pivot seemingly stale, moving            old=68,422,638 new=68,422,702
INFO [11-16|21:52:06.543] Syncing: state download in progress      synced=12.02% state=113.89GiB      accounts=80,912,392@13.51GiB slots=468,796,264@96.61GiB codes=497,361@3.76GiB eta=37h16m18.820s
INFO [11-16|21:52:10.187] Syncing: chain download in progress      synced=15.52% chain=321.18GiB headers=10,617,810@5.67GiB bodies=10,617,810@174.74GiB receipts=10,617,810@140.77GiB eta=61h59m12.895s
INFO [11-16|21:52:18.213] Syncing: chain download in progress      synced=15.52% chain=321.28GiB headers=10,619,189@5.67GiB bodies=10,619,189@174.79GiB receipts=10,619,189@140.82GiB eta=61h59m40.230s
INFO [11-16|21:52:26.318] Syncing: chain download in progress      synced=15.52% chain=321.38GiB headers=10,620,663@5.67GiB bodies=10,620,663@174.85GiB receipts=10,620,663@140.87GiB eta=62h0m3.729s
INFO [11-16|21:52:34.343] Syncing: chain download in progress      synced=15.52% chain=321.48GiB headers=10,621,901@5.67GiB bodies=10,621,901@174.90GiB receipts=10,621,901@140.91GiB eta=62h0m38.080s
INFO [11-16|21:52:42.433] Syncing: chain download in progress      synced=15.53% chain=321.59GiB headers=10,623,114@5.67GiB bodies=10,623,114@174.96GiB receipts=10,623,114@140.96GiB eta=62h1m14.548s
INFO [11-16|21:52:50.475] Syncing: chain download in progress      synced=15.53% chain=321.69GiB headers=10,624,298@5.67GiB bodies=10,624,298@175.01GiB receipts=10,624,298@141.01GiB eta=62h1m51.821s
INFO [11-16|21:52:58.540] Syncing: chain download in progress      synced=15.53% chain=321.79GiB headers=10,625,453@5.67GiB bodies=10,625,453@175.06GiB receipts=10,625,453@141.05GiB eta=62h2m30.879s
INFO [11-16|21:53:06.622] Syncing: chain download in progress      synced=15.53% chain=321.89GiB headers=10,626,683@5.67GiB bodies=10,626,683@175.12GiB receipts=10,626,683@141.10GiB eta=62h3m6.294s
INFO [11-16|21:53:14.692] Syncing: chain download in progress      synced=15.53% chain=321.99GiB headers=10,628,128@5.67GiB bodies=10,628,128@175.17GiB receipts=10,628,128@141.15GiB eta=62h3m30.705s
INFO [11-16|21:53:22.819] Syncing: chain download in progress      synced=15.54% chain=322.09GiB headers=10,629,641@5.67GiB bodies=10,629,641@175.23GiB receipts=10,629,641@141.20GiB eta=62h3m52.308s
INFO [11-16|21:53:30.867] Syncing: chain download in progress      synced=15.54% chain=322.19GiB headers=10,631,380@5.67GiB bodies=10,631,380@175.27GiB receipts=10,631,380@141.24GiB eta=62h4m1.535s
INFO [11-16|21:53:38.921] Syncing: chain download in progress      synced=15.54% chain=322.29GiB headers=10,633,253@5.67GiB bodies=10,633,253@175.32GiB receipts=10,633,253@141.29GiB eta=62h4m4.118s
INFO [11-16|21:53:46.927] Syncing: chain download in progress      synced=15.54% chain=322.38GiB headers=10,634,890@5.68GiB bodies=10,634,890@175.37GiB receipts=10,634,890@141.33GiB eta=62h4m17.956s
INFO [11-16|21:53:54.988] Syncing: chain download in progress      synced=15.55% chain=322.47GiB headers=10,636,336@5.68GiB bodies=10,636,336@175.42GiB receipts=10,636,336@141.37GiB eta=62h4m42.067s
INFO [11-16|21:54:03.104] Syncing: chain download in progress      synced=15.55% chain=322.56GiB headers=10,637,917@5.68GiB bodies=10,637,917@175.47GiB receipts=10,637,917@141.42GiB eta=62h5m0.049s
INFO [11-16|21:54:11.143] Syncing: chain download in progress      synced=15.55% chain=322.66GiB headers=10,639,501@5.68GiB bodies=10,639,501@175.52GiB receipts=10,639,501@141.46GiB eta=62h5m16.978s
INFO [11-16|21:54:19.326] Syncing: chain download in progress      synced=15.55% chain=322.76GiB headers=10,641,224@5.68GiB bodies=10,641,224@175.57GiB receipts=10,641,224@141.51GiB eta=62h5m28.572s
WARN [11-16|21:54:21.585] Pivot seemingly stale, moving            old=68,422,702 new=68,422,766
INFO [11-16|21:54:21.622] Syncing: state download in progress      synced=12.02% state=113.89GiB      accounts=80,912,392@13.51GiB slots=468,796,264@96.61GiB codes=497,361@3.76GiB eta=37h47m58.837s
INFO [11-16|21:54:27.425] Syncing: chain download in progress      synced=15.55% chain=322.86GiB headers=10,642,924@5.68GiB bodies=10,642,924@175.62GiB receipts=10,642,924@141.56GiB eta=62h5m40.559s
INFO [11-16|21:54:35.509] Syncing: chain download in progress      synced=15.56% chain=322.96GiB headers=10,644,612@5.68GiB bodies=10,644,612@175.68GiB receipts=10,644,612@141.60GiB eta=62h5m52.691s
INFO [11-16|21:54:43.625] Syncing: chain download in progress      synced=15.56% chain=323.06GiB headers=10,646,175@5.68GiB bodies=10,646,175@175.73GiB receipts=10,646,175@141.65GiB eta=62h6m11.487s
INFO [11-16|21:54:51.654] Syncing: chain download in progress      synced=15.56% chain=323.16GiB headers=10,647,663@5.68GiB bodies=10,647,663@175.78GiB receipts=10,647,663@141.70GiB eta=62h6m32.999s
INFO [11-16|21:54:59.685] Syncing: chain download in progress      synced=15.56% chain=323.26GiB headers=10,649,183@5.68GiB bodies=10,649,183@175.83GiB receipts=10,649,183@141.75GiB eta=62h6m52.884s
INFO [11-16|21:55:07.708] Syncing: chain download in progress      synced=15.57% chain=323.36GiB headers=10,650,563@5.68GiB bodies=10,650,563@175.89GiB receipts=10,650,563@141.79GiB eta=62h7m19.721s
INFO [11-16|21:55:15.860] Syncing: chain download in progress      synced=15.57% chain=323.47GiB headers=10,651,845@5.69GiB bodies=10,651,845@175.94GiB receipts=10,651,845@141.84GiB eta=62h7m53.061s
INFO [11-16|21:55:23.938] Syncing: chain download in progress      synced=15.57% chain=323.56GiB headers=10,652,960@5.69GiB bodies=10,652,960@175.99GiB receipts=10,652,960@141.89GiB eta=62h8m33.862s
INFO [11-16|21:55:31.988] Syncing: chain download in progress      synced=15.57% chain=323.67GiB headers=10,654,133@5.69GiB bodies=10,654,133@176.05GiB receipts=10,654,133@141.94GiB eta=62h9m11.375s
INFO [11-16|21:55:40.051] Syncing: chain download in progress      synced=15.57% chain=323.77GiB headers=10,655,357@5.69GiB bodies=10,655,357@176.10GiB receipts=10,655,357@141.98GiB eta=62h9m46.436s
INFO [11-16|21:55:48.156] Syncing: chain download in progress      synced=15.58% chain=323.87GiB headers=10,656,921@5.69GiB bodies=10,656,921@176.15GiB receipts=10,656,921@142.03GiB eta=62h10m4.928s
INFO [11-16|21:55:56.203] Syncing: chain download in progress      synced=15.58% chain=323.97GiB headers=10,658,636@5.69GiB bodies=10,658,636@176.21GiB receipts=10,658,636@142.08GiB eta=62h10m15.093s
INFO [11-16|21:56:04.287] Syncing: chain download in progress      synced=15.58% chain=324.08GiB headers=10,660,446@5.69GiB bodies=10,660,446@176.26GiB receipts=10,660,446@142.13GiB eta=62h10m20.903s
INFO [11-16|21:56:12.396] Syncing: chain download in progress      synced=15.58% chain=324.18GiB headers=10,662,584@5.69GiB bodies=10,662,584@176.31GiB receipts=10,662,584@142.18GiB eta=62h10m10.539s
INFO [11-16|21:56:20.541] Syncing: chain download in progress      synced=15.59% chain=324.29GiB headers=10,664,604@5.69GiB bodies=10,664,604@176.37GiB receipts=10,664,604@142.23GiB eta=62h10m6.466s
WARN [11-16|21:56:26.718] Pivot seemingly stale, moving            old=68,422,766 new=68,422,830
INFO [11-16|21:56:26.799] Syncing: state download in progress      synced=12.02% state=113.89GiB      accounts=80,912,392@13.51GiB slots=468,796,264@96.61GiB codes=497,361@3.76GiB eta=38h2m51.208s
INFO [11-16|21:56:28.599] Syncing: chain download in progress      synced=15.59% chain=324.39GiB headers=10,666,520@5.69GiB bodies=10,666,520@176.42GiB receipts=10,666,520@142.27GiB eta=62h10m6.856s
INFO [11-16|21:56:36.732] Syncing: chain download in progress      synced=15.59% chain=324.49GiB headers=10,668,332@5.69GiB bodies=10,668,332@176.47GiB receipts=10,668,332@142.32GiB eta=62h10m13.176s
INFO [11-16|21:56:44.750] Syncing: chain download in progress      synced=15.59% chain=324.59GiB headers=10,670,108@5.70GiB bodies=10,670,108@176.52GiB receipts=10,670,108@142.37GiB eta=62h10m19.865s
INFO [11-16|21:56:52.806] Syncing: chain download in progress      synced=15.60% chain=324.69GiB headers=10,671,845@5.70GiB bodies=10,671,845@176.58GiB receipts=10,671,845@142.42GiB eta=62h10m28.899s
INFO [11-16|21:57:00.837] Syncing: chain download in progress      synced=15.60% chain=324.79GiB headers=10,673,612@5.70GiB bodies=10,673,612@176.63GiB receipts=10,673,612@142.46GiB eta=62h10m36.199s
INFO [11-16|21:57:08.871] Syncing: chain download in progress      synced=15.60% chain=324.89GiB headers=10,675,220@5.70GiB bodies=10,675,220@176.68GiB receipts=10,675,220@142.51GiB eta=62h10m51.449s
INFO [11-16|21:57:16.968] Syncing: chain download in progress      synced=15.60% chain=324.99GiB headers=10,676,821@5.70GiB bodies=10,676,821@176.74GiB receipts=10,676,821@142.56GiB eta=62h11m7.822s
INFO [11-16|21:57:25.031] Syncing: chain download in progress      synced=15.61% chain=325.09GiB headers=10,678,147@5.70GiB bodies=10,678,147@176.79GiB receipts=10,678,147@142.60GiB eta=62h11m37.559s
INFO [11-16|21:57:33.087] Syncing: chain download in progress      synced=15.61% chain=325.19GiB headers=10,679,434@5.70GiB bodies=10,679,434@176.84GiB receipts=10,679,434@142.65GiB eta=62h12m9.120s
INFO [11-16|21:57:41.155] Syncing: chain download in progress      synced=15.61% chain=325.29GiB headers=10,680,572@5.70GiB bodies=10,680,572@176.89GiB receipts=10,680,572@142.70GiB eta=62h12m48.245s
INFO [11-16|21:57:49.169] Syncing: chain download in progress      synced=15.61% chain=325.39GiB headers=10,681,597@5.70GiB bodies=10,681,597@176.95GiB receipts=10,681,597@142.74GiB eta=62h13m32.425s
INFO [11-16|21:57:57.253] Syncing: chain download in progress      synced=15.61% chain=325.50GiB headers=10,682,758@5.70GiB bodies=10,682,758@177.00GiB receipts=10,682,758@142.79GiB eta=62h14m10.591s
INFO [11-16|21:58:05.385] Syncing: chain download in progress      synced=15.61% chain=325.60GiB headers=10,683,582@5.70GiB bodies=10,683,582@177.06GiB receipts=10,683,582@142.83GiB eta=62h15m6.172s
INFO [11-16|21:58:13.439] Syncing: chain download in progress      synced=15.62% chain=325.70GiB headers=10,684,792@5.70GiB bodies=10,684,792@177.11GiB receipts=10,684,792@142.88GiB eta=62h15m41.430s
INFO [11-16|21:58:21.587] Syncing: chain download in progress      synced=15.62% chain=325.80GiB headers=10,686,344@5.71GiB bodies=10,686,344@177.17GiB receipts=10,686,344@142.93GiB eta=62h16m0.694s
INFO [11-16|21:58:29.665] Syncing: chain download in progress      synced=15.62% chain=325.90GiB headers=10,688,017@5.71GiB bodies=10,688,017@177.22GiB receipts=10,688,017@142.98GiB eta=62h16m13.020s
INFO [11-16|21:58:37.674] Syncing: chain download in progress      synced=15.62% chain=326.01GiB headers=10,689,944@5.71GiB bodies=10,689,944@177.27GiB receipts=10,689,944@143.03GiB eta=62h16m11.831s
WARN [11-16|21:58:40.804] Pivot seemingly stale, moving            old=68,422,830 new=68,422,894
INFO [11-16|21:58:40.853] Syncing: state download in progress      synced=12.02% state=113.89GiB      accounts=80,912,392@13.51GiB slots=468,796,264@96.61GiB codes=497,361@3.76GiB eta=38h17m34.702s
INFO [11-16|21:58:45.725] Syncing: chain download in progress      synced=15.63% chain=326.11GiB headers=10,691,963@5.71GiB bodies=10,691,963@177.33GiB receipts=10,691,963@143.07GiB eta=62h16m6.780s
INFO [11-16|21:58:53.908] Syncing: chain download in progress      synced=15.63% chain=326.21GiB headers=10,693,828@5.71GiB bodies=10,693,828@177.38GiB receipts=10,693,828@143.12GiB eta=62h16m10.680s
INFO [11-16|21:59:02.070] Syncing: chain download in progress      synced=15.63% chain=326.31GiB headers=10,695,631@5.71GiB bodies=10,695,631@177.43GiB receipts=10,695,631@143.17GiB eta=62h16m17.475s
INFO [11-16|21:59:10.073] Syncing: chain download in progress      synced=15.63% chain=326.41GiB headers=10,697,366@5.71GiB bodies=10,697,366@177.48GiB receipts=10,697,366@143.22GiB eta=62h16m25.804s
INFO [11-16|21:59:18.122] Syncing: chain download in progress      synced=15.64% chain=326.51GiB headers=10,699,102@5.71GiB bodies=10,699,102@177.53GiB receipts=10,699,102@143.26GiB eta=62h16m34.532s
INFO [11-16|21:59:26.182] Syncing: chain download in progress      synced=15.64% chain=326.61GiB headers=10,700,742@5.71GiB bodies=10,700,742@177.58GiB receipts=10,700,742@143.31GiB eta=62h16m48.250s
INFO [11-16|21:59:34.201] Syncing: chain download in progress      synced=15.64% chain=326.71GiB headers=10,702,270@5.71GiB bodies=10,702,270@177.64GiB receipts=10,702,270@143.36GiB eta=62h17m7.019s
INFO [11-16|21:59:42.343] Syncing: chain download in progress      synced=15.64% chain=326.81GiB headers=10,703,738@5.72GiB bodies=10,703,738@177.69GiB receipts=10,703,738@143.41GiB eta=62h17m30.291s
INFO [11-16|21:59:50.420] Syncing: chain download in progress      synced=15.65% chain=326.92GiB headers=10,705,180@5.72GiB bodies=10,705,180@177.74GiB receipts=10,705,180@143.46GiB eta=62h17m54.009s
INFO [11-16|21:59:58.564] Syncing: chain download in progress      synced=15.65% chain=327.01GiB headers=10,706,721@5.72GiB bodies=10,706,721@177.79GiB receipts=10,706,721@143.50GiB eta=62h18m13.590s
INFO [11-16|22:00:06.628] Syncing: chain download in progress      synced=15.65% chain=327.12GiB headers=10,708,216@5.72GiB bodies=10,708,216@177.85GiB receipts=10,708,216@143.55GiB eta=62h18m34.444s
INFO [11-16|22:00:14.771] Syncing: chain download in progress      synced=15.65% chain=327.22GiB headers=10,709,441@5.72GiB bodies=10,709,441@177.90GiB receipts=10,709,441@143.60GiB eta=62h19m9.736s
INFO [11-16|22:00:22.777] Syncing: chain download in progress      synced=15.65% chain=327.33GiB headers=10,710,275@5.72GiB bodies=10,710,275@177.97GiB receipts=10,710,275@143.65GiB eta=62h20m2.937s
INFO [11-16|22:00:30.808] Syncing: chain download in progress      synced=15.65% chain=327.44GiB headers=10,710,902@5.72GiB bodies=10,710,902@178.03GiB receipts=10,710,902@143.69GiB eta=62h21m6.753s
INFO [11-16|22:00:38.875] Syncing: chain download in progress      synced=15.66% chain=327.54GiB headers=10,711,985@5.72GiB bodies=10,711,985@178.08GiB receipts=10,711,985@143.74GiB eta=62h21m48.132s
INFO [11-16|22:00:46.960] Syncing: chain download in progress      synced=15.66% chain=327.64GiB headers=10,713,227@5.72GiB bodies=10,713,227@178.14GiB receipts=10,713,227@143.79GiB eta=62h22m21.793s
INFO [11-16|22:00:55.068] Syncing: chain download in progress      synced=15.66% chain=327.76GiB headers=10,714,685@5.72GiB bodies=10,714,685@178.20GiB receipts=10,714,685@143.84GiB eta=62h22m44.974s
WARN [11-16|22:00:58.864] Pivot seemingly stale, moving            old=68,422,894 new=68,422,958
INFO [11-16|22:00:58.865] Syncing: state download in progress      synced=12.02% state=113.89GiB      accounts=80,912,392@13.51GiB slots=468,796,264@96.61GiB codes=497,361@3.76GiB eta=38h32m14.238s
INFO [11-16|22:01:03.086] Syncing: chain download in progress      synced=15.66% chain=327.86GiB headers=10,716,369@5.72GiB bodies=10,716,369@178.26GiB receipts=10,716,369@143.88GiB eta=62h22m55.982s
INFO [11-16|22:01:11.094] Syncing: chain download in progress      synced=15.66% chain=327.96GiB headers=10,718,428@5.72GiB bodies=10,718,428@178.31GiB receipts=10,718,428@143.93GiB eta=62h22m47.911s
INFO [11-16|22:01:19.197] Syncing: chain download in progress      synced=15.67% chain=328.06GiB headers=10,720,511@5.72GiB bodies=10,720,511@178.36GiB receipts=10,720,511@143.97GiB eta=62h22m39.747s
INFO [11-16|22:01:27.310] Syncing: chain download in progress      synced=15.67% chain=328.16GiB headers=10,722,466@5.73GiB bodies=10,722,466@178.41GiB receipts=10,722,466@144.02GiB eta=62h22m38.140s
INFO [11-16|22:01:35.415] Syncing: chain download in progress      synced=15.67% chain=328.26GiB headers=10,724,495@5.73GiB bodies=10,724,495@178.47GiB receipts=10,724,495@144.07GiB eta=62h22m32.666s
INFO [11-16|22:01:43.445] Syncing: chain download in progress      synced=15.68% chain=328.36GiB headers=10,726,485@5.73GiB bodies=10,726,485@178.52GiB receipts=10,726,485@144.11GiB eta=62h22m28.326s
INFO [11-16|22:01:51.602] Syncing: chain download in progress      synced=15.68% chain=328.46GiB headers=10,728,338@5.73GiB bodies=10,728,338@178.57GiB receipts=10,728,338@144.16GiB eta=62h22m32.249s
INFO [11-16|22:01:59.720] Syncing: chain download in progress      synced=15.68% chain=328.56GiB headers=10,729,954@5.73GiB bodies=10,729,954@178.62GiB receipts=10,729,954@144.21GiB eta=62h22m47.537s
INFO [11-16|22:02:07.761] Syncing: chain download in progress      synced=15.68% chain=328.66GiB headers=10,731,259@5.73GiB bodies=10,731,259@178.67GiB receipts=10,731,259@144.26GiB eta=62h23m17.361s
INFO [11-16|22:02:15.824] Syncing: chain download in progress      synced=15.68% chain=328.74GiB headers=10,731,891@5.73GiB bodies=10,731,891@178.71GiB receipts=10,731,891@144.30GiB eta=62h24m20.899s
INFO [11-16|22:02:23.995] Syncing: chain download in progress      synced=15.69% chain=328.84GiB headers=10,732,683@5.73GiB bodies=10,732,683@178.76GiB receipts=10,732,683@144.35GiB eta=62h25m17.755s
INFO [11-16|22:02:32.079] Syncing: chain download in progress      synced=15.69% chain=328.94GiB headers=10,733,616@5.73GiB bodies=10,733,616@178.81GiB receipts=10,733,616@144.40GiB eta=62h26m6.560s
INFO [11-16|22:02:40.257] Syncing: chain download in progress      synced=15.69% chain=329.04GiB headers=10,734,526@5.73GiB bodies=10,734,526@178.85GiB receipts=10,734,526@144.45GiB eta=62h26m57.588s
INFO [11-16|22:02:48.269] Syncing: chain download in progress      synced=15.69% chain=329.13GiB headers=10,735,521@5.73GiB bodies=10,735,521@178.90GiB receipts=10,735,521@144.50GiB eta=62h27m42.398s
INFO [11-16|22:02:56.338] Syncing: chain download in progress      synced=15.69% chain=329.23GiB headers=10,736,967@5.73GiB bodies=10,736,967@178.96GiB receipts=10,736,967@144.54GiB eta=62h28m5.374s
INFO [11-16|22:03:04.413] Syncing: chain download in progress      synced=15.69% chain=329.34GiB headers=10,738,353@5.73GiB bodies=10,738,353@179.01GiB receipts=10,738,353@144.59GiB eta=62h28m31.409s
INFO [11-16|22:03:12.485] Syncing: chain download in progress      synced=15.70% chain=329.43GiB headers=10,739,501@5.74GiB bodies=10,739,501@179.06GiB receipts=10,739,501@144.64GiB eta=62h29m9.273s
WARN [11-16|22:03:17.036] Pivot seemingly stale, moving            old=68,422,958 new=68,423,022
INFO [11-16|22:03:17.037] Syncing: state download in progress      synced=12.02% state=113.89GiB      accounts=80,912,392@13.51GiB slots=468,796,264@96.61GiB codes=497,361@3.76GiB eta=38h46m53.614s
INFO [11-16|22:03:20.620] Syncing: chain download in progress      synced=15.70% chain=329.54GiB headers=10,740,654@5.74GiB bodies=10,740,654@179.11GiB receipts=10,740,654@144.69GiB eta=62h29m47.826s
INFO [11-16|22:03:28.662] Syncing: chain download in progress      synced=15.70% chain=329.63GiB headers=10,741,862@5.74GiB bodies=10,741,862@179.16GiB receipts=10,741,862@144.74GiB eta=62h30m22.280s
INFO [11-16|22:03:36.757] Syncing: chain download in progress      synced=15.70% chain=329.73GiB headers=10,743,364@5.74GiB bodies=10,743,364@179.21GiB receipts=10,743,364@144.79GiB eta=62h30m42.665s
INFO [11-16|22:03:44.803] Syncing: chain download in progress      synced=15.70% chain=329.84GiB headers=10,745,476@5.74GiB bodies=10,745,476@179.27GiB receipts=10,745,476@144.84GiB eta=62h30m32.175s
INFO [11-16|22:03:52.834] Syncing: chain download in progress      synced=15.71% chain=329.94GiB headers=10,747,507@5.74GiB bodies=10,747,507@179.31GiB receipts=10,747,507@144.88GiB eta=62h30m25.520s
INFO [11-16|22:04:00.847] Syncing: chain download in progress      synced=15.71% chain=330.04GiB headers=10,749,665@5.74GiB bodies=10,749,665@179.37GiB receipts=10,749,665@144.93GiB eta=62h30m12.313s
INFO [11-16|22:04:08.919] Syncing: chain download in progress      synced=15.71% chain=330.14GiB headers=10,751,732@5.74GiB bodies=10,751,732@179.42GiB receipts=10,751,732@144.98GiB eta=62h30m4.307s
INFO [11-16|22:04:16.936] Syncing: chain download in progress      synced=15.72% chain=330.24GiB headers=10,753,590@5.74GiB bodies=10,753,590@179.47GiB receipts=10,753,590@145.03GiB eta=62h30m6.112s
INFO [11-16|22:04:24.938] Syncing: chain download in progress      synced=15.72% chain=330.34GiB headers=10,755,359@5.74GiB bodies=10,755,359@179.52GiB receipts=10,755,359@145.07GiB eta=62h30m12.070s
INFO [11-16|22:04:33.012] Syncing: chain download in progress      synced=15.72% chain=330.44GiB headers=10,757,288@5.75GiB bodies=10,757,288@179.57GiB receipts=10,757,288@145.12GiB eta=62h30m11.002s
INFO [11-16|22:04:41.017] Syncing: chain download in progress      synced=15.72% chain=330.54GiB headers=10,758,939@5.75GiB bodies=10,758,939@179.63GiB receipts=10,758,939@145.17GiB eta=62h30m22.839s
INFO [11-16|22:04:49.143] Syncing: chain download in progress      synced=15.73% chain=330.64GiB headers=10,760,653@5.75GiB bodies=10,760,653@179.68GiB receipts=10,760,653@145.21GiB eta=62h30m32.988s
INFO [11-16|22:04:57.220] Syncing: chain download in progress      synced=15.73% chain=330.74GiB headers=10,762,348@5.75GiB bodies=10,762,348@179.73GiB receipts=10,762,348@145.26GiB eta=62h30m43.498s
INFO [11-16|22:05:05.352] Syncing: chain download in progress      synced=15.73% chain=330.84GiB headers=10,763,856@5.75GiB bodies=10,763,856@179.78GiB receipts=10,763,856@145.31GiB eta=62h31m3.905s
WARN [11-16|22:05:10.195] Pivot seemingly stale, moving            old=68,423,022 new=68,423,086
INFO [11-16|22:05:10.271] Syncing: state download in progress      synced=12.02% state=113.89GiB      accounts=80,912,392@13.51GiB slots=468,796,264@96.61GiB codes=497,361@3.76GiB eta=39h1m57.928s
INFO [11-16|22:05:13.392] Syncing: chain download in progress      synced=15.73% chain=330.95GiB headers=10,765,178@5.75GiB bodies=10,765,178@179.84GiB receipts=10,765,178@145.36GiB eta=62h31m32.667s
INFO [11-16|22:05:21.471] Syncing: chain download in progress      synced=15.73% chain=331.04GiB headers=10,766,215@5.75GiB bodies=10,766,215@179.88GiB receipts=10,766,215@145.40GiB eta=62h32m15.782s
INFO [11-16|22:05:29.563] Syncing: chain download in progress      synced=15.74% chain=331.13GiB headers=10,767,230@5.75GiB bodies=10,767,230@179.93GiB receipts=10,767,230@145.45GiB eta=62h33m0.076s
INFO [11-16|22:05:37.576] Syncing: chain download in progress      synced=15.74% chain=331.24GiB headers=10,768,498@5.75GiB bodies=10,768,498@179.98GiB receipts=10,768,498@145.50GiB eta=62h33m30.928s
INFO [11-16|22:05:45.598] Syncing: chain download in progress      synced=15.74% chain=331.34GiB headers=10,769,888@5.75GiB bodies=10,769,888@180.04GiB receipts=10,769,888@145.55GiB eta=62h33m55.824s
INFO [11-16|22:05:53.608] Syncing: chain download in progress      synced=15.74% chain=331.43GiB headers=10,771,398@5.75GiB bodies=10,771,398@180.08GiB receipts=10,771,398@145.59GiB eta=62h34m14.542s
INFO [11-16|22:06:01.650] Syncing: chain download in progress      synced=15.74% chain=331.53GiB headers=10,773,113@5.75GiB bodies=10,773,113@180.14GiB receipts=10,773,113@145.64GiB eta=62h34m23.522s
INFO [11-16|22:06:09.703] Syncing: chain download in progress      synced=15.75% chain=331.64GiB headers=10,775,139@5.76GiB bodies=10,775,139@180.19GiB receipts=10,775,139@145.69GiB eta=62h34m17.219s
INFO [11-16|22:06:17.774] Syncing: chain download in progress      synced=15.75% chain=331.74GiB headers=10,777,299@5.76GiB bodies=10,777,299@180.24GiB receipts=10,777,299@145.74GiB eta=62h34m4.456s
INFO [11-16|22:06:25.861] Syncing: chain download in progress      synced=15.75% chain=331.84GiB headers=10,779,082@5.76GiB bodies=10,779,082@180.29GiB receipts=10,779,082@145.79GiB eta=62h34m10.574s
INFO [11-16|22:06:34.056] Syncing: chain download in progress      synced=15.76% chain=331.94GiB headers=10,780,913@5.76GiB bodies=10,780,913@180.34GiB receipts=10,780,913@145.84GiB eta=62h34m15.524s
INFO [11-16|22:06:42.217] Syncing: chain download in progress      synced=15.76% chain=332.03GiB headers=10,782,640@5.76GiB bodies=10,782,640@180.39GiB receipts=10,782,640@145.88GiB eta=62h34m25.203s
INFO [11-16|22:06:50.313] Syncing: chain download in progress      synced=15.76% chain=332.13GiB headers=10,784,523@5.76GiB bodies=10,784,523@180.44GiB receipts=10,784,523@145.93GiB eta=62h34m26.432s
INFO [11-16|22:06:58.485] Syncing: chain download in progress      synced=15.76% chain=332.23GiB headers=10,786,329@5.76GiB bodies=10,786,329@180.49GiB receipts=10,786,329@145.98GiB eta=62h34m32.400s
INFO [11-16|22:07:06.505] Syncing: chain download in progress      synced=15.77% chain=332.33GiB headers=10,788,148@5.76GiB bodies=10,788,148@180.54GiB receipts=10,788,148@146.03GiB eta=62h34m35.895s
WARN [11-16|22:07:11.281] Pivot seemingly stale, moving            old=68,423,086 new=68,423,150
INFO [11-16|22:07:11.344] Syncing: state download in progress      synced=12.02% state=113.89GiB      accounts=80,912,392@13.51GiB slots=468,796,264@96.61GiB codes=497,361@3.76GiB eta=39h16m54.403s
INFO [11-16|22:07:14.602] Syncing: chain download in progress      synced=15.77% chain=332.43GiB headers=10,789,912@5.76GiB bodies=10,789,912@180.59GiB receipts=10,789,912@146.07GiB eta=62h34m43.197s
INFO [11-16|22:07:22.643] Syncing: chain download in progress      synced=15.77% chain=332.53GiB headers=10,791,734@5.77GiB bodies=10,791,734@180.64GiB receipts=10,791,734@146.12GiB eta=62h34m46.795s
INFO [11-16|22:07:30.705] Syncing: chain download in progress      synced=15.77% chain=332.63GiB headers=10,793,187@5.77GiB bodies=10,793,187@180.70GiB receipts=10,793,187@146.17GiB eta=62h35m8.777s
INFO [11-16|22:07:38.878] Syncing: chain download in progress      synced=15.78% chain=332.74GiB headers=10,794,469@5.77GiB bodies=10,794,469@180.75GiB receipts=10,794,469@146.22GiB eta=62h35m40.532s
INFO [11-16|22:07:46.893] Syncing: chain download in progress      synced=15.78% chain=332.84GiB headers=10,795,508@5.77GiB bodies=10,795,508@180.81GiB receipts=10,795,508@146.26GiB eta=62h36m22.399s
INFO [11-16|22:07:54.898] Syncing: chain download in progress      synced=15.78% chain=332.93GiB headers=10,796,535@5.77GiB bodies=10,796,535@180.86GiB receipts=10,796,535@146.30GiB eta=62h37m4.714s
INFO [11-16|22:08:02.911] Syncing: chain download in progress      synced=15.78% chain=333.03GiB headers=10,797,996@5.77GiB bodies=10,797,996@180.91GiB receipts=10,797,996@146.35GiB eta=62h37m25.679s
INFO [11-16|22:08:11.044] Syncing: chain download in progress      synced=15.78% chain=333.13GiB headers=10,799,896@5.77GiB bodies=10,799,896@180.96GiB receipts=10,799,896@146.40GiB eta=62h37m26.371s
INFO [11-16|22:08:19.073] Syncing: chain download in progress      synced=15.79% chain=333.24GiB headers=10,802,288@5.77GiB bodies=10,802,288@181.02GiB receipts=10,802,288@146.45GiB eta=62h37m1.628s
INFO [11-16|22:08:27.203] Syncing: chain download in progress      synced=15.79% chain=333.34GiB headers=10,804,611@5.77GiB bodies=10,804,611@181.07GiB receipts=10,804,611@146.50GiB eta=62h36m41.419s
INFO [11-16|22:08:35.350] Syncing: chain download in progress      synced=15.79% chain=333.44GiB headers=10,806,954@5.77GiB bodies=10,806,954@181.12GiB receipts=10,806,954@146.54GiB eta=62h36m20.442s
INFO [11-16|22:08:43.393] Syncing: chain download in progress      synced=15.80% chain=333.54GiB headers=10,809,171@5.78GiB bodies=10,809,171@181.17GiB receipts=10,809,171@146.59GiB eta=62h36m4.453s
INFO [11-16|22:08:51.408] Syncing: chain download in progress      synced=15.80% chain=333.63GiB headers=10,811,364@5.78GiB bodies=10,811,364@181.22GiB receipts=10,811,364@146.64GiB eta=62h35m49.365s
WARN [11-16|22:08:59.351] Pivot seemingly stale, moving            old=68,423,150 new=68,423,214
INFO [11-16|22:08:59.406] Syncing: state download in progress      synced=12.02% state=113.89GiB      accounts=80,912,392@13.51GiB slots=468,796,264@96.61GiB codes=497,361@3.76GiB eta=39h32m3.890s
INFO [11-16|22:08:59.484] Syncing: chain download in progress      synced=15.80% chain=333.74GiB headers=10,813,858@5.78GiB bodies=10,813,858@181.27GiB receipts=10,813,858@146.69GiB eta=62h35m20.388s
INFO [11-16|22:09:07.550] Syncing: chain download in progress      synced=15.81% chain=333.84GiB headers=10,816,081@5.78GiB bodies=10,816,081@181.33GiB receipts=10,816,081@146.73GiB eta=62h35m4.435s
INFO [11-16|22:09:15.692] Syncing: chain download in progress      synced=15.81% chain=333.95GiB headers=10,818,371@5.78GiB bodies=10,818,371@181.38GiB receipts=10,818,371@146.79GiB eta=62h34m46.089s
INFO [11-16|22:09:23.727] Syncing: chain download in progress      synced=15.81% chain=334.05GiB headers=10,820,333@5.78GiB bodies=10,820,333@181.43GiB receipts=10,820,333@146.84GiB eta=62h34m42.563s
WARN [11-16|22:09:31.023] Disk space is running low. Geth will shutdown if disk space runs below critical level. available=377.48MiB critical_level=256.00MiB path=/home/alessio/Projects/bsc/bsc-data-minimal/geth
INFO [11-16|22:09:31.747] Syncing: chain download in progress      synced=15.82% chain=334.15GiB headers=10,822,038@5.78GiB bodies=10,822,038@181.48GiB receipts=10,822,038@146.88GiB eta=62h34m51.505s
INFO [11-16|22:09:39.893] Syncing: chain download in progress      synced=15.82% chain=334.25GiB headers=10,823,706@5.78GiB bodies=10,823,706@181.54GiB receipts=10,823,706@146.93GiB eta=62h35m3.758s
INFO [11-16|22:09:48.016] Syncing: chain download in progress      synced=15.82% chain=334.35GiB headers=10,825,230@5.78GiB bodies=10,825,230@181.59GiB receipts=10,825,230@146.98GiB eta=62h35m22.737s
INFO [11-16|22:09:56.120] Syncing: chain download in progress      synced=15.82% chain=334.45GiB headers=10,826,875@5.79GiB bodies=10,826,875@181.64GiB receipts=10,826,875@147.02GiB eta=62h35m35.596s
WARN [11-16|22:10:00.665] Truncating freezer table                 database=/home/alessio/Projects/bsc/bsc-data-minimal/geth/chaindata/ancient/chain table=headers items=10,828,010 limit=10,827,940
WARN [11-16|22:10:00.665] Truncating freezer table                 database=/home/alessio/Projects/bsc/bsc-data-minimal/geth/chaindata/ancient/chain table=hashes items=10,828,010 limit=10,827,940
WARN [11-16|22:10:00.666] Truncating freezer table                 database=/home/alessio/Projects/bsc/bsc-data-minimal/geth/chaindata/ancient/chain table=bodies items=10,828,010 limit=10,827,940
WARN [11-16|22:10:00.667] Truncating freezer table                 database=/home/alessio/Projects/bsc/bsc-data-minimal/geth/chaindata/ancient/chain table=diffs items=10,828,010 limit=10,827,940
ERROR[11-16|22:10:00.667] Error importing chain data to ancients   err="write /home/alessio/Projects/bsc/bsc-data-minimal/geth/chaindata/ancient/chain/receipts.0078.cdat: no space left on device"
INFO [11-16|22:10:00.668] Syncing: state download in progress      synced=12.02% state=113.89GiB      accounts=80,912,392@13.51GiB slots=468,796,264@96.61GiB codes=497,361@3.76GiB eta=39h31m2.628s
WARN [11-16|22:10:00.669] Synchronisation failed, dropping peer    peer=4c6d7664437696a2209b3fc6ad805db5f50a28011fd79b00be8e3a00ad5e3b97 name=Geth/v1.5.17/linux-a... td=136,246,183 err="retrieved hash chain is invalid: write /home/alessio/Projects/bsc/bsc-data-minimal/geth/chaindata/ancient/chain/receipts.0078.cdat: no space left on device"
ERROR[11-16|22:10:00.669] Reject duplicated disable operation
ERROR[11-16|22:10:01.024] Low disk space. Gracefully shutting down Geth to prevent database corruption. available=1.92MiB   path=/home/alessio/Projects/bsc/bsc-data-minimal/geth
INFO [11-16|22:10:01.025] Got interrupt, shutting down...
INFO [11-16|22:10:01.025] HTTP server stopped                      endpoint=127.0.0.1:8545
INFO [11-16|22:10:01.025] HTTP server stopped                      endpoint=127.0.0.1:8546
INFO [11-16|22:10:01.026] IPC endpoint closed                      url=/home/alessio/Projects/bsc/bsc-data-minimal/geth.ipc
INFO [11-16|22:10:02.075] Keeping suspended storage retrieval      account=0d858c..25b9db
INFO [11-16|22:10:02.091] Keeping suspended storage retrieval      account=1852da..cc75e6
INFO [11-16|22:10:02.188] Syncing: state download in progress      synced=12.02% state=113.89GiB      accounts=80,912,392@13.51GiB slots=468,797,317@96.61GiB codes=497,361@3.76GiB eta=39h31m1.398s
WARN [11-16|22:10:02.189] Synchronisation failed, dropping peer    peer=746db85ab4f94f7f6b440f129eca550e3325859dfe8b72198941092a657165a7 name=Geth/v1.6.101-ef3b57... td=136,287,417 err="retrieved hash chain is invalid: syncing canceled (requested)"
INFO [11-16|22:10:02.190] Ethereum protocol stopped
INFO [11-16|22:10:02.190] Transaction pool stopped
INFO [11-16|22:10:02.190] Failed to journal in-memory trie nodes   err="triedb layer [0x919fcc7ad870b53db0aa76eb588da06bacb6d230195100699fc928511003b422] missing"
INFO [11-16|22:10:02.193] Blockchain stopped
INFO [11-16|22:10:02.260] Stopping Imbalance Prediction Engine
INFO [11-16|22:10:02.260] Stopped BSC Imbalance Predictor
